image_id,klass,source,source_url,orig_path,orig_filename,width,height,added_at
5c157ab6250368ab3e9947b4a07614644f8e8794,lager,bing,,data/raw/bing/lager/lager_beer_in_glass_at_bar_-bottle_-can_-logo_-mockup_-illustration/000026.jpg,000026.jpg,1000,667,2025-10-04T18:00:21Z
f5919fa1605f852dcc8b4d80ac4dc1376c57a8e7,lager,bing,,data/raw/bing/lager/lager_beer_in_glass_at_bar_-bottle_-can_-logo_-mockup_-illustration/000032.jpg,000032.jpg,800,533,2025-10-04T18:00:21Z
8960123252d5bbd4c251a3d452e955553701228a,lager,bing,,data/raw/bing/lager/lager_beer_in_glass_at_bar_-bottle_-can_-logo_-mockup_-illustration/000033.jpg,000033.jpg,1000,667,2025-10-04T18:00:21Z
a50a5b43662152fcd023af3e1600abe6bdf3c17d,lager,bing,,data/raw/bing/lager/lager_beer_in_glass_at_bar_-bottle_-can_-logo_-mockup_-illustration/000019.jpg,000019.jpg,1300,1040,2025-10-04T18:00:21Z
0b56d01b6d13c3e2361719466d985296721e4aa8,lager,bing,,data/raw/bing/lager/lager_beer_in_glass_at_bar_-bottle_-can_-logo_-mockup_-illustration/000031.jpg,000031.jpg,1000,667,2025-10-04T18:00:21Z
0fbf394be675111ac5d0872e2b0df344d2bf9c85,lager,bing,,data/raw/bing/lager/lager_beer_in_glass_at_bar_-bottle_-can_-logo_-mockup_-illustration/000025.jpg,000025.jpg,1067,1690,2025-10-04T18:00:21Z
b4d072ae6a09f3dd82bbefe7fa853d31393e8101,lager,bing,,data/raw/bing/lager/lager_beer_in_glass_at_bar_-bottle_-can_-logo_-mockup_-illustration/000024.jpg,000024.jpg,866,1390,2025-10-04T18:00:21Z
11d73ed1b1f720421c36e904417d53c76b151272,lager,bing,,data/raw/bing/lager/lager_beer_in_glass_at_bar_-bottle_-can_-logo_-mockup_-illustration/000030.jpg,000030.jpg,667,1000,2025-10-04T18:00:21Z
232769fc663db16c9055a87cc93d3ac2ac5202d6,lager,bing,,data/raw/bing/lager/lager_beer_in_glass_at_bar_-bottle_-can_-logo_-mockup_-illustration/000018.jpg,000018.jpg,942,1390,2025-10-04T18:00:21Z
47f2517445a2231d3429fa142017c302d22ce579,lager,bing,,data/raw/bing/lager/lager_beer_in_glass_at_bar_-bottle_-can_-logo_-mockup_-illustration/000034.jpg,000034.jpg,1000,667,2025-10-04T18:00:21Z
82c11d77c156eb17654562cb359d58ba24dda19b,lager,bing,,data/raw/bing/lager/lager_beer_in_glass_at_bar_-bottle_-can_-logo_-mockup_-illustration/000020.jpg,000020.jpg,866,1390,2025-10-04T18:00:21Z
adc5d0bb783efe98fc77dff499059ef150ed9ef0,lager,bing,,data/raw/bing/lager/lager_beer_in_glass_at_bar_-bottle_-can_-logo_-mockup_-illustration/000008.jpg,000008.jpg,1300,941,2025-10-04T18:00:21Z
46a21a5291dc37a37abe8e5b1354dd7ff0268ab0,lager,bing,,data/raw/bing/lager/lager_beer_in_glass_at_bar_-bottle_-can_-logo_-mockup_-illustration/000021.jpg,000021.jpg,853,1390,2025-10-04T18:00:21Z
aab1d9b41dba3e55b539afb5c54ef37482d54e07,lager,bing,,data/raw/bing/lager/lager_beer_in_glass_at_bar_-bottle_-can_-logo_-mockup_-illustration/000035.jpg,000035.jpg,1300,956,2025-10-04T18:00:21Z
e720b60e36ff77d4d3a8d095fb2fac071caae76e,lager,bing,,data/raw/bing/lager/lager_beer_in_glass_at_bar_-bottle_-can_-logo_-mockup_-illustration/000023.jpg,000023.jpg,1500,1500,2025-10-04T18:00:21Z
a57ed5db6f2e9dadc600d4dde4cf5abe8ac8e4b5,lager,bing,,data/raw/bing/lager/lager_beer_in_glass_at_bar_-bottle_-can_-logo_-mockup_-illustration/000037.jpg,000037.jpg,1000,667,2025-10-04T18:00:21Z
dedc6e93b932d7481b933c7eb30386f26944f5a4,lager,bing,,data/raw/bing/lager/lager_beer_in_glass_at_bar_-bottle_-can_-logo_-mockup_-illustration/000036.jpg,000036.jpg,1000,667,2025-10-04T18:00:21Z
d2a4c8a43e1f91be0e15ed13e787b3da9d8a6032,lager,bing,,data/raw/bing/lager/lager_beer_in_glass_at_bar_-bottle_-can_-logo_-mockup_-illustration/000022.jpg,000022.jpg,1000,667,2025-10-04T18:00:21Z
f46feac1538f963c4e7c4a8accc8c9a1eb7503d2,lager,bing,,data/raw/bing/lager/lager_beer_in_glass_at_bar_-bottle_-can_-logo_-mockup_-illustration/000079.jpg,000079.jpg,1024,1024,2025-10-04T18:00:21Z
919ef0552dd2689e8d307edc70773766fcb16e8e,lager,bing,,data/raw/bing/lager/lager_beer_in_glass_at_bar_-bottle_-can_-logo_-mockup_-illustration/000045.jpg,000045.jpg,1000,667,2025-10-04T18:00:21Z
6e8856802a4603a93ed1295dda2f2651a4512d5a,lager,bing,,data/raw/bing/lager/lager_beer_in_glass_at_bar_-bottle_-can_-logo_-mockup_-illustration/000051.jpg,000051.jpg,1200,1690,2025-10-04T18:00:21Z
7672cc147ccbe63d47e6a1bccc69b194524fe0d0,lager,bing,,data/raw/bing/lager/lager_beer_in_glass_at_bar_-bottle_-can_-logo_-mockup_-illustration/000044.jpg,000044.jpg,1300,956,2025-10-04T18:00:21Z
ad40a86c596c44deeab3ddf65dfb547b86ab81dd,lager,bing,,data/raw/bing/lager/lager_beer_in_glass_at_bar_-bottle_-can_-logo_-mockup_-illustration/000052.jpg,000052.jpg,1000,667,2025-10-04T18:00:21Z
5e3dc5f6599d24c2ec3d5d1d260639aa3a4b238b,lager,bing,,data/raw/bing/lager/lager_beer_in_glass_at_bar_-bottle_-can_-logo_-mockup_-illustration/000046.jpg,000046.jpg,1000,667,2025-10-04T18:00:21Z
43f982f3e0cbbfc7c72879c7a2b9c7b7a1127e73,lager,bing,,data/raw/bing/lager/lager_beer_in_glass_at_bar_-bottle_-can_-logo_-mockup_-illustration/000085.jpg,000085.jpg,600,900,2025-10-04T18:00:21Z
dfd582c4293b8d30cb7d66989b9413322fb7c1fb,lager,bing,,data/raw/bing/lager/lager_beer_in_glass_at_bar_-bottle_-can_-logo_-mockup_-illustration/000084.jpg,000084.jpg,1600,1155,2025-10-04T18:00:21Z
b3f9ea75a5312b8a3aafd64dfdadc55a06842217,lager,bing,,data/raw/bing/lager/lager_beer_in_glass_at_bar_-bottle_-can_-logo_-mockup_-illustration/000047.jpg,000047.jpg,960,960,2025-10-04T18:00:21Z
e083bd1af59f1dd318fb300d831e0b08906fca68,lager,bing,,data/raw/bing/lager/lager_beer_in_glass_at_bar_-bottle_-can_-logo_-mockup_-illustration/000053.jpg,000053.jpg,960,960,2025-10-04T18:00:21Z
74bb24854d50eaa4fd6ea9dcae6b0602b1903a37,lager,bing,,data/raw/bing/lager/lager_beer_in_glass_at_bar_-bottle_-can_-logo_-mockup_-illustration/000057.jpg,000057.jpg,1300,956,2025-10-04T18:00:21Z
637c759a395a7e1c029a222680f494c1af284ee3,lager,bing,,data/raw/bing/lager/lager_beer_in_glass_at_bar_-bottle_-can_-logo_-mockup_-illustration/000043.jpg,000043.jpg,1000,667,2025-10-04T18:00:21Z
217044e726d5cd01214873ab9ad923deb570bc46,lager,bing,,data/raw/bing/lager/lager_beer_in_glass_at_bar_-bottle_-can_-logo_-mockup_-illustration/000080.jpg,000080.jpg,800,600,2025-10-04T18:00:21Z
9a071a445d5166983d56e0dec2826f0f7c8d6a98,lager,bing,,data/raw/bing/lager/lager_beer_in_glass_at_bar_-bottle_-can_-logo_-mockup_-illustration/000081.jpg,000081.jpg,599,900,2025-10-04T18:00:21Z
618842eae033c96955a070200a509342932ce560,lager,bing,,data/raw/bing/lager/lager_beer_in_glass_at_bar_-bottle_-can_-logo_-mockup_-illustration/000042.jpg,000042.jpg,1000,667,2025-10-04T18:00:21Z
1141adf9f40515e839e0fe6fcc3749677b5f5899,lager,bing,,data/raw/bing/lager/lager_beer_in_glass_at_bar_-bottle_-can_-logo_-mockup_-illustration/000056.jpg,000056.jpg,866,1390,2025-10-04T18:00:21Z
c511b521779cb224c23aad6f4fdab92abe66491c,lager,bing,,data/raw/bing/lager/lager_beer_in_glass_at_bar_-bottle_-can_-logo_-mockup_-illustration/000040.jpg,000040.jpg,1000,667,2025-10-04T18:00:21Z
01e9f45f3b78346b7528cf9bb475d2d49cf0914a,lager,bing,,data/raw/bing/lager/lager_beer_in_glass_at_bar_-bottle_-can_-logo_-mockup_-illustration/000068.jpg,000068.jpg,600,900,2025-10-04T18:00:21Z
2f99a4e5249c2510217422dbf96e83de83dbcffb,lager,bing,,data/raw/bing/lager/lager_beer_in_glass_at_bar_-bottle_-can_-logo_-mockup_-illustration/000083.jpg,000083.jpg,867,1390,2025-10-04T18:00:21Z
c8e1843f614c85ed761c040882174b182465f860,lager,bing,,data/raw/bing/lager/lager_beer_in_glass_at_bar_-bottle_-can_-logo_-mockup_-illustration/000082.jpg,000082.jpg,600,600,2025-10-04T18:00:21Z
6c6d7e3d8f12347775b8e3489620234ea23424c6,lager,bing,,data/raw/bing/lager/lager_beer_in_glass_at_bar_-bottle_-can_-logo_-mockup_-illustration/000069.jpg,000069.jpg,2500,1970,2025-10-04T18:00:21Z
40dea5144bcd8c3180fc92e6008ae98bda51b467,lager,bing,,data/raw/bing/lager/lager_beer_in_glass_at_bar_-bottle_-can_-logo_-mockup_-illustration/000055.jpg,000055.jpg,1300,821,2025-10-04T18:00:21Z
57ca935b886ee61ccf339cbac9777194d7a387a6,lager,bing,,data/raw/bing/lager/lager_beer_in_glass_at_bar_-bottle_-can_-logo_-mockup_-illustration/000041.jpg,000041.jpg,1000,667,2025-10-04T18:00:21Z
ce9ba9eada999a77be04068a0df001826a2b2452,lager,bing,,data/raw/bing/lager/lager_beer_in_glass_at_bar_-bottle_-can_-logo_-mockup_-illustration/000058.jpg,000058.jpg,1067,1690,2025-10-04T18:00:21Z
7d813180dac88a4646b8906fbb795d95fcf8e5a7,lager,bing,,data/raw/bing/lager/lager_beer_in_glass_at_bar_-bottle_-can_-logo_-mockup_-illustration/000064.jpg,000064.jpg,1000,1000,2025-10-04T18:00:21Z
15b77b27e81f540cc521a128327bf3f7249766f8,lager,bing,,data/raw/bing/lager/lager_beer_in_glass_at_bar_-bottle_-can_-logo_-mockup_-illustration/000070.jpg,000070.jpg,716,1690,2025-10-04T18:00:21Z
bfc39cbfcbb9f44b799c53aa7f6970cbbefb804c,lager,bing,,data/raw/bing/lager/lager_beer_in_glass_at_bar_-bottle_-can_-logo_-mockup_-illustration/000071.jpg,000071.jpg,1000,667,2025-10-04T18:00:21Z
9265036782975efab83dfc5ddeed18d9391552fa,lager,bing,,data/raw/bing/lager/lager_beer_in_glass_at_bar_-bottle_-can_-logo_-mockup_-illustration/000065.jpg,000065.jpg,1067,1690,2025-10-04T18:00:21Z
aeae0f417119d2c84a5f724f3f74efb2ee12eb45,lager,bing,,data/raw/bing/lager/lager_beer_in_glass_at_bar_-bottle_-can_-logo_-mockup_-illustration/000059.jpg,000059.jpg,1600,1157,2025-10-04T18:00:21Z
a7f4024a0b0d5dfd988abd40a2969ca3fc6e285f,lager,bing,,data/raw/bing/lager/lager_beer_in_glass_at_bar_-bottle_-can_-logo_-mockup_-illustration/000067.jpg,000067.jpg,4032,3024,2025-10-04T18:00:21Z
c93f697397dc260179237a42fae8353be545485f,lager,bing,,data/raw/bing/lager/lager_beer_in_glass_at_bar_-bottle_-can_-logo_-mockup_-illustration/000066.jpg,000066.jpg,1000,667,2025-10-04T18:00:21Z
8aa18c452e2c7e8e41ef35a9e9ab2bc404b9ad4d,lager,bing,,data/raw/bing/lager/lager_beer_in_glass_at_bar_-bottle_-can_-logo_-mockup_-illustration/000072.jpg,000072.jpg,682,1023,2025-10-04T18:00:21Z
2c088911eab6cc76011c54a651c2dacc60e45c4e,lager,bing,,data/raw/bing/lager/lager_beer_in_glass_at_bar_-bottle_-can_-logo_-mockup_-illustration/000062.jpg,000062.jpg,900,900,2025-10-04T18:00:21Z
90eaadfdbcc400916ab00fc826aeb07eb195c1fb,lager,bing,,data/raw/bing/lager/lager_beer_in_glass_at_bar_-bottle_-can_-logo_-mockup_-illustration/000063.jpg,000063.jpg,1067,1690,2025-10-04T18:00:21Z
9572b0d396282e80667ee7a85e099ef0398ad084,lager,bing,,data/raw/bing/lager/lager_beer_in_glass_at_bar_-bottle_-can_-logo_-mockup_-illustration/000061.jpg,000061.jpg,767,1024,2025-10-04T18:00:21Z
38c6bc5f9ec636ea913db379420e8702cc4128c6,lager,bing,,data/raw/bing/lager/lager_beer_in_glass_at_bar_-bottle_-can_-logo_-mockup_-illustration/000075.jpg,000075.jpg,5712,4284,2025-10-04T18:00:21Z
d7396903dc1f47deee9d4446a1afdbee3048e2c6,lager,bing,,data/raw/bing/lager/lager_beer_in_glass_at_bar_-bottle_-can_-logo_-mockup_-illustration/000048.jpg,000048.jpg,1066,1600,2025-10-04T18:00:21Z
88b221b05f9cf93e6e46fdf0dc5e52d24ec6c794,lager,bing,,data/raw/bing/lager/lager_beer_in_glass_at_bar_-bottle_-can_-logo_-mockup_-illustration/000074.jpg,000074.jpg,1114,1690,2025-10-04T18:00:21Z
5d248263897b7352eb000b10316b2f74c8f2b44a,lager,bing,,data/raw/bing/lager/lager_beer_in_glass_at_bar_-bottle_-can_-logo_-mockup_-illustration/000060.jpg,000060.jpg,1067,1690,2025-10-04T18:00:21Z
fb1dbe97fddf72fa58663e758dfe8210df4463a3,lager,bing,,data/raw/bing/lager/lager_beer_in_glass_at_bar_-bottle_-can_-logo_-mockup_-illustration/000007.jpg,000007.jpg,1600,2134,2025-10-04T18:00:21Z
6e8b066eaf145c7087fe1fdc55ca1916b1eafe8e,lager,bing,,data/raw/bing/lager/lager_beer_in_glass_at_bar_-bottle_-can_-logo_-mockup_-illustration/000006.jpg,000006.jpg,1300,1390,2025-10-04T18:00:21Z
fc70098db2d4b345bf9cc5b5dcd62b5714634c31,lager,bing,,data/raw/bing/lager/lager_beer_in_glass_at_bar_-bottle_-can_-logo_-mockup_-illustration/000038.jpg,000038.jpg,1000,667,2025-10-04T18:00:21Z
877447ac873e83b917995889a0608dbc0da460a9,lager,bing,,data/raw/bing/lager/lager_beer_in_glass_at_bar_-bottle_-can_-logo_-mockup_-illustration/000010.jpg,000010.jpg,866,1390,2025-10-04T18:00:21Z
758f9a738fb847496a6d8459fe41167bfb5134ed,lager,bing,,data/raw/bing/lager/lager_beer_in_glass_at_bar_-bottle_-can_-logo_-mockup_-illustration/000004.jpg,000004.jpg,866,1390,2025-10-04T18:00:21Z
98fa5f1ecb65c62ca91ccdb8d07ac7272dfce525,lager,bing,,data/raw/bing/lager/lager_beer_in_glass_at_bar_-bottle_-can_-logo_-mockup_-illustration/000039.jpg,000039.jpg,800,533,2025-10-04T18:00:21Z
88f35454921979fe0b141dc51aec651bd503d277,lager,bing,,data/raw/bing/lager/lager_beer_in_glass_at_bar_-bottle_-can_-logo_-mockup_-illustration/000015.jpg,000015.jpg,1301,1124,2025-10-04T18:00:21Z
9d95727065f6347b8af0024410d11d2ef758b7e8,lager,bing,,data/raw/bing/lager/lager_beer_in_glass_at_bar_-bottle_-can_-logo_-mockup_-illustration/000001.jpg,000001.jpg,871,1390,2025-10-04T18:00:21Z
e199843c7f27040fe475a61978e2265302bd4e39,lager,bing,,data/raw/bing/lager/lager_beer_in_glass_at_bar_-bottle_-can_-logo_-mockup_-illustration/000029.jpg,000029.jpg,977,1390,2025-10-04T18:00:21Z
4c9d60a73a963189f46e23e027e7fc32da7f40aa,lager,bing,,data/raw/bing/lager/lager_beer_in_glass_at_bar_-bottle_-can_-logo_-mockup_-illustration/000028.jpg,000028.jpg,1063,1690,2025-10-04T18:00:21Z
05598fccb2efa3a6e7480b6c161c557b9c2cd7cd,lager,bing,,data/raw/bing/lager/lager_beer_in_glass_at_bar_-bottle_-can_-logo_-mockup_-illustration/000014.jpg,000014.jpg,1173,1467,2025-10-04T18:00:21Z
2f56e6b79e7960895262d735ae051d10165d8499,lager,bing,,data/raw/bing/lager/lager_beer_in_glass_at_bar_-bottle_-can_-logo_-mockup_-illustration/000002.jpg,000002.jpg,866,1390,2025-10-04T18:00:21Z
5665158579d6fd9edd168565bc839dd5439aa03c,lager,bing,,data/raw/bing/lager/lager_beer_in_glass_at_bar_-bottle_-can_-logo_-mockup_-illustration/000017.jpg,000017.jpg,1500,1121,2025-10-04T18:00:21Z
d81679e1a0a78f3e0c778b3e18a0df113c3188f2,lager,bing,,data/raw/bing/lager/lager_beer_in_glass_at_bar_-bottle_-can_-logo_-mockup_-illustration/000003.jpg,000003.jpg,878,1390,2025-10-04T18:00:21Z
a81d3e387d33696dbad325b477d210b9461b5920,lager,bing,,data/raw/bing/lager/pale_lager_pilsner_flute_glass_poured_draft_-bottle_-can_-logo_-mockup/000026.jpg,000026.jpg,1588,2117,2025-10-04T18:02:19Z
4bfa7b9da06cbfd0df5049cdf46ecbf96ae9980e,lager,bing,,data/raw/bing/lager/pale_lager_pilsner_flute_glass_poured_draft_-bottle_-can_-logo_-mockup/000032.jpg,000032.jpg,600,774,2025-10-04T18:02:19Z
e5a534166069d17d803e81f957836c7fe6319686,lager,bing,,data/raw/bing/lager/pale_lager_pilsner_flute_glass_poured_draft_-bottle_-can_-logo_-mockup/000027.jpg,000027.jpg,900,1140,2025-10-04T18:02:19Z
01bbd20f519571d3bb71e19db0eb610d3bf4c9b7,lager,bing,,data/raw/bing/lager/pale_lager_pilsner_flute_glass_poured_draft_-bottle_-can_-logo_-mockup/000019.jpg,000019.jpg,1067,1690,2025-10-04T18:02:19Z
7f9dea1f1892e2bb02ad283f3244dae00ca301d1,lager,bing,,data/raw/bing/lager/pale_lager_pilsner_flute_glass_poured_draft_-bottle_-can_-logo_-mockup/000031.jpg,000031.jpg,720,1280,2025-10-04T18:02:19Z
aaf98142f7545a6515a78e83748a2d907a2549cd,lager,bing,,data/raw/bing/lager/pale_lager_pilsner_flute_glass_poured_draft_-bottle_-can_-logo_-mockup/000024.jpg,000024.jpg,1600,1157,2025-10-04T18:02:19Z
57278961cf02a25356650d79048779992cb9223b,lager,bing,,data/raw/bing/lager/pale_lager_pilsner_flute_glass_poured_draft_-bottle_-can_-logo_-mockup/000018.jpg,000018.jpg,761,1000,2025-10-04T18:02:19Z
0174203bc47a8c7732dcee33a8fa48497f6f1d61,lager,bing,,data/raw/bing/lager/pale_lager_pilsner_flute_glass_poured_draft_-bottle_-can_-logo_-mockup/000020.jpg,000020.jpg,1500,1125,2025-10-04T18:02:19Z
8c860d8ae797b577e86df0dc31f98de47f92baf5,lager,bing,,data/raw/bing/lager/pale_lager_pilsner_flute_glass_poured_draft_-bottle_-can_-logo_-mockup/000008.jpg,000008.jpg,617,1620,2025-10-04T18:02:19Z
b6b9126c59740bf895c74af178c9e4d3dcb871fd,lager,bing,,data/raw/bing/lager/pale_lager_pilsner_flute_glass_poured_draft_-bottle_-can_-logo_-mockup/000009.jpg,000009.jpg,540,720,2025-10-04T18:02:19Z
86067f4161bd2c30efab9f4804a9b292fc2cf909,lager,bing,,data/raw/bing/lager/pale_lager_pilsner_flute_glass_poured_draft_-bottle_-can_-logo_-mockup/000021.jpg,000021.jpg,2560,2560,2025-10-04T18:02:19Z
c2c7c54c418c283354263e8092185bc4b2759b12,lager,bing,,data/raw/bing/lager/pale_lager_pilsner_flute_glass_poured_draft_-bottle_-can_-logo_-mockup/000035.jpg,000035.jpg,924,924,2025-10-04T18:02:19Z
5129d5aa454797fa11bfa6334d51a782c9ea72fc,lager,bing,,data/raw/bing/lager/pale_lager_pilsner_flute_glass_poured_draft_-bottle_-can_-logo_-mockup/000023.jpg,000023.jpg,1067,1600,2025-10-04T18:02:19Z
ff8125dc125d099b99ec79feb93d273e6ff66ce2,lager,bing,,data/raw/bing/lager/pale_lager_pilsner_flute_glass_poured_draft_-bottle_-can_-logo_-mockup/000037.jpg,000037.jpg,736,552,2025-10-04T18:02:19Z
0dbd282a5473b235606dc7bd29d7ab191a19d593,lager,bing,,data/raw/bing/lager/pale_lager_pilsner_flute_glass_poured_draft_-bottle_-can_-logo_-mockup/000036.jpg,000036.jpg,736,919,2025-10-04T18:02:19Z
2017f2b9ad7959f58f12cde92f9c3fd7b0d7bd8d,lager,bing,,data/raw/bing/lager/pale_lager_pilsner_flute_glass_poured_draft_-bottle_-can_-logo_-mockup/000041.jpg,000041.jpg,1600,1600,2025-10-04T18:02:19Z
0db43bd463d15af4c309c044fac935b4f1cb8003,lager,bing,,data/raw/bing/lager/pale_lager_pilsner_flute_glass_poured_draft_-bottle_-can_-logo_-mockup/000007.jpg,000007.jpg,1500,1013,2025-10-04T18:02:19Z
786e09ef02db2aa5b6a706d13ca028833d44bcc5,lager,bing,,data/raw/bing/lager/pale_lager_pilsner_flute_glass_poured_draft_-bottle_-can_-logo_-mockup/000013.jpg,000013.jpg,1200,1200,2025-10-04T18:02:19Z
5e307bfc5c4b02dcd88aee8a9098263417b6b78d,lager,bing,,data/raw/bing/lager/pale_lager_pilsner_flute_glass_poured_draft_-bottle_-can_-logo_-mockup/000012.jpg,000012.jpg,1300,956,2025-10-04T18:02:19Z
b75501982e9c42c56b59c326bc5cd92a378681e5,lager,bing,,data/raw/bing/lager/pale_lager_pilsner_flute_glass_poured_draft_-bottle_-can_-logo_-mockup/000006.jpg,000006.jpg,1067,1690,2025-10-04T18:02:19Z
da53362cea08614f61f22f40fcd643b6c125e1ae,lager,bing,,data/raw/bing/lager/pale_lager_pilsner_flute_glass_poured_draft_-bottle_-can_-logo_-mockup/000038.jpg,000038.jpg,736,981,2025-10-04T18:02:19Z
54328ef828ece63fae81ae41160d1151d1b0d784,lager,bing,,data/raw/bing/lager/pale_lager_pilsner_flute_glass_poured_draft_-bottle_-can_-logo_-mockup/000004.jpg,000004.jpg,866,1390,2025-10-04T18:02:19Z
880f412043fa061563f53332235d77631fdd6493,lager,bing,,data/raw/bing/lager/pale_lager_pilsner_flute_glass_poured_draft_-bottle_-can_-logo_-mockup/000005.jpg,000005.jpg,626,626,2025-10-04T18:02:19Z
950cb6381dba4265592f7597eacac2d413997cd0,lager,bing,,data/raw/bing/lager/pale_lager_pilsner_flute_glass_poured_draft_-bottle_-can_-logo_-mockup/000039.jpg,000039.jpg,2305,1537,2025-10-04T18:02:19Z
582c2bf7714a6444154778e850767bd8e2563f19,lager,bing,,data/raw/bing/lager/pale_lager_pilsner_flute_glass_poured_draft_-bottle_-can_-logo_-mockup/000015.jpg,000015.jpg,1067,1690,2025-10-04T18:02:19Z
75b063f0753e59afae9f0358906369bf78125e0f,lager,bing,,data/raw/bing/lager/pale_lager_pilsner_flute_glass_poured_draft_-bottle_-can_-logo_-mockup/000001.jpg,000001.jpg,866,1390,2025-10-04T18:02:19Z
8c0c0f0cf56d79276f11ad11165c4acc56cb0128,lager,bing,,data/raw/bing/lager/pale_lager_pilsner_flute_glass_poured_draft_-bottle_-can_-logo_-mockup/000029.jpg,000029.jpg,736,981,2025-10-04T18:02:19Z
0d76ce835639e1b75b06fa9cc765b9393045acf1,lager,bing,,data/raw/bing/lager/pale_lager_pilsner_flute_glass_poured_draft_-bottle_-can_-logo_-mockup/000028.jpg,000028.jpg,3024,4032,2025-10-04T18:02:19Z
b2404689055e316cdbea54a19a3b079d77bd7a20,lager,bing,,data/raw/bing/lager/pale_lager_pilsner_flute_glass_poured_draft_-bottle_-can_-logo_-mockup/000014.jpg,000014.jpg,1098,823,2025-10-04T18:02:19Z
d6ae4e899eeb2c31da514f5f238551291118bd59,lager,bing,,data/raw/bing/lager/pale_lager_pilsner_flute_glass_poured_draft_-bottle_-can_-logo_-mockup/000002.jpg,000002.jpg,854,578,2025-10-04T18:02:19Z
64cb1fbbcdfb0b6327395d6ebfdf25187755f50e,lager,bing,,data/raw/bing/lager/pale_lager_pilsner_flute_glass_poured_draft_-bottle_-can_-logo_-mockup/000016.jpg,000016.jpg,866,1390,2025-10-04T18:02:19Z
8fc766f9fbeed395a4838ed97481bf49d06db457,lager,bing,,data/raw/bing/lager/pale_lager_pilsner_flute_glass_poured_draft_-bottle_-can_-logo_-mockup/000017.jpg,000017.jpg,1500,1104,2025-10-04T18:02:19Z
7153017046ba3d47fcd3a396383f5cd9bae55e0a,lager,bing,,data/raw/bing/lager/pale_lager_pilsner_flute_glass_poured_draft_-bottle_-can_-logo_-mockup/000003.jpg,000003.jpg,1600,1171,2025-10-04T18:02:19Z
9698e60109896be820f13e36f247357dae7d84ee,lager,bing,,data/raw/bing/lager/helles_lager_in_seidel_mug_pub_draft_-bottle_-can_-logo/000024.jpg,000024.jpg,736,688,2025-10-04T18:03:44Z
c5e10b5cf8614805f9311ab58a09390b9d0ffc22,lager,bing,,data/raw/bing/lager/helles_lager_in_seidel_mug_pub_draft_-bottle_-can_-logo/000018.jpg,000018.jpg,1024,576,2025-10-04T18:03:44Z
4243cc10fc66ff6914e72ba79cc141a219600d2c,lager,bing,,data/raw/bing/lager/helles_lager_in_seidel_mug_pub_draft_-bottle_-can_-logo/000008.jpg,000008.jpg,1536,1066,2025-10-04T18:03:44Z
6f7dec62fe094b28519a7063698b7b885b2563ca,lager,bing,,data/raw/bing/lager/helles_lager_in_seidel_mug_pub_draft_-bottle_-can_-logo/000009.jpg,000009.jpg,1920,2560,2025-10-04T18:03:44Z
ca8fd52395f679a28082a041c4b32ee09ecb53d2,lager,bing,,data/raw/bing/lager/helles_lager_in_seidel_mug_pub_draft_-bottle_-can_-logo/000021.jpg,000021.jpg,534,800,2025-10-04T18:03:44Z
1aabec8793cdb331e6be7f96a954621507ee7a10,lager,bing,,data/raw/bing/lager/helles_lager_in_seidel_mug_pub_draft_-bottle_-can_-logo/000023.jpg,000023.jpg,1200,800,2025-10-04T18:03:44Z
f152cd7867e6ee364cec34b9c7af38d3fd8c29f8,lager,bing,,data/raw/bing/lager/helles_lager_in_seidel_mug_pub_draft_-bottle_-can_-logo/000022.jpg,000022.jpg,640,640,2025-10-04T18:03:44Z
3e77fabd7d6187959d8d515260ae027d90c46fe9,lager,bing,,data/raw/bing/lager/helles_lager_in_seidel_mug_pub_draft_-bottle_-can_-logo/000007.jpg,000007.jpg,2000,1400,2025-10-04T18:03:44Z
920307a7b7d22c8a392bd86c0d25341bc0706a6c,lager,bing,,data/raw/bing/lager/helles_lager_in_seidel_mug_pub_draft_-bottle_-can_-logo/000013.jpg,000013.jpg,3000,1821,2025-10-04T18:03:44Z
f81bac45de9e9c1d33286c410813b8244980249f,lager,bing,,data/raw/bing/lager/helles_lager_in_seidel_mug_pub_draft_-bottle_-can_-logo/000012.jpg,000012.jpg,1600,1600,2025-10-04T18:03:44Z
d28bf65224753e47f88d178617bd703f6d0e1687,lager,bing,,data/raw/bing/lager/helles_lager_in_seidel_mug_pub_draft_-bottle_-can_-logo/000006.jpg,000006.jpg,1024,682,2025-10-04T18:03:44Z
8bc1ef56454b4e5fe0d9b2b0f89aa9ac4c062324,lager,bing,,data/raw/bing/lager/helles_lager_in_seidel_mug_pub_draft_-bottle_-can_-logo/000010.jpg,000010.jpg,4000,3000,2025-10-04T18:03:44Z
f1ae39319512eab8aefdb44531eee0e35e7ceed5,lager,bing,,data/raw/bing/lager/helles_lager_in_seidel_mug_pub_draft_-bottle_-can_-logo/000004.jpg,000004.jpg,1337,1591,2025-10-04T18:03:44Z
8f7be953e7e9087007f471f67eb26c8f0940c028,lager,bing,,data/raw/bing/lager/helles_lager_in_seidel_mug_pub_draft_-bottle_-can_-logo/000005.jpg,000005.jpg,2000,1400,2025-10-04T18:03:44Z
bab364326a0844c17319152e871e28b4083657e8,lager,bing,,data/raw/bing/lager/helles_lager_in_seidel_mug_pub_draft_-bottle_-can_-logo/000011.jpg,000011.jpg,926,1024,2025-10-04T18:03:44Z
11cc66b7dd1bc5b3a4d0074e6d832021041aed71,lager,bing,,data/raw/bing/lager/helles_lager_in_seidel_mug_pub_draft_-bottle_-can_-logo/000015.jpg,000015.jpg,1820,1100,2025-10-04T18:03:44Z
11a2a31004133c31ab85f1fdd3f1aa706ae34497,lager,bing,,data/raw/bing/lager/helles_lager_in_seidel_mug_pub_draft_-bottle_-can_-logo/000001.jpg,000001.jpg,768,512,2025-10-04T18:03:44Z
cbc856c9ce4d80c09c8fadf47f21a7fe23f8ea39,lager,bing,,data/raw/bing/lager/helles_lager_in_seidel_mug_pub_draft_-bottle_-can_-logo/000028.jpg,000028.jpg,820,556,2025-10-04T18:03:44Z
e2059cd39d4a84660bf267149624d9d29808595f,lager,bing,,data/raw/bing/lager/helles_lager_in_seidel_mug_pub_draft_-bottle_-can_-logo/000014.jpg,000014.jpg,800,1067,2025-10-04T18:03:44Z
bb2949e93f201b5353628f5c4835922306426d7e,lager,bing,,data/raw/bing/lager/helles_lager_in_seidel_mug_pub_draft_-bottle_-can_-logo/000002.jpg,000002.jpg,1440,1440,2025-10-04T18:03:44Z
621dcea69347d5f9b3f74e326b6125128a945a1f,lager,bing,,data/raw/bing/lager/helles_lager_in_seidel_mug_pub_draft_-bottle_-can_-logo/000017.jpg,000017.jpg,1600,1600,2025-10-04T18:03:44Z
a2b89b1bd8a0fb3813bcb3380aff0a5a77d96fd0,lager,bing,,data/raw/bing/lager/helles_lager_in_seidel_mug_pub_draft_-bottle_-can_-logo/000003.jpg,000003.jpg,693,800,2025-10-04T18:03:44Z
d194ffbc334df239eac1688b86d138db9ceb381f,lager,bing,,data/raw/bing/lager/crystal_clear_lager_condensation_closeup_pub_-bottle_-can_-logo/000026.jpg,000026.jpg,867,1390,2025-10-04T18:05:06Z
51c80b8c29a823b119979eedcc03b100de9da20b,lager,bing,,data/raw/bing/lager/crystal_clear_lager_condensation_closeup_pub_-bottle_-can_-logo/000032.jpg,000032.jpg,1067,1690,2025-10-04T18:05:06Z
8a9e33709ce5facbe7bfbba9786fc832c5aef2f2,lager,bing,,data/raw/bing/lager/crystal_clear_lager_condensation_closeup_pub_-bottle_-can_-logo/000027.jpg,000027.jpg,800,533,2025-10-04T18:05:06Z
09bcec172c5e53bddf23080d68dc93be0b0fa49d,lager,bing,,data/raw/bing/lager/crystal_clear_lager_condensation_closeup_pub_-bottle_-can_-logo/000019.jpg,000019.jpg,1280,720,2025-10-04T18:05:06Z
3e1af31f24fc5067baa9b7cfdab90e3e16a971ac,lager,bing,,data/raw/bing/lager/crystal_clear_lager_condensation_closeup_pub_-bottle_-can_-logo/000031.jpg,000031.jpg,1600,1157,2025-10-04T18:05:06Z
fda900fcd4681de3a009d8871775665d450d9bf0,lager,bing,,data/raw/bing/lager/crystal_clear_lager_condensation_closeup_pub_-bottle_-can_-logo/000025.jpg,000025.jpg,800,800,2025-10-04T18:05:06Z
406eafc197dc5254f127666a95a6495d8eddd7db,lager,bing,,data/raw/bing/lager/crystal_clear_lager_condensation_closeup_pub_-bottle_-can_-logo/000024.jpg,000024.jpg,1300,1390,2025-10-04T18:05:06Z
067f533b19293883f14c156853174663e193f339,lager,bing,,data/raw/bing/lager/crystal_clear_lager_condensation_closeup_pub_-bottle_-can_-logo/000030.jpg,000030.jpg,1300,956,2025-10-04T18:05:06Z
d698d5cf7ce11a561e6380dab8069d8a2175a376,lager,bing,,data/raw/bing/lager/crystal_clear_lager_condensation_closeup_pub_-bottle_-can_-logo/000018.jpg,000018.jpg,1280,720,2025-10-04T18:05:06Z
3aca3dba54f612b720a100752053bde618512677,lager,bing,,data/raw/bing/lager/crystal_clear_lager_condensation_closeup_pub_-bottle_-can_-logo/000034.jpg,000034.jpg,1300,956,2025-10-04T18:05:06Z
dcd9b67fa96404b0f4447b872c4e4edb5b84e236,lager,bing,,data/raw/bing/lager/crystal_clear_lager_condensation_closeup_pub_-bottle_-can_-logo/000020.jpg,000020.jpg,1300,957,2025-10-04T18:05:06Z
1ab4436a7029eeabb0e95ae345c6f0afb7ac751c,lager,bing,,data/raw/bing/lager/crystal_clear_lager_condensation_closeup_pub_-bottle_-can_-logo/000008.jpg,000008.jpg,861,1390,2025-10-04T18:05:06Z
ca236675a8cffd72bd8deebc7c7f15b87e52fb62,lager,bing,,data/raw/bing/lager/crystal_clear_lager_condensation_closeup_pub_-bottle_-can_-logo/000009.jpg,000009.jpg,1300,956,2025-10-04T18:05:06Z
f3057c6150a9c883da458a17945601db36041d9a,lager,bing,,data/raw/bing/lager/crystal_clear_lager_condensation_closeup_pub_-bottle_-can_-logo/000021.jpg,000021.jpg,1600,1156,2025-10-04T18:05:06Z
70ba0980396e083aba38d184ff1aafb3af316864,lager,bing,,data/raw/bing/lager/crystal_clear_lager_condensation_closeup_pub_-bottle_-can_-logo/000035.jpg,000035.jpg,1300,956,2025-10-04T18:05:06Z
2d55850e29f8eee2723aa7758cb1b44c46a35b67,lager,bing,,data/raw/bing/lager/crystal_clear_lager_condensation_closeup_pub_-bottle_-can_-logo/000023.jpg,000023.jpg,1280,720,2025-10-04T18:05:06Z
b2c1e6029e757730a7b206bd6fb8cd5e09fb7cd0,lager,bing,,data/raw/bing/lager/crystal_clear_lager_condensation_closeup_pub_-bottle_-can_-logo/000037.jpg,000037.jpg,1280,720,2025-10-04T18:05:06Z
acf01580c63a023b776fef9aee0f4c034745d36f,lager,bing,,data/raw/bing/lager/crystal_clear_lager_condensation_closeup_pub_-bottle_-can_-logo/000036.jpg,000036.jpg,979,1390,2025-10-04T18:05:06Z
c00ba4f5ca37dbfe871fe5b7b37abf9f77ea0ee3,lager,bing,,data/raw/bing/lager/crystal_clear_lager_condensation_closeup_pub_-bottle_-can_-logo/000022.jpg,000022.jpg,1600,1157,2025-10-04T18:05:06Z
2940e7cae50d948dd31d3529b1656da92b534ab9,lager,bing,,data/raw/bing/lager/crystal_clear_lager_condensation_closeup_pub_-bottle_-can_-logo/000050.jpg,000050.jpg,1280,720,2025-10-04T18:05:06Z
ab34a3598358bbdf3634bf3c823d9234a69df706,lager,bing,,data/raw/bing/lager/crystal_clear_lager_condensation_closeup_pub_-bottle_-can_-logo/000044.jpg,000044.jpg,960,670,2025-10-04T18:05:06Z
ccfd0f801bd5b276987b135b934f12c95c6a01a7,lager,bing,,data/raw/bing/lager/crystal_clear_lager_condensation_closeup_pub_-bottle_-can_-logo/000052.jpg,000052.jpg,1600,1157,2025-10-04T18:05:06Z
121e60cfae178880f32f712824b47f954972112a,lager,bing,,data/raw/bing/lager/crystal_clear_lager_condensation_closeup_pub_-bottle_-can_-logo/000046.jpg,000046.jpg,1300,956,2025-10-04T18:05:06Z
0f1585b7538924213bbf750249e0cfa28710e1dc,lager,bing,,data/raw/bing/lager/crystal_clear_lager_condensation_closeup_pub_-bottle_-can_-logo/000047.jpg,000047.jpg,1280,720,2025-10-04T18:05:06Z
8ca0ea8923d3889a5cf06c25bb84151aef7cdc7a,lager,bing,,data/raw/bing/lager/crystal_clear_lager_condensation_closeup_pub_-bottle_-can_-logo/000053.jpg,000053.jpg,1280,720,2025-10-04T18:05:06Z
5832fa005aabd0b487e9986de62902f150aaac24,lager,bing,,data/raw/bing/lager/crystal_clear_lager_condensation_closeup_pub_-bottle_-can_-logo/000043.jpg,000043.jpg,1600,1157,2025-10-04T18:05:06Z
29d1bdd983dc41cb49d097caf1ceb5be445eddc3,lager,bing,,data/raw/bing/lager/crystal_clear_lager_condensation_closeup_pub_-bottle_-can_-logo/000056.jpg,000056.jpg,638,1390,2025-10-04T18:05:06Z
3b76c80457dfab493562fb5f29096b4728478a9c,lager,bing,,data/raw/bing/lager/crystal_clear_lager_condensation_closeup_pub_-bottle_-can_-logo/000040.jpg,000040.jpg,800,533,2025-10-04T18:05:06Z
f0434a5d705fad4369011abb9e0499fcb436a1a2,lager,bing,,data/raw/bing/lager/crystal_clear_lager_condensation_closeup_pub_-bottle_-can_-logo/000054.jpg,000054.jpg,1280,720,2025-10-04T18:05:06Z
62e8a4063eda2e7db760f60ea455a180274794a4,lager,bing,,data/raw/bing/lager/crystal_clear_lager_condensation_closeup_pub_-bottle_-can_-logo/000055.jpg,000055.jpg,800,534,2025-10-04T18:05:06Z
b9b45ce7fae8718d21f26e54af51a5e3bda3e880,lager,bing,,data/raw/bing/lager/crystal_clear_lager_condensation_closeup_pub_-bottle_-can_-logo/000041.jpg,000041.jpg,800,534,2025-10-04T18:05:06Z
1d22275a857b0d675ed9fe7c2898335d512b3a01,lager,bing,,data/raw/bing/lager/crystal_clear_lager_condensation_closeup_pub_-bottle_-can_-logo/000058.jpg,000058.jpg,1500,1101,2025-10-04T18:05:06Z
0c13ad8e2a0f454439cdce2b2c33812fec1edca3,lager,bing,,data/raw/bing/lager/crystal_clear_lager_condensation_closeup_pub_-bottle_-can_-logo/000064.jpg,000064.jpg,939,1390,2025-10-04T18:05:06Z
fe0e6807f88aab85b91e15443559bda1fdde6e4f,lager,bing,,data/raw/bing/lager/crystal_clear_lager_condensation_closeup_pub_-bottle_-can_-logo/000065.jpg,000065.jpg,1600,1157,2025-10-04T18:05:06Z
9e1b1fea1ce7b118973e43bdf7898206a416d7fa,lager,bing,,data/raw/bing/lager/crystal_clear_lager_condensation_closeup_pub_-bottle_-can_-logo/000059.jpg,000059.jpg,1280,720,2025-10-04T18:05:06Z
d3efd804856d9efe0718f26d6ee51a55bdc626b7,lager,bing,,data/raw/bing/lager/crystal_clear_lager_condensation_closeup_pub_-bottle_-can_-logo/000062.jpg,000062.jpg,1065,1690,2025-10-04T18:05:06Z
013c91de5af92826c96a97727df899b5ca79ec42,lager,bing,,data/raw/bing/lager/crystal_clear_lager_condensation_closeup_pub_-bottle_-can_-logo/000061.jpg,000061.jpg,1920,1280,2025-10-04T18:05:06Z
be2a31fc434e34b94952561f26a480fa5683e924,lager,bing,,data/raw/bing/lager/crystal_clear_lager_condensation_closeup_pub_-bottle_-can_-logo/000049.jpg,000049.jpg,1280,720,2025-10-04T18:05:06Z
ce54868ca152e5fa7cf1e214ea8add5a8f3c93ba,lager,bing,,data/raw/bing/lager/crystal_clear_lager_condensation_closeup_pub_-bottle_-can_-logo/000048.jpg,000048.jpg,1280,720,2025-10-04T18:05:06Z
528e706d2abfdabe98938bc6a5ada08ccbdf2004,lager,bing,,data/raw/bing/lager/crystal_clear_lager_condensation_closeup_pub_-bottle_-can_-logo/000007.jpg,000007.jpg,1300,956,2025-10-04T18:05:06Z
55abf4025bb94d41d438720972826660719b766a,lager,bing,,data/raw/bing/lager/crystal_clear_lager_condensation_closeup_pub_-bottle_-can_-logo/000013.jpg,000013.jpg,800,533,2025-10-04T18:05:06Z
71efb386e3c57b276263b2dc060512b302db9149,lager,bing,,data/raw/bing/lager/crystal_clear_lager_condensation_closeup_pub_-bottle_-can_-logo/000012.jpg,000012.jpg,1300,956,2025-10-04T18:05:06Z
cbb99423083dca55ecc3e419fbe33848b7c7854a,lager,bing,,data/raw/bing/lager/crystal_clear_lager_condensation_closeup_pub_-bottle_-can_-logo/000038.jpg,000038.jpg,800,534,2025-10-04T18:05:06Z
cde9aa502ae9c1be730c877839a9879f29734572,lager,bing,,data/raw/bing/lager/crystal_clear_lager_condensation_closeup_pub_-bottle_-can_-logo/000010.jpg,000010.jpg,800,534,2025-10-04T18:05:06Z
618aecea2bfc39da93ac98c5f83c26abf27d3d1c,lager,bing,,data/raw/bing/lager/crystal_clear_lager_condensation_closeup_pub_-bottle_-can_-logo/000004.jpg,000004.jpg,1600,1156,2025-10-04T18:05:06Z
2bd8b1d9748a75ed5e026570b4414471b1d6da42,lager,bing,,data/raw/bing/lager/crystal_clear_lager_condensation_closeup_pub_-bottle_-can_-logo/000011.jpg,000011.jpg,800,533,2025-10-04T18:05:06Z
1f11dadb86701bc9660aced6ef4acd9033b49cb2,lager,bing,,data/raw/bing/lager/crystal_clear_lager_condensation_closeup_pub_-bottle_-can_-logo/000039.jpg,000039.jpg,800,533,2025-10-04T18:05:06Z
b9474d48d8324d6eda1197f6d1577ec5196a1ce8,lager,bing,,data/raw/bing/lager/crystal_clear_lager_condensation_closeup_pub_-bottle_-can_-logo/000015.jpg,000015.jpg,1300,1390,2025-10-04T18:05:06Z
bbb9d5b42ddc2c826beac4c73802192f6a447a84,lager,bing,,data/raw/bing/lager/crystal_clear_lager_condensation_closeup_pub_-bottle_-can_-logo/000001.jpg,000001.jpg,850,1390,2025-10-04T18:05:06Z
4d32b9ff347fed6b7ce938991d2717f8bb6857fc,lager,bing,,data/raw/bing/lager/crystal_clear_lager_condensation_closeup_pub_-bottle_-can_-logo/000029.jpg,000029.jpg,800,534,2025-10-04T18:05:06Z
4cad8eedd30c969e90ab2977896fb14e1efecf0d,lager,bing,,data/raw/bing/lager/crystal_clear_lager_condensation_closeup_pub_-bottle_-can_-logo/000028.jpg,000028.jpg,1000,667,2025-10-04T18:05:06Z
67c6aec421ffba31b04e0d4b3c895493e6e7ad12,lager,bing,,data/raw/bing/lager/crystal_clear_lager_condensation_closeup_pub_-bottle_-can_-logo/000014.jpg,000014.jpg,626,626,2025-10-04T18:05:06Z
2bba88acce0cfdf89eba782961f883cc89537161,lager,bing,,data/raw/bing/lager/crystal_clear_lager_condensation_closeup_pub_-bottle_-can_-logo/000016.jpg,000016.jpg,866,1390,2025-10-04T18:05:06Z
32093ad437195a6ea2bc2af211f22ac3d4984aa2,lager,bing,,data/raw/bing/lager/crystal_clear_lager_condensation_closeup_pub_-bottle_-can_-logo/000017.jpg,000017.jpg,1500,1101,2025-10-04T18:05:06Z
11f1518dbafbb0f8f329fb34a3c70f31d980c8a3,lager,bing,,data/raw/bing/lager/crystal_clear_lager_condensation_closeup_pub_-bottle_-can_-logo/000003.jpg,000003.jpg,1215,1800,2025-10-04T18:05:06Z
566b3715330b70b77c1c96486c154fcaf8130348,lager,bing,,data/raw/bing/lager/golden_lager_on_tap_pint_glass_foam_head_-bottle_-can_-logo/000026.jpg,000026.jpg,1005,1600,2025-10-04T18:06:28Z
ec300e675e6940fc7b86f8c36c6df79ad0833971,lager,bing,,data/raw/bing/lager/golden_lager_on_tap_pint_glass_foam_head_-bottle_-can_-logo/000032.jpg,000032.jpg,626,626,2025-10-04T18:06:28Z
190d34b445127a72f4f3f2e0ebcac58890be0b36,lager,bing,,data/raw/bing/lager/golden_lager_on_tap_pint_glass_foam_head_-bottle_-can_-logo/000033.jpg,000033.jpg,2940,1960,2025-10-04T18:06:28Z
466cd3b13eed69397e1c6d69a367ec9a9403bbf1,lager,bing,,data/raw/bing/lager/golden_lager_on_tap_pint_glass_foam_head_-bottle_-can_-logo/000027.jpg,000027.jpg,1470,980,2025-10-04T18:06:28Z
ae327c33abddaffa9cbae6808f1a6fa6d64bc06d,lager,bing,,data/raw/bing/lager/golden_lager_on_tap_pint_glass_foam_head_-bottle_-can_-logo/000031.jpg,000031.jpg,880,586,2025-10-04T18:06:28Z
fe2d31351579128f2133d6d65f288ad906d0b6b0,lager,bing,,data/raw/bing/lager/golden_lager_on_tap_pint_glass_foam_head_-bottle_-can_-logo/000025.jpg,000025.jpg,1307,1960,2025-10-04T18:06:28Z
a092d08bd1a2ad7386dcb90d5559781a07570503,lager,bing,,data/raw/bing/lager/golden_lager_on_tap_pint_glass_foam_head_-bottle_-can_-logo/000018.jpg,000018.jpg,1300,956,2025-10-04T18:06:28Z
676a39633b578c534b9da1d663adb2c892fd539c,lager,bing,,data/raw/bing/lager/golden_lager_on_tap_pint_glass_foam_head_-bottle_-can_-logo/000034.jpg,000034.jpg,626,626,2025-10-04T18:06:28Z
9ee2f3718a63267ca39e49c2119289d6c9a670ae,lager,bing,,data/raw/bing/lager/golden_lager_on_tap_pint_glass_foam_head_-bottle_-can_-logo/000020.jpg,000020.jpg,626,626,2025-10-04T18:06:28Z
18c21647d81337bfeeff80ac2a4946302e14d00a,lager,bing,,data/raw/bing/lager/golden_lager_on_tap_pint_glass_foam_head_-bottle_-can_-logo/000008.jpg,000008.jpg,626,626,2025-10-04T18:06:28Z
7ba47c1f2a3d287f562244896bb83646932c2dcc,lager,bing,,data/raw/bing/lager/golden_lager_on_tap_pint_glass_foam_head_-bottle_-can_-logo/000009.jpg,000009.jpg,1066,1690,2025-10-04T18:06:28Z
831212447fdad937c75b31080fc731a7ae98f07d,lager,bing,,data/raw/bing/lager/golden_lager_on_tap_pint_glass_foam_head_-bottle_-can_-logo/000021.jpg,000021.jpg,600,900,2025-10-04T18:06:28Z
9b1e5cbcd56856d3214cc23318c4f588a6a8d2c9,lager,bing,,data/raw/bing/lager/golden_lager_on_tap_pint_glass_foam_head_-bottle_-can_-logo/000035.jpg,000035.jpg,1600,1156,2025-10-04T18:06:28Z
bebfb6d8cb530092a9999788807be4773b1aae6d,lager,bing,,data/raw/bing/lager/golden_lager_on_tap_pint_glass_foam_head_-bottle_-can_-logo/000023.jpg,000023.jpg,626,626,2025-10-04T18:06:28Z
4fda4935a2de0bc1419acacd4ce139ac69602ce3,lager,bing,,data/raw/bing/lager/golden_lager_on_tap_pint_glass_foam_head_-bottle_-can_-logo/000037.jpg,000037.jpg,1307,1960,2025-10-04T18:06:28Z
bb910fbab64e55685c706b1c70b1a4eed54d51a4,lager,bing,,data/raw/bing/lager/golden_lager_on_tap_pint_glass_foam_head_-bottle_-can_-logo/000036.jpg,000036.jpg,800,533,2025-10-04T18:06:28Z
9650175abe4acfa7441de1618c320f521cc76408,lager,bing,,data/raw/bing/lager/golden_lager_on_tap_pint_glass_foam_head_-bottle_-can_-logo/000022.jpg,000022.jpg,626,626,2025-10-04T18:06:28Z
1e4b071cbaebfd48b509e4a8cceaff85479d2fb5,lager,bing,,data/raw/bing/lager/golden_lager_on_tap_pint_glass_foam_head_-bottle_-can_-logo/000045.jpg,000045.jpg,600,900,2025-10-04T18:06:28Z
808205a7a201761f9d00756b60e96bc674ca86fd,lager,bing,,data/raw/bing/lager/golden_lager_on_tap_pint_glass_foam_head_-bottle_-can_-logo/000051.jpg,000051.jpg,1066,1690,2025-10-04T18:06:28Z
8a944e03c9feb410a161bb73290a3522fd3f7f4b,lager,bing,,data/raw/bing/lager/golden_lager_on_tap_pint_glass_foam_head_-bottle_-can_-logo/000050.jpg,000050.jpg,670,1000,2025-10-04T18:06:28Z
267977576c0c12f5375a4f4925bb4d69574ff6bc,lager,bing,,data/raw/bing/lager/golden_lager_on_tap_pint_glass_foam_head_-bottle_-can_-logo/000044.jpg,000044.jpg,1066,1690,2025-10-04T18:06:28Z
eb4f9a2f94e1a50ad13fa2b48e2a6f4027e5b4c7,lager,bing,,data/raw/bing/lager/golden_lager_on_tap_pint_glass_foam_head_-bottle_-can_-logo/000052.jpg,000052.jpg,800,533,2025-10-04T18:06:28Z
1b62d0b63bedecb71995adf951a9914dee546ec6,lager,bing,,data/raw/bing/lager/golden_lager_on_tap_pint_glass_foam_head_-bottle_-can_-logo/000046.jpg,000046.jpg,1470,980,2025-10-04T18:06:28Z
35c1e8c512841d9250d3301f6733179e2194fed0,lager,bing,,data/raw/bing/lager/golden_lager_on_tap_pint_glass_foam_head_-bottle_-can_-logo/000043.jpg,000043.jpg,1307,1960,2025-10-04T18:06:28Z
a654eafa1d767180dc054e4d968fb93ec8586dd6,lager,bing,,data/raw/bing/lager/golden_lager_on_tap_pint_glass_foam_head_-bottle_-can_-logo/000054.jpg,000054.jpg,800,533,2025-10-04T18:06:28Z
24e16a53b8731967aaefae5109ba63b01c77137e,lager,bing,,data/raw/bing/lager/golden_lager_on_tap_pint_glass_foam_head_-bottle_-can_-logo/000068.jpg,000068.jpg,2940,1960,2025-10-04T18:06:28Z
8c69964cd784b53594f9d220235e82e99e545a5e,lager,bing,,data/raw/bing/lager/golden_lager_on_tap_pint_glass_foam_head_-bottle_-can_-logo/000069.jpg,000069.jpg,903,1200,2025-10-04T18:06:28Z
094d0c6bdd02ca8d40365ea3f7a6fc2d8446f1d3,lager,bing,,data/raw/bing/lager/golden_lager_on_tap_pint_glass_foam_head_-bottle_-can_-logo/000055.jpg,000055.jpg,1470,980,2025-10-04T18:06:28Z
b11db7e9be2c1ef2efb26802b3a0864f89c593c2,lager,bing,,data/raw/bing/lager/golden_lager_on_tap_pint_glass_foam_head_-bottle_-can_-logo/000041.jpg,000041.jpg,654,980,2025-10-04T18:06:28Z
5a6edebf369fb9c1e39d2d3b8382ca4f9b8070f5,lager,bing,,data/raw/bing/lager/golden_lager_on_tap_pint_glass_foam_head_-bottle_-can_-logo/000058.jpg,000058.jpg,2940,1960,2025-10-04T18:06:28Z
6444d3410366bf260cfdc7f89bc3c9f50f7e36bf,lager,bing,,data/raw/bing/lager/golden_lager_on_tap_pint_glass_foam_head_-bottle_-can_-logo/000064.jpg,000064.jpg,1049,1390,2025-10-04T18:06:28Z
5709a25d6581d6495e14cead8cf46e428ac5f4ff,lager,bing,,data/raw/bing/lager/golden_lager_on_tap_pint_glass_foam_head_-bottle_-can_-logo/000070.jpg,000070.jpg,800,533,2025-10-04T18:06:28Z
0920ffad56a5f8044cb7cc0f5ba5b37561a20abc,lager,bing,,data/raw/bing/lager/golden_lager_on_tap_pint_glass_foam_head_-bottle_-can_-logo/000071.jpg,000071.jpg,600,900,2025-10-04T18:06:28Z
6da79a89d64a9dacc9c0a1f256546c8d622fc354,lager,bing,,data/raw/bing/lager/golden_lager_on_tap_pint_glass_foam_head_-bottle_-can_-logo/000065.jpg,000065.jpg,1300,1161,2025-10-04T18:06:28Z
bd52ee2e318c0bd4bc197188b174d7d2a38f444f,lager,bing,,data/raw/bing/lager/golden_lager_on_tap_pint_glass_foam_head_-bottle_-can_-logo/000059.jpg,000059.jpg,654,980,2025-10-04T18:06:28Z
79a7e7b31ecaef55065101dde740a7ff915f7cb5,lager,bing,,data/raw/bing/lager/golden_lager_on_tap_pint_glass_foam_head_-bottle_-can_-logo/000067.jpg,000067.jpg,2940,1960,2025-10-04T18:06:28Z
9d9453b8bce0f688521ad0eb200ebf223bf35bcc,lager,bing,,data/raw/bing/lager/golden_lager_on_tap_pint_glass_foam_head_-bottle_-can_-logo/000072.jpg,000072.jpg,1600,1233,2025-10-04T18:06:28Z
e49aca55461bb827ee517c5f22c60dbed1ea933a,lager,bing,,data/raw/bing/lager/golden_lager_on_tap_pint_glass_foam_head_-bottle_-can_-logo/000076.jpg,000076.jpg,626,626,2025-10-04T18:06:28Z
4f8e7e0471537d0324b060bc509997c18ff9654e,lager,bing,,data/raw/bing/lager/golden_lager_on_tap_pint_glass_foam_head_-bottle_-can_-logo/000063.jpg,000063.jpg,1600,934,2025-10-04T18:06:28Z
44e1b3f732371be1e3ddf41c8664afe86bd4281c,lager,bing,,data/raw/bing/lager/golden_lager_on_tap_pint_glass_foam_head_-bottle_-can_-logo/000077.jpg,000077.jpg,626,626,2025-10-04T18:06:28Z
fc12e7ec3d185b70033abfe23888de97599c7c2a,lager,bing,,data/raw/bing/lager/golden_lager_on_tap_pint_glass_foam_head_-bottle_-can_-logo/000075.jpg,000075.jpg,1840,3264,2025-10-04T18:06:28Z
4331ebbe1cd2fc6a836d6238a6671d090d18b2cf,lager,bing,,data/raw/bing/lager/golden_lager_on_tap_pint_glass_foam_head_-bottle_-can_-logo/000049.jpg,000049.jpg,654,980,2025-10-04T18:06:28Z
838b00b56856b777080811a1d7fb4b6c2435e8b1,lager,bing,,data/raw/bing/lager/golden_lager_on_tap_pint_glass_foam_head_-bottle_-can_-logo/000074.jpg,000074.jpg,800,572,2025-10-04T18:06:28Z
f3c726998cbd13a6ef262a167ed7e5286079b4a6,lager,bing,,data/raw/bing/lager/golden_lager_on_tap_pint_glass_foam_head_-bottle_-can_-logo/000007.jpg,000007.jpg,900,1690,2025-10-04T18:06:28Z
c668c888d6a52fa23531f18a68a11c031133692f,lager,bing,,data/raw/bing/lager/golden_lager_on_tap_pint_glass_foam_head_-bottle_-can_-logo/000013.jpg,000013.jpg,1600,1156,2025-10-04T18:06:28Z
52cd0610c983b80961707026cd32a6eec27d2331,lager,bing,,data/raw/bing/lager/golden_lager_on_tap_pint_glass_foam_head_-bottle_-can_-logo/000006.jpg,000006.jpg,2940,1960,2025-10-04T18:06:28Z
c7fc265a691cf02319c000254bcf88da2c0780d1,lager,bing,,data/raw/bing/lager/golden_lager_on_tap_pint_glass_foam_head_-bottle_-can_-logo/000010.jpg,000010.jpg,866,1390,2025-10-04T18:06:28Z
abfd9583636675b891c1eabb8b173d06d1fa94c8,lager,bing,,data/raw/bing/lager/golden_lager_on_tap_pint_glass_foam_head_-bottle_-can_-logo/000004.jpg,000004.jpg,1307,1960,2025-10-04T18:06:28Z
d5406f995d94b64a901ed3748f87b99eba7ad45c,lager,bing,,data/raw/bing/lager/golden_lager_on_tap_pint_glass_foam_head_-bottle_-can_-logo/000005.jpg,000005.jpg,800,533,2025-10-04T18:06:28Z
419416b1947d1f3dcf50b56debbcb9a70c449156,lager,bing,,data/raw/bing/lager/golden_lager_on_tap_pint_glass_foam_head_-bottle_-can_-logo/000039.jpg,000039.jpg,800,533,2025-10-04T18:06:28Z
6ad6d64b92ba1f54a3962d854dc1e125dad82f10,lager,bing,,data/raw/bing/lager/golden_lager_on_tap_pint_glass_foam_head_-bottle_-can_-logo/000015.jpg,000015.jpg,1300,956,2025-10-04T18:06:28Z
b413e20fc124c9abb17a26242fdd353cab3a5576,lager,bing,,data/raw/bing/lager/golden_lager_on_tap_pint_glass_foam_head_-bottle_-can_-logo/000001.jpg,000001.jpg,1300,956,2025-10-04T18:06:28Z
da485d7f4193adf9b3916eed7f7c1b637756a9cc,lager,bing,,data/raw/bing/lager/golden_lager_on_tap_pint_glass_foam_head_-bottle_-can_-logo/000029.jpg,000029.jpg,1307,1960,2025-10-04T18:06:28Z
140b5200be2208088ff8dd85e613e29052014c98,lager,bing,,data/raw/bing/lager/golden_lager_on_tap_pint_glass_foam_head_-bottle_-can_-logo/000028.jpg,000028.jpg,600,900,2025-10-04T18:06:28Z
e5dae24efdf74001864d1cbd920344a06ee96f84,lager,bing,,data/raw/bing/lager/golden_lager_on_tap_pint_glass_foam_head_-bottle_-can_-logo/000014.jpg,000014.jpg,1066,1690,2025-10-04T18:06:28Z
1f0afad6d0b2ab9d5d984cab631e3bdf19124385,lager,bing,,data/raw/bing/lager/golden_lager_on_tap_pint_glass_foam_head_-bottle_-can_-logo/000002.jpg,000002.jpg,1470,980,2025-10-04T18:06:28Z
f47cd18dea6c645dd0327ddc9e21210c537a1607,lager,bing,,data/raw/bing/lager/golden_lager_on_tap_pint_glass_foam_head_-bottle_-can_-logo/000016.jpg,000016.jpg,1066,1690,2025-10-04T18:06:28Z
2579bf0a4b3aa461a23489ecff7a1e0053e7a285,lager,bing,,data/raw/bing/lager/golden_lager_on_tap_pint_glass_foam_head_-bottle_-can_-logo/000017.jpg,000017.jpg,600,900,2025-10-04T18:06:28Z
f297108da62dfdf3ba3165a06e76851452b98cf3,lager,bing,,data/raw/bing/lager/golden_lager_on_tap_pint_glass_foam_head_-bottle_-can_-logo/000003.jpg,000003.jpg,2940,1960,2025-10-04T18:06:28Z
fb468eff47153e4add3082af5fb0522a8b2e3f06,wheat,bing,,data/raw/bing/wheat/wheat_beer_in_weizen_tall_glass_cloudy_-bottle_-can_-logo_-mockup/000026.jpg,000026.jpg,1600,1690,2025-10-04T18:07:36Z
bcfebc478e7363b32963257e1e8458f48e233dcc,wheat,bing,,data/raw/bing/wheat/wheat_beer_in_weizen_tall_glass_cloudy_-bottle_-can_-logo_-mockup/000032.jpg,000032.jpg,667,1000,2025-10-04T18:07:36Z
6efe9d653a7b2bc3efc094bbb1df3901901fc29a,wheat,bing,,data/raw/bing/wheat/wheat_beer_in_weizen_tall_glass_cloudy_-bottle_-can_-logo_-mockup/000027.jpg,000027.jpg,600,900,2025-10-04T18:07:36Z
59d25eeef7811419cc4df15d959031ae07b43da8,wheat,bing,,data/raw/bing/wheat/wheat_beer_in_weizen_tall_glass_cloudy_-bottle_-can_-logo_-mockup/000019.jpg,000019.jpg,2940,1960,2025-10-04T18:07:36Z
26f2bf119c4de4d3417e18d9b4ab76de5ca12bc7,wheat,bing,,data/raw/bing/wheat/wheat_beer_in_weizen_tall_glass_cloudy_-bottle_-can_-logo_-mockup/000031.jpg,000031.jpg,2936,1960,2025-10-04T18:07:36Z
b0d42dfbcfb3fe8d8de7e3ce24d0be1307278e19,wheat,bing,,data/raw/bing/wheat/wheat_beer_in_weizen_tall_glass_cloudy_-bottle_-can_-logo_-mockup/000025.jpg,000025.jpg,800,532,2025-10-04T18:07:36Z
04d3a1b45d7bd0123aad11a2820271ebb79e5c98,wheat,bing,,data/raw/bing/wheat/wheat_beer_in_weizen_tall_glass_cloudy_-bottle_-can_-logo_-mockup/000024.jpg,000024.jpg,1083,720,2025-10-04T18:07:36Z
f9642b13bcf801a007e7232e1010533ccdbe0c8d,wheat,bing,,data/raw/bing/wheat/wheat_beer_in_weizen_tall_glass_cloudy_-bottle_-can_-logo_-mockup/000018.jpg,000018.jpg,800,672,2025-10-04T18:07:36Z
6f8d8bd498e94a0ec2a3950ea23c0e0da1829dc8,wheat,bing,,data/raw/bing/wheat/wheat_beer_in_weizen_tall_glass_cloudy_-bottle_-can_-logo_-mockup/000034.jpg,000034.jpg,870,1390,2025-10-04T18:07:36Z
9c8cb82605de966e2cb6c7820dbb05bef29ebb2c,wheat,bing,,data/raw/bing/wheat/wheat_beer_in_weizen_tall_glass_cloudy_-bottle_-can_-logo_-mockup/000020.jpg,000020.jpg,1300,956,2025-10-04T18:07:36Z
41b657d705d248eb9979a7fc7337f6d0262cacff,wheat,bing,,data/raw/bing/wheat/wheat_beer_in_weizen_tall_glass_cloudy_-bottle_-can_-logo_-mockup/000008.jpg,000008.jpg,1600,901,2025-10-04T18:07:36Z
34922a3bf7aa774b794b563a1ff2bcb2e47b6e20,wheat,bing,,data/raw/bing/wheat/wheat_beer_in_weizen_tall_glass_cloudy_-bottle_-can_-logo_-mockup/000009.jpg,000009.jpg,938,1390,2025-10-04T18:07:36Z
46f3f14e247a84b33141b4ec9a9f82832a9da3f4,wheat,bing,,data/raw/bing/wheat/wheat_beer_in_weizen_tall_glass_cloudy_-bottle_-can_-logo_-mockup/000021.jpg,000021.jpg,753,1000,2025-10-04T18:07:36Z
fc7b369b5f2616e09c3558b4f4da0b3382ee660d,wheat,bing,,data/raw/bing/wheat/wheat_beer_in_weizen_tall_glass_cloudy_-bottle_-can_-logo_-mockup/000035.jpg,000035.jpg,1060,1690,2025-10-04T18:07:36Z
adfebe50a161200e976b7b7ac8268bc35c94380e,wheat,bing,,data/raw/bing/wheat/wheat_beer_in_weizen_tall_glass_cloudy_-bottle_-can_-logo_-mockup/000037.jpg,000037.jpg,1300,1009,2025-10-04T18:07:36Z
99c1b9db1511ecde50068aab2afef68a7e4d3a0b,wheat,bing,,data/raw/bing/wheat/wheat_beer_in_weizen_tall_glass_cloudy_-bottle_-can_-logo_-mockup/000036.jpg,000036.jpg,649,649,2025-10-04T18:07:36Z
c6175cba10b23d40a1a13b24f18516859716cd5d,wheat,bing,,data/raw/bing/wheat/wheat_beer_in_weizen_tall_glass_cloudy_-bottle_-can_-logo_-mockup/000022.jpg,000022.jpg,1000,667,2025-10-04T18:07:36Z
109ca563a8805bc1fec8e11a4cc1f4bf83fb7434,wheat,bing,,data/raw/bing/wheat/wheat_beer_in_weizen_tall_glass_cloudy_-bottle_-can_-logo_-mockup/000045.jpg,000045.jpg,1067,1690,2025-10-04T18:07:36Z
a6d9753da48252615aa2ac45dfac1860bbad3d69,wheat,bing,,data/raw/bing/wheat/wheat_beer_in_weizen_tall_glass_cloudy_-bottle_-can_-logo_-mockup/000051.jpg,000051.jpg,613,900,2025-10-04T18:07:36Z
578823ef6dc5e98d9e0ec034fe3c50f45e914fa6,wheat,bing,,data/raw/bing/wheat/wheat_beer_in_weizen_tall_glass_cloudy_-bottle_-can_-logo_-mockup/000050.jpg,000050.jpg,808,980,2025-10-04T18:07:36Z
5a728403cbb6b982423f6f1feb8c2624789d528e,wheat,bing,,data/raw/bing/wheat/wheat_beer_in_weizen_tall_glass_cloudy_-bottle_-can_-logo_-mockup/000044.jpg,000044.jpg,1143,1690,2025-10-04T18:07:36Z
f1593aeabaa8046214b9cb8065114c8f1c82aedf,wheat,bing,,data/raw/bing/wheat/wheat_beer_in_weizen_tall_glass_cloudy_-bottle_-can_-logo_-mockup/000052.jpg,000052.jpg,598,900,2025-10-04T18:07:36Z
2d693722f793ab914d745f3861eb65b86a04711d,wheat,bing,,data/raw/bing/wheat/wheat_beer_in_weizen_tall_glass_cloudy_-bottle_-can_-logo_-mockup/000046.jpg,000046.jpg,866,1390,2025-10-04T18:07:36Z
29c69b2391ae291da90405869d2ce5c1835d269a,wheat,bing,,data/raw/bing/wheat/wheat_beer_in_weizen_tall_glass_cloudy_-bottle_-can_-logo_-mockup/000047.jpg,000047.jpg,900,1200,2025-10-04T18:07:36Z
46f4592fd7496376b488ff666b2e8754c2592ec8,wheat,bing,,data/raw/bing/wheat/wheat_beer_in_weizen_tall_glass_cloudy_-bottle_-can_-logo_-mockup/000053.jpg,000053.jpg,1600,1150,2025-10-04T18:07:36Z
0ad831e1b32148ef4336f84bafbc24bb97869550,wheat,bing,,data/raw/bing/wheat/wheat_beer_in_weizen_tall_glass_cloudy_-bottle_-can_-logo_-mockup/000057.jpg,000057.jpg,685,1024,2025-10-04T18:07:36Z
c8b22a6dd83172f7e98ee3caeeef4339cfd991f5,wheat,bing,,data/raw/bing/wheat/wheat_beer_in_weizen_tall_glass_cloudy_-bottle_-can_-logo_-mockup/000043.jpg,000043.jpg,1600,987,2025-10-04T18:07:36Z
8cf32bbc75e8ec12447554aec147b98e156ac4f9,wheat,bing,,data/raw/bing/wheat/wheat_beer_in_weizen_tall_glass_cloudy_-bottle_-can_-logo_-mockup/000042.jpg,000042.jpg,1600,1150,2025-10-04T18:07:36Z
aa994461cf7d51c5bbfba85320c7256fc10815b1,wheat,bing,,data/raw/bing/wheat/wheat_beer_in_weizen_tall_glass_cloudy_-bottle_-can_-logo_-mockup/000056.jpg,000056.jpg,1600,1530,2025-10-04T18:07:36Z
c0f5d4ce8104977009da7ff045b99b5119960468,wheat,bing,,data/raw/bing/wheat/wheat_beer_in_weizen_tall_glass_cloudy_-bottle_-can_-logo_-mockup/000040.jpg,000040.jpg,626,626,2025-10-04T18:07:36Z
f1aedbd99c05cbc86b1ea11ec942e2cb0611a381,wheat,bing,,data/raw/bing/wheat/wheat_beer_in_weizen_tall_glass_cloudy_-bottle_-can_-logo_-mockup/000054.jpg,000054.jpg,1300,1021,2025-10-04T18:07:36Z
f76ab2556177d4c3f25f5f68921d8620a3d4ec82,wheat,bing,,data/raw/bing/wheat/wheat_beer_in_weizen_tall_glass_cloudy_-bottle_-can_-logo_-mockup/000055.jpg,000055.jpg,1600,1690,2025-10-04T18:07:36Z
458d759c2ae2ac9a158773b8badaf75e3c75ae78,wheat,bing,,data/raw/bing/wheat/wheat_beer_in_weizen_tall_glass_cloudy_-bottle_-can_-logo_-mockup/000041.jpg,000041.jpg,1066,1690,2025-10-04T18:07:36Z
3329ca54d53c26c38792e4687d81b03ee4a3d4fc,wheat,bing,,data/raw/bing/wheat/wheat_beer_in_weizen_tall_glass_cloudy_-bottle_-can_-logo_-mockup/000058.jpg,000058.jpg,800,800,2025-10-04T18:07:36Z
b84d02b5698a892b24295b53e4efafc40b93d4c6,wheat,bing,,data/raw/bing/wheat/wheat_beer_in_weizen_tall_glass_cloudy_-bottle_-can_-logo_-mockup/000064.jpg,000064.jpg,1300,1009,2025-10-04T18:07:36Z
3cc0d2675b0170b74768fb43d178f4ef37e1d2ca,wheat,bing,,data/raw/bing/wheat/wheat_beer_in_weizen_tall_glass_cloudy_-bottle_-can_-logo_-mockup/000065.jpg,000065.jpg,1200,800,2025-10-04T18:07:36Z
b36baba9dc842c44cd390d002c1d827cf63aaaa5,wheat,bing,,data/raw/bing/wheat/wheat_beer_in_weizen_tall_glass_cloudy_-bottle_-can_-logo_-mockup/000059.jpg,000059.jpg,800,534,2025-10-04T18:07:36Z
63011263269cfc4be426c7dc22d451da028205b3,wheat,bing,,data/raw/bing/wheat/wheat_beer_in_weizen_tall_glass_cloudy_-bottle_-can_-logo_-mockup/000067.jpg,000067.jpg,1300,1009,2025-10-04T18:07:36Z
5140425f3c4db9ad9e0fd8eee9fdb9ab84848758,wheat,bing,,data/raw/bing/wheat/wheat_beer_in_weizen_tall_glass_cloudy_-bottle_-can_-logo_-mockup/000066.jpg,000066.jpg,1156,1690,2025-10-04T18:07:36Z
a8cef474e312c79738f0f4ee923628d0da6fc94d,wheat,bing,,data/raw/bing/wheat/wheat_beer_in_weizen_tall_glass_cloudy_-bottle_-can_-logo_-mockup/000062.jpg,000062.jpg,1067,1690,2025-10-04T18:07:36Z
61439cc2e36952e50bf3b3ecc20d7eb9b4bed4f2,wheat,bing,,data/raw/bing/wheat/wheat_beer_in_weizen_tall_glass_cloudy_-bottle_-can_-logo_-mockup/000063.jpg,000063.jpg,980,980,2025-10-04T18:07:36Z
dfb5718c1a07fd5644ad57f19e25b025cd96a5c3,wheat,bing,,data/raw/bing/wheat/wheat_beer_in_weizen_tall_glass_cloudy_-bottle_-can_-logo_-mockup/000061.jpg,000061.jpg,596,900,2025-10-04T18:07:36Z
bca8ea87c2c90a543c9d9395dc17178c183bd1d9,wheat,bing,,data/raw/bing/wheat/wheat_beer_in_weizen_tall_glass_cloudy_-bottle_-can_-logo_-mockup/000049.jpg,000049.jpg,625,766,2025-10-04T18:07:36Z
1f362fe09cb3adc4caac42ac2e58728ac527310a,wheat,bing,,data/raw/bing/wheat/wheat_beer_in_weizen_tall_glass_cloudy_-bottle_-can_-logo_-mockup/000048.jpg,000048.jpg,1600,1156,2025-10-04T18:07:36Z
4d246362a0dc1604c0dd7df95524fc7db35ea395,wheat,bing,,data/raw/bing/wheat/wheat_beer_in_weizen_tall_glass_cloudy_-bottle_-can_-logo_-mockup/000060.jpg,000060.jpg,600,900,2025-10-04T18:07:36Z
0d846462221f0d585f6620fefbc6238dca8b92ee,wheat,bing,,data/raw/bing/wheat/wheat_beer_in_weizen_tall_glass_cloudy_-bottle_-can_-logo_-mockup/000007.jpg,000007.jpg,1068,1690,2025-10-04T18:07:36Z
1a0977df90aede16dd4a0e148618410554978cfc,wheat,bing,,data/raw/bing/wheat/wheat_beer_in_weizen_tall_glass_cloudy_-bottle_-can_-logo_-mockup/000013.jpg,000013.jpg,863,1390,2025-10-04T18:07:36Z
da728c6b639cb3ac26f2322b1ffcacb157f6422a,wheat,bing,,data/raw/bing/wheat/wheat_beer_in_weizen_tall_glass_cloudy_-bottle_-can_-logo_-mockup/000012.jpg,000012.jpg,1600,1156,2025-10-04T18:07:36Z
f3b47b3014cf6aefc654210811dc3d3ffbe8d478,wheat,bing,,data/raw/bing/wheat/wheat_beer_in_weizen_tall_glass_cloudy_-bottle_-can_-logo_-mockup/000006.jpg,000006.jpg,921,1390,2025-10-04T18:07:36Z
1600a2e0c248cebe1b68f6b13192e9af40b849ad,wheat,bing,,data/raw/bing/wheat/wheat_beer_in_weizen_tall_glass_cloudy_-bottle_-can_-logo_-mockup/000038.jpg,000038.jpg,1066,1690,2025-10-04T18:07:36Z
ed913466122806d989b3f44027b3242b0ffe1b37,wheat,bing,,data/raw/bing/wheat/wheat_beer_in_weizen_tall_glass_cloudy_-bottle_-can_-logo_-mockup/000010.jpg,000010.jpg,1060,1690,2025-10-04T18:07:36Z
359e1bd2ce174359e1bcec20bb7827c059872fa0,wheat,bing,,data/raw/bing/wheat/wheat_beer_in_weizen_tall_glass_cloudy_-bottle_-can_-logo_-mockup/000004.jpg,000004.jpg,598,900,2025-10-04T18:07:36Z
6e0e39e89b98c10f251ed467d87642e393e643ff,wheat,bing,,data/raw/bing/wheat/wheat_beer_in_weizen_tall_glass_cloudy_-bottle_-can_-logo_-mockup/000005.jpg,000005.jpg,1063,1690,2025-10-04T18:07:36Z
21a151675801bc4b06a40d7dbfe87d744717584d,wheat,bing,,data/raw/bing/wheat/wheat_beer_in_weizen_tall_glass_cloudy_-bottle_-can_-logo_-mockup/000011.jpg,000011.jpg,1114,1690,2025-10-04T18:07:36Z
a426faa04b863ac2bec568720d2128f86f747af1,wheat,bing,,data/raw/bing/wheat/wheat_beer_in_weizen_tall_glass_cloudy_-bottle_-can_-logo_-mockup/000039.jpg,000039.jpg,866,1390,2025-10-04T18:07:36Z
daf5d8c78a5bae87618f6279b7ecb34130aa69d0,wheat,bing,,data/raw/bing/wheat/wheat_beer_in_weizen_tall_glass_cloudy_-bottle_-can_-logo_-mockup/000015.jpg,000015.jpg,800,672,2025-10-04T18:07:36Z
9242596b8a776d45f189faa00e2d33b36ff6aa31,wheat,bing,,data/raw/bing/wheat/wheat_beer_in_weizen_tall_glass_cloudy_-bottle_-can_-logo_-mockup/000001.jpg,000001.jpg,1263,1690,2025-10-04T18:07:36Z
249267d7344e6751958680871e6c3938aa69edb9,wheat,bing,,data/raw/bing/wheat/wheat_beer_in_weizen_tall_glass_cloudy_-bottle_-can_-logo_-mockup/000029.jpg,000029.jpg,864,1390,2025-10-04T18:07:36Z
7d9edff95d8f69d028276874429d6309bbbede99,wheat,bing,,data/raw/bing/wheat/wheat_beer_in_weizen_tall_glass_cloudy_-bottle_-can_-logo_-mockup/000014.jpg,000014.jpg,1500,1101,2025-10-04T18:07:36Z
92d4af8c1f3ab5868f115ae37ab3ce2ed313fec5,wheat,bing,,data/raw/bing/wheat/wheat_beer_in_weizen_tall_glass_cloudy_-bottle_-can_-logo_-mockup/000017.jpg,000017.jpg,626,626,2025-10-04T18:07:36Z
e7c6a021d120f48f7bca8c2b861f40d0e14da106,wheat,bing,,data/raw/bing/wheat/hefeweizen_banana_clove_aroma_in_glass_-bottle_-can_-logo/000026.jpg,000026.jpg,1280,720,2025-10-04T18:08:58Z
d7844eb008764c6c387d642c91f7fce21b964da5,wheat,bing,,data/raw/bing/wheat/hefeweizen_banana_clove_aroma_in_glass_-bottle_-can_-logo/000032.jpg,000032.jpg,534,800,2025-10-04T18:08:58Z
ca86df2698ca6d9964e638a21d7165491c6c144c,wheat,bing,,data/raw/bing/wheat/hefeweizen_banana_clove_aroma_in_glass_-bottle_-can_-logo/000033.jpg,000033.jpg,1280,720,2025-10-04T18:08:58Z
dcb7749c0c7e222142b2190d83955f64c0e40769,wheat,bing,,data/raw/bing/wheat/hefeweizen_banana_clove_aroma_in_glass_-bottle_-can_-logo/000027.jpg,000027.jpg,794,756,2025-10-04T18:08:58Z
f510ec748284cbe9eab3a78bab23ec2adb7fb8f7,wheat,bing,,data/raw/bing/wheat/hefeweizen_banana_clove_aroma_in_glass_-bottle_-can_-logo/000031.jpg,000031.jpg,1920,1080,2025-10-04T18:08:58Z
b1446d13c02c41ed343e3d5dbf344695b218cd82,wheat,bing,,data/raw/bing/wheat/hefeweizen_banana_clove_aroma_in_glass_-bottle_-can_-logo/000025.jpg,000025.jpg,3000,4000,2025-10-04T18:08:58Z
0186cf6da1fbff06a5999c1ac9b1347f61295eb5,wheat,bing,,data/raw/bing/wheat/hefeweizen_banana_clove_aroma_in_glass_-bottle_-can_-logo/000024.jpg,000024.jpg,1067,1600,2025-10-04T18:08:58Z
f442fcb9ddd625895e942eb67f7b2e618b3550ec,wheat,bing,,data/raw/bing/wheat/hefeweizen_banana_clove_aroma_in_glass_-bottle_-can_-logo/000018.jpg,000018.jpg,719,688,2025-10-04T18:08:58Z
7badc3f3c3937ee7487db921e0a5e6d5aeec1d34,wheat,bing,,data/raw/bing/wheat/hefeweizen_banana_clove_aroma_in_glass_-bottle_-can_-logo/000034.jpg,000034.jpg,1500,1800,2025-10-04T18:08:58Z
32d58976f92b57d838e48b7c10877194ba925079,wheat,bing,,data/raw/bing/wheat/hefeweizen_banana_clove_aroma_in_glass_-bottle_-can_-logo/000008.jpg,000008.jpg,1200,1200,2025-10-04T18:08:58Z
220c29022c23a4867dc24dc24ccfd8193e803560,wheat,bing,,data/raw/bing/wheat/hefeweizen_banana_clove_aroma_in_glass_-bottle_-can_-logo/000009.jpg,000009.jpg,900,1800,2025-10-04T18:08:58Z
d9ffc498c93b6a51a3f5e5e2daf85ee2c59afa21,wheat,bing,,data/raw/bing/wheat/hefeweizen_banana_clove_aroma_in_glass_-bottle_-can_-logo/000021.jpg,000021.jpg,1280,720,2025-10-04T18:08:58Z
209b3e867ef0fddb17e9360e1f513ca87605b7a2,wheat,bing,,data/raw/bing/wheat/hefeweizen_banana_clove_aroma_in_glass_-bottle_-can_-logo/000035.jpg,000035.jpg,1280,720,2025-10-04T18:08:58Z
e55e0b7dea3e0d218d13b1c69d95f6e405a6a6db,wheat,bing,,data/raw/bing/wheat/hefeweizen_banana_clove_aroma_in_glass_-bottle_-can_-logo/000023.jpg,000023.jpg,600,800,2025-10-04T18:08:58Z
bb9989dc19d48d8d90688d28c58eb2b2704fdf27,wheat,bing,,data/raw/bing/wheat/hefeweizen_banana_clove_aroma_in_glass_-bottle_-can_-logo/000037.jpg,000037.jpg,1300,1346,2025-10-04T18:08:58Z
b770124487dd4742297d6deb850a2c806f04c27d,wheat,bing,,data/raw/bing/wheat/hefeweizen_banana_clove_aroma_in_glass_-bottle_-can_-logo/000022.jpg,000022.jpg,1024,768,2025-10-04T18:08:58Z
fb5ef2f484ffa5bd19c9f5acc603e3c7110123fa,wheat,bing,,data/raw/bing/wheat/hefeweizen_banana_clove_aroma_in_glass_-bottle_-can_-logo/000007.jpg,000007.jpg,1238,709,2025-10-04T18:08:58Z
fbb0892f2afe5d4929b640771d99734b5552c85d,wheat,bing,,data/raw/bing/wheat/hefeweizen_banana_clove_aroma_in_glass_-bottle_-can_-logo/000013.jpg,000013.jpg,768,1024,2025-10-04T18:08:58Z
5e362091b219282ba95b00a288ae037aa1deee1b,wheat,bing,,data/raw/bing/wheat/hefeweizen_banana_clove_aroma_in_glass_-bottle_-can_-logo/000012.jpg,000012.jpg,1280,720,2025-10-04T18:08:58Z
c9b4d4e9c2d59a535b248c49ea502d296c5ddf76,wheat,bing,,data/raw/bing/wheat/hefeweizen_banana_clove_aroma_in_glass_-bottle_-can_-logo/000006.jpg,000006.jpg,1067,1600,2025-10-04T18:08:58Z
f0c3e6acd61ffdc3572efc1d43db8897f08c9a9e,wheat,bing,,data/raw/bing/wheat/hefeweizen_banana_clove_aroma_in_glass_-bottle_-can_-logo/000010.jpg,000010.jpg,1080,1080,2025-10-04T18:08:58Z
11a774326b8302c5de9e5a00031a7fac31b1ecdb,wheat,bing,,data/raw/bing/wheat/hefeweizen_banana_clove_aroma_in_glass_-bottle_-can_-logo/000004.jpg,000004.jpg,1244,851,2025-10-04T18:08:58Z
4ef49cfe86f06b0346e79af3c7566003ed954221,wheat,bing,,data/raw/bing/wheat/hefeweizen_banana_clove_aroma_in_glass_-bottle_-can_-logo/000005.jpg,000005.jpg,1200,1200,2025-10-04T18:08:58Z
b6f9f1b8086c136482be31c6562f67ec2ed85c14,wheat,bing,,data/raw/bing/wheat/hefeweizen_banana_clove_aroma_in_glass_-bottle_-can_-logo/000015.jpg,000015.jpg,4167,2793,2025-10-04T18:08:58Z
c18333af22249041ea8567a70fc2a6655093ca3d,wheat,bing,,data/raw/bing/wheat/hefeweizen_banana_clove_aroma_in_glass_-bottle_-can_-logo/000029.jpg,000029.jpg,542,800,2025-10-04T18:08:58Z
42eae962646284ecdbdadb66f65ec1da0339a76f,wheat,bing,,data/raw/bing/wheat/hefeweizen_banana_clove_aroma_in_glass_-bottle_-can_-logo/000028.jpg,000028.jpg,1280,720,2025-10-04T18:08:58Z
889a830285cf8be96423fd2efc51bd72bd8d4b6e,wheat,bing,,data/raw/bing/wheat/hefeweizen_banana_clove_aroma_in_glass_-bottle_-can_-logo/000014.jpg,000014.jpg,1067,1600,2025-10-04T18:08:58Z
7039807072810dc5a81e767b9bec811b4c2ce210,wheat,bing,,data/raw/bing/wheat/hefeweizen_banana_clove_aroma_in_glass_-bottle_-can_-logo/000002.jpg,000002.jpg,681,1024,2025-10-04T18:08:58Z
c1a5835774ee994213f0c7aa14b508d0841a012c,wheat,bing,,data/raw/bing/wheat/hefeweizen_banana_clove_aroma_in_glass_-bottle_-can_-logo/000016.jpg,000016.jpg,1600,900,2025-10-04T18:08:58Z
fdb7aa8dd757eb6e944c94f6ff662a8b418d64cf,wheat,bing,,data/raw/bing/wheat/hefeweizen_banana_clove_aroma_in_glass_-bottle_-can_-logo/000017.jpg,000017.jpg,2048,2048,2025-10-04T18:08:58Z
c6302d7b31b18408f4e1e7dfd9cfdc7b274381b7,wheat,bing,,data/raw/bing/wheat/hefeweizen_banana_clove_aroma_in_glass_-bottle_-can_-logo/000003.jpg,000003.jpg,1910,1000,2025-10-04T18:08:58Z
956b09c5eb359a8cd96c052fbfecaa0a69d77b1a,wheat,bing,,data/raw/bing/wheat/witbier_belgian_white_beer_tulip_glass_-bottle_-can_-logo/000026.jpg,000026.jpg,2000,2000,2025-10-04T18:10:12Z
51cdc2a4b455823b75ab4671c9aeab55fd3501a1,wheat,bing,,data/raw/bing/wheat/witbier_belgian_white_beer_tulip_glass_-bottle_-can_-logo/000033.jpg,000033.jpg,1500,1468,2025-10-04T18:10:12Z
388c7e81e4bc11c84bb5c7fa705d04b606e8e778,wheat,bing,,data/raw/bing/wheat/witbier_belgian_white_beer_tulip_glass_-bottle_-can_-logo/000027.jpg,000027.jpg,1024,1024,2025-10-04T18:10:12Z
267e9c64aaf7e1e0d2c62bbdcd249c30b5236965,wheat,bing,,data/raw/bing/wheat/witbier_belgian_white_beer_tulip_glass_-bottle_-can_-logo/000019.jpg,000019.jpg,1000,1500,2025-10-04T18:10:12Z
6b05579300edb0629c0cf7c5255d77704c3b49b1,wheat,bing,,data/raw/bing/wheat/witbier_belgian_white_beer_tulip_glass_-bottle_-can_-logo/000031.jpg,000031.jpg,1000,1000,2025-10-04T18:10:12Z
29fa9bca7fd5828de6e9905a87c751fb9f63fd60,wheat,bing,,data/raw/bing/wheat/witbier_belgian_white_beer_tulip_glass_-bottle_-can_-logo/000025.jpg,000025.jpg,679,735,2025-10-04T18:10:12Z
b97d10fb36b224e9b44fff1bb7997077b1da2694,wheat,bing,,data/raw/bing/wheat/witbier_belgian_white_beer_tulip_glass_-bottle_-can_-logo/000024.jpg,000024.jpg,1588,1588,2025-10-04T18:10:12Z
7dac83332ee29d2076a63d2730f8a05e5b42d2e4,wheat,bing,,data/raw/bing/wheat/witbier_belgian_white_beer_tulip_glass_-bottle_-can_-logo/000030.jpg,000030.jpg,600,600,2025-10-04T18:10:12Z
d235dccf6b5e429e0cb518e2ece55b9ad2c7132c,wheat,bing,,data/raw/bing/wheat/witbier_belgian_white_beer_tulip_glass_-bottle_-can_-logo/000018.jpg,000018.jpg,1588,1588,2025-10-04T18:10:12Z
fc40d4d27738daaa5824a5f5803e2d2bd0ab7089,wheat,bing,,data/raw/bing/wheat/witbier_belgian_white_beer_tulip_glass_-bottle_-can_-logo/000034.jpg,000034.jpg,569,667,2025-10-04T18:10:12Z
ba2cd3ee08bb1f87e683fdc569519a66be1de111,wheat,bing,,data/raw/bing/wheat/witbier_belgian_white_beer_tulip_glass_-bottle_-can_-logo/000020.jpg,000020.jpg,768,1150,2025-10-04T18:10:12Z
89e9e7da273df4a7fd2a38f31e0790db931668c0,wheat,bing,,data/raw/bing/wheat/witbier_belgian_white_beer_tulip_glass_-bottle_-can_-logo/000008.jpg,000008.jpg,1835,2560,2025-10-04T18:10:12Z
b69c76a4e6fd64725ba4e7cbfbbd8dd0e7654876,wheat,bing,,data/raw/bing/wheat/witbier_belgian_white_beer_tulip_glass_-bottle_-can_-logo/000009.jpg,000009.jpg,969,969,2025-10-04T18:10:12Z
805c5538c4ac41597b7f1f9563b1dfb67df30502,wheat,bing,,data/raw/bing/wheat/witbier_belgian_white_beer_tulip_glass_-bottle_-can_-logo/000021.jpg,000021.jpg,1800,1800,2025-10-04T18:10:12Z
ce514dbc1b11c5a847a2329a9e2d08484c7bbc74,wheat,bing,,data/raw/bing/wheat/witbier_belgian_white_beer_tulip_glass_-bottle_-can_-logo/000035.jpg,000035.jpg,960,811,2025-10-04T18:10:12Z
50cb939d9c3174e997bf21faf4efaa7ce38181a0,wheat,bing,,data/raw/bing/wheat/witbier_belgian_white_beer_tulip_glass_-bottle_-can_-logo/000023.jpg,000023.jpg,1000,1000,2025-10-04T18:10:12Z
1e6821f7a777d3d8081763aef5a91eca2f530cad,wheat,bing,,data/raw/bing/wheat/witbier_belgian_white_beer_tulip_glass_-bottle_-can_-logo/000022.jpg,000022.jpg,1164,1690,2025-10-04T18:10:12Z
0beae72af79a286972b8a88f3976e5b8f98d7f11,wheat,bing,,data/raw/bing/wheat/witbier_belgian_white_beer_tulip_glass_-bottle_-can_-logo/000045.jpg,000045.jpg,1200,1200,2025-10-04T18:10:12Z
61406b4d77de55b6ae1529a4691a14827be410a3,wheat,bing,,data/raw/bing/wheat/witbier_belgian_white_beer_tulip_glass_-bottle_-can_-logo/000046.jpg,000046.jpg,853,960,2025-10-04T18:10:12Z
c2f3bd8f7afe14618d923a9cc4b399fe503505ed,wheat,bing,,data/raw/bing/wheat/witbier_belgian_white_beer_tulip_glass_-bottle_-can_-logo/000043.jpg,000043.jpg,811,960,2025-10-04T18:10:12Z
a054112efde40675a5c0136c1ed0ce4757367ebe,wheat,bing,,data/raw/bing/wheat/witbier_belgian_white_beer_tulip_glass_-bottle_-can_-logo/000042.jpg,000042.jpg,960,960,2025-10-04T18:10:12Z
13fca0f9488a0983c9149ff877f67bdde39329f9,wheat,bing,,data/raw/bing/wheat/witbier_belgian_white_beer_tulip_glass_-bottle_-can_-logo/000040.jpg,000040.jpg,600,600,2025-10-04T18:10:12Z
4aa1b53a2e690b6a5cc61e3ac2b1681df58965b3,wheat,bing,,data/raw/bing/wheat/witbier_belgian_white_beer_tulip_glass_-bottle_-can_-logo/000041.jpg,000041.jpg,1280,720,2025-10-04T18:10:12Z
1d5724209875452bdccc05cb365131d32e4c7eb7,wheat,bing,,data/raw/bing/wheat/witbier_belgian_white_beer_tulip_glass_-bottle_-can_-logo/000013.jpg,000013.jpg,768,1151,2025-10-04T18:10:12Z
12e9f317dfd047fc1e27696b1016d561e2b141cf,wheat,bing,,data/raw/bing/wheat/witbier_belgian_white_beer_tulip_glass_-bottle_-can_-logo/000012.jpg,000012.jpg,1422,1600,2025-10-04T18:10:12Z
3c6ab441a33e65c999410e63cfb79828702a5c88,wheat,bing,,data/raw/bing/wheat/witbier_belgian_white_beer_tulip_glass_-bottle_-can_-logo/000006.jpg,000006.jpg,1288,1416,2025-10-04T18:10:12Z
4865c2dcbaa7f5900a62a4814394d2f3da998bed,wheat,bing,,data/raw/bing/wheat/witbier_belgian_white_beer_tulip_glass_-bottle_-can_-logo/000038.jpg,000038.jpg,600,600,2025-10-04T18:10:12Z
cdae3616390f0c4c60bec3c1de87d9cf6bab3d1b,wheat,bing,,data/raw/bing/wheat/witbier_belgian_white_beer_tulip_glass_-bottle_-can_-logo/000010.jpg,000010.jpg,770,1500,2025-10-04T18:10:12Z
273d778ac5fa46b36550de345a23e44b33941014,wheat,bing,,data/raw/bing/wheat/witbier_belgian_white_beer_tulip_glass_-bottle_-can_-logo/000004.jpg,000004.jpg,1024,1024,2025-10-04T18:10:12Z
797637672bde92621c9694103a84538616c4bcb0,wheat,bing,,data/raw/bing/wheat/witbier_belgian_white_beer_tulip_glass_-bottle_-can_-logo/000001.jpg,000001.jpg,1200,1200,2025-10-04T18:10:12Z
dd106221bd9cfd81206d17b5ff70b2f8c249569d,wheat,bing,,data/raw/bing/wheat/witbier_belgian_white_beer_tulip_glass_-bottle_-can_-logo/000029.jpg,000029.jpg,1000,1000,2025-10-04T18:10:12Z
3eb2cab905016dbea1c929dfbeef7be1fa894b16,wheat,bing,,data/raw/bing/wheat/witbier_belgian_white_beer_tulip_glass_-bottle_-can_-logo/000028.jpg,000028.jpg,1600,1600,2025-10-04T18:10:12Z
b3887b9fdba3229e54386466d10f839930f9e1b7,wheat,bing,,data/raw/bing/wheat/witbier_belgian_white_beer_tulip_glass_-bottle_-can_-logo/000014.jpg,000014.jpg,569,738,2025-10-04T18:10:12Z
6baf254a4c7c23cd03e76ceefbd492c7b0eef3e2,wheat,bing,,data/raw/bing/wheat/witbier_belgian_white_beer_tulip_glass_-bottle_-can_-logo/000002.jpg,000002.jpg,1068,1690,2025-10-04T18:10:12Z
2905845e217e00f3d133d5b350cf63a309383a0e,wheat,bing,,data/raw/bing/wheat/witbier_belgian_white_beer_tulip_glass_-bottle_-can_-logo/000016.jpg,000016.jpg,1000,1000,2025-10-04T18:10:12Z
a32d3f43e242131379883c792a1b9bf7e8f13de0,wheat,bing,,data/raw/bing/wheat/witbier_belgian_white_beer_tulip_glass_-bottle_-can_-logo/000003.jpg,000003.jpg,920,920,2025-10-04T18:10:12Z
0441cea659b741a698534fbd357c5869616d7358,wheat,bing,,data/raw/bing/wheat/dunkelweizen_dark_wheat_beer_tall_glass_-bottle_-can_-logo/000026.jpg,000026.jpg,600,900,2025-10-04T18:11:27Z
05b1eed2c3801e9a56d758aff6efed9f029d6c3a,wheat,bing,,data/raw/bing/wheat/dunkelweizen_dark_wheat_beer_tall_glass_-bottle_-can_-logo/000032.jpg,000032.jpg,600,600,2025-10-04T18:11:27Z
3b780e2e6e084b18b5cea3e90f8759af717510b7,wheat,bing,,data/raw/bing/wheat/dunkelweizen_dark_wheat_beer_tall_glass_-bottle_-can_-logo/000033.jpg,000033.jpg,946,1390,2025-10-04T18:11:27Z
1dc8a173c0148d67c7e4b2fdce1792fe1d3c61b1,wheat,bing,,data/raw/bing/wheat/dunkelweizen_dark_wheat_beer_tall_glass_-bottle_-can_-logo/000027.jpg,000027.jpg,1300,1064,2025-10-04T18:11:27Z
1cb72d809b7377f87968b6e0acf3ac0d05104b82,wheat,bing,,data/raw/bing/wheat/dunkelweizen_dark_wheat_beer_tall_glass_-bottle_-can_-logo/000019.jpg,000019.jpg,2448,3264,2025-10-04T18:11:27Z
0c25fa6b2c178130b61663a1df8908845adfe385,wheat,bing,,data/raw/bing/wheat/dunkelweizen_dark_wheat_beer_tall_glass_-bottle_-can_-logo/000025.jpg,000025.jpg,768,512,2025-10-04T18:11:27Z
a845a1add45d6d8c61c5f85a210b437fc09a24f2,wheat,bing,,data/raw/bing/wheat/dunkelweizen_dark_wheat_beer_tall_glass_-bottle_-can_-logo/000024.jpg,000024.jpg,2336,2336,2025-10-04T18:11:27Z
d58337e519b89fb2c9d64e3b3350a4fe3649de7c,wheat,bing,,data/raw/bing/wheat/dunkelweizen_dark_wheat_beer_tall_glass_-bottle_-can_-logo/000030.jpg,000030.jpg,1700,740,2025-10-04T18:11:27Z
9f18a36eb67389aa4349e1465e9de9dffb4d6e6c,wheat,bing,,data/raw/bing/wheat/dunkelweizen_dark_wheat_beer_tall_glass_-bottle_-can_-logo/000018.jpg,000018.jpg,800,533,2025-10-04T18:11:27Z
323155f4bcad5d0653dc7834042bd481a6139334,wheat,bing,,data/raw/bing/wheat/dunkelweizen_dark_wheat_beer_tall_glass_-bottle_-can_-logo/000034.jpg,000034.jpg,1300,1034,2025-10-04T18:11:27Z
ec69b20c9363618eb65251b3514d380b908c8b80,wheat,bing,,data/raw/bing/wheat/dunkelweizen_dark_wheat_beer_tall_glass_-bottle_-can_-logo/000020.jpg,000020.jpg,1280,720,2025-10-04T18:11:27Z
768805e2787b580cf1ca4c3c1910002edca148dd,wheat,bing,,data/raw/bing/wheat/dunkelweizen_dark_wheat_beer_tall_glass_-bottle_-can_-logo/000008.jpg,000008.jpg,1200,1200,2025-10-04T18:11:27Z
59cb92ca6681a994ca0b868543754859fe434891,wheat,bing,,data/raw/bing/wheat/dunkelweizen_dark_wheat_beer_tall_glass_-bottle_-can_-logo/000009.jpg,000009.jpg,1280,720,2025-10-04T18:11:27Z
5f35b7e6687ec4f4a92362d7eb2f3764b47f3cdb,wheat,bing,,data/raw/bing/wheat/dunkelweizen_dark_wheat_beer_tall_glass_-bottle_-can_-logo/000021.jpg,000021.jpg,585,585,2025-10-04T18:11:27Z
ae7d99c26a81b109a0dc17e04db0ca4136a5f1ff,wheat,bing,,data/raw/bing/wheat/dunkelweizen_dark_wheat_beer_tall_glass_-bottle_-can_-logo/000023.jpg,000023.jpg,1200,1848,2025-10-04T18:11:27Z
14e6960467d8289ecc445ae64057f2a7bc4c0e7b,wheat,bing,,data/raw/bing/wheat/dunkelweizen_dark_wheat_beer_tall_glass_-bottle_-can_-logo/000037.jpg,000037.jpg,1300,1064,2025-10-04T18:11:27Z
68c683740ca0d524f4c6d462b58e4ec6db817057,wheat,bing,,data/raw/bing/wheat/dunkelweizen_dark_wheat_beer_tall_glass_-bottle_-can_-logo/000036.jpg,000036.jpg,736,985,2025-10-04T18:11:27Z
919c4a31610e52dc074e1a79788501ca5596bc80,wheat,bing,,data/raw/bing/wheat/dunkelweizen_dark_wheat_beer_tall_glass_-bottle_-can_-logo/000022.jpg,000022.jpg,1200,630,2025-10-04T18:11:27Z
c804d4cfc806396990670f545248f0368a95ff49,wheat,bing,,data/raw/bing/wheat/dunkelweizen_dark_wheat_beer_tall_glass_-bottle_-can_-logo/000040.jpg,000040.jpg,534,800,2025-10-04T18:11:27Z
2804f20c3d63a50f386677282dc5a0c6ff6944fa,wheat,bing,,data/raw/bing/wheat/dunkelweizen_dark_wheat_beer_tall_glass_-bottle_-can_-logo/000007.jpg,000007.jpg,1024,1024,2025-10-04T18:11:27Z
9dd2035ed7aeee393657c3cc3c96820e54bf37b2,wheat,bing,,data/raw/bing/wheat/dunkelweizen_dark_wheat_beer_tall_glass_-bottle_-can_-logo/000013.jpg,000013.jpg,1080,1920,2025-10-04T18:11:27Z
98d11040de78a21ae3c1f8f5ea48457733db14e4,wheat,bing,,data/raw/bing/wheat/dunkelweizen_dark_wheat_beer_tall_glass_-bottle_-can_-logo/000012.jpg,000012.jpg,905,1600,2025-10-04T18:11:27Z
49ba993edce3d76d3f3f37b5d55ab15ff4b08e39,wheat,bing,,data/raw/bing/wheat/dunkelweizen_dark_wheat_beer_tall_glass_-bottle_-can_-logo/000006.jpg,000006.jpg,600,610,2025-10-04T18:11:27Z
0cb96fe720ff189514523dbe4bd105dcde1d561f,wheat,bing,,data/raw/bing/wheat/dunkelweizen_dark_wheat_beer_tall_glass_-bottle_-can_-logo/000038.jpg,000038.jpg,2000,1333,2025-10-04T18:11:27Z
640e9c0a76e5494c8ddf971a7ba009705207fe63,wheat,bing,,data/raw/bing/wheat/dunkelweizen_dark_wheat_beer_tall_glass_-bottle_-can_-logo/000004.jpg,000004.jpg,769,1024,2025-10-04T18:11:27Z
3a40149deac4fff013b47ea223873610ba61fa81,wheat,bing,,data/raw/bing/wheat/dunkelweizen_dark_wheat_beer_tall_glass_-bottle_-can_-logo/000005.jpg,000005.jpg,947,1500,2025-10-04T18:11:27Z
28220b43c7c89ec07cb20c1d53f8501a2af9d2ea,wheat,bing,,data/raw/bing/wheat/dunkelweizen_dark_wheat_beer_tall_glass_-bottle_-can_-logo/000039.jpg,000039.jpg,550,550,2025-10-04T18:11:27Z
4f53fb7c9ad4fce24f782634019de5c0b1ac2719,wheat,bing,,data/raw/bing/wheat/dunkelweizen_dark_wheat_beer_tall_glass_-bottle_-can_-logo/000001.jpg,000001.jpg,512,512,2025-10-04T18:11:27Z
e312bf365b1e1ed2a4baa754b65d2639b3f7c4b7,wheat,bing,,data/raw/bing/wheat/dunkelweizen_dark_wheat_beer_tall_glass_-bottle_-can_-logo/000029.jpg,000029.jpg,1200,900,2025-10-04T18:11:27Z
dcd5175258f0d64ade9112c52825e53dd8812357,wheat,bing,,data/raw/bing/wheat/dunkelweizen_dark_wheat_beer_tall_glass_-bottle_-can_-logo/000028.jpg,000028.jpg,1067,1600,2025-10-04T18:11:27Z
cf7b08c544a7270cc053b71680bbdc11a397f181,wheat,bing,,data/raw/bing/wheat/dunkelweizen_dark_wheat_beer_tall_glass_-bottle_-can_-logo/000014.jpg,000014.jpg,866,1390,2025-10-04T18:11:27Z
b5a25e3c741388cf4f78fe93e0c5227a19f7faac,wheat,bing,,data/raw/bing/wheat/dunkelweizen_dark_wheat_beer_tall_glass_-bottle_-can_-logo/000002.jpg,000002.jpg,1920,1000,2025-10-04T18:11:27Z
8ddaad6bf2d5ffdfd2bbe562564da846682c1d73,wheat,bing,,data/raw/bing/wheat/dunkelweizen_dark_wheat_beer_tall_glass_-bottle_-can_-logo/000016.jpg,000016.jpg,1200,1200,2025-10-04T18:11:27Z
02a576e6ce3a714e54b318d850cd21b799451285,wheat,bing,,data/raw/bing/wheat/dunkelweizen_dark_wheat_beer_tall_glass_-bottle_-can_-logo/000017.jpg,000017.jpg,1200,900,2025-10-04T18:11:27Z
aa2b8257d7f253670d68f9be6b4b904a18e95d34,wheat,bing,,data/raw/bing/wheat/dunkelweizen_dark_wheat_beer_tall_glass_-bottle_-can_-logo/000003.jpg,000003.jpg,1400,933,2025-10-04T18:11:27Z
b8d31df03f2069f75d8d73e491373ec0e3e25df2,wheat,bing,,data/raw/bing/wheat/wheat_ale_hazy_golden_in_weizen_vase_-bottle_-can_-logo/000026.jpg,000026.jpg,736,736,2025-10-04T18:12:42Z
f7108ba7f4732a4a246b83804249396d7c8f1f45,wheat,bing,,data/raw/bing/wheat/wheat_ale_hazy_golden_in_weizen_vase_-bottle_-can_-logo/000032.jpg,000032.jpg,600,600,2025-10-04T18:12:42Z
40372b98e556ac76213dad0b128d23ef671db57e,wheat,bing,,data/raw/bing/wheat/wheat_ale_hazy_golden_in_weizen_vase_-bottle_-can_-logo/000033.jpg,000033.jpg,903,1600,2025-10-04T18:12:42Z
22acbcbf82a9b7757e11d03db350aae0a0e2ff70,wheat,bing,,data/raw/bing/wheat/wheat_ale_hazy_golden_in_weizen_vase_-bottle_-can_-logo/000019.jpg,000019.jpg,600,600,2025-10-04T18:12:42Z
40e56344c63173f1182329da07dabb6cf5c62ea9,wheat,bing,,data/raw/bing/wheat/wheat_ale_hazy_golden_in_weizen_vase_-bottle_-can_-logo/000031.jpg,000031.jpg,1500,1830,2025-10-04T18:12:42Z
159ddf9241209f0295d703952bbfc532f0dd14ff,wheat,bing,,data/raw/bing/wheat/wheat_ale_hazy_golden_in_weizen_vase_-bottle_-can_-logo/000024.jpg,000024.jpg,898,1690,2025-10-04T18:12:42Z
cc530993faff5c907c2297d5407b2c42c073cd3a,wheat,bing,,data/raw/bing/wheat/wheat_ale_hazy_golden_in_weizen_vase_-bottle_-can_-logo/000030.jpg,000030.jpg,2288,1712,2025-10-04T18:12:42Z
0e2bd7d2fcf643291a32ab14066d298ed3a9d099,wheat,bing,,data/raw/bing/wheat/wheat_ale_hazy_golden_in_weizen_vase_-bottle_-can_-logo/000018.jpg,000018.jpg,600,900,2025-10-04T18:12:42Z
44c6eaa8535706d50807d1044260e4d406ceeb37,wheat,bing,,data/raw/bing/wheat/wheat_ale_hazy_golden_in_weizen_vase_-bottle_-can_-logo/000034.jpg,000034.jpg,1920,1280,2025-10-04T18:12:42Z
47fd4af6703b31d42d791ded533c826cbf68ae95,wheat,bing,,data/raw/bing/wheat/wheat_ale_hazy_golden_in_weizen_vase_-bottle_-can_-logo/000020.jpg,000020.jpg,800,534,2025-10-04T18:12:42Z
67a51fa760708375ff862545be2d2389689a0a2c,wheat,bing,,data/raw/bing/wheat/wheat_ale_hazy_golden_in_weizen_vase_-bottle_-can_-logo/000008.jpg,000008.jpg,1300,1336,2025-10-04T18:12:42Z
9659f63d2be6490d6f831d188d5943c854361707,wheat,bing,,data/raw/bing/wheat/wheat_ale_hazy_golden_in_weizen_vase_-bottle_-can_-logo/000009.jpg,000009.jpg,640,960,2025-10-04T18:12:42Z
ddab8b5e7b0bd4ee1d402b85e6ccec4a0ba1b8e9,wheat,bing,,data/raw/bing/wheat/wheat_ale_hazy_golden_in_weizen_vase_-bottle_-can_-logo/000021.jpg,000021.jpg,626,626,2025-10-04T18:12:42Z
688ddb40eccf3232ec654761a1eb42c696d6b827,wheat,bing,,data/raw/bing/wheat/wheat_ale_hazy_golden_in_weizen_vase_-bottle_-can_-logo/000035.jpg,000035.jpg,1024,860,2025-10-04T18:12:42Z
66ed8479cda91d7118a96d36dfbebd7937ccd530,wheat,bing,,data/raw/bing/wheat/wheat_ale_hazy_golden_in_weizen_vase_-bottle_-can_-logo/000036.jpg,000036.jpg,1200,1468,2025-10-04T18:12:42Z
9c66e8985082de25d45a48e860d60550dfee0d57,wheat,bing,,data/raw/bing/wheat/wheat_ale_hazy_golden_in_weizen_vase_-bottle_-can_-logo/000022.jpg,000022.jpg,600,600,2025-10-04T18:12:42Z
fc0619fdb2644dd4a1fef73cfcd257f71c8da333,wheat,bing,,data/raw/bing/wheat/wheat_ale_hazy_golden_in_weizen_vase_-bottle_-can_-logo/000051.jpg,000051.jpg,1000,1000,2025-10-04T18:12:42Z
68be3dd64a4570175da62d94f9ca8ac9a2691b24,wheat,bing,,data/raw/bing/wheat/wheat_ale_hazy_golden_in_weizen_vase_-bottle_-can_-logo/000050.jpg,000050.jpg,731,600,2025-10-04T18:12:42Z
467b0d24f167958af8cc6d89d217abb10fd5e487,wheat,bing,,data/raw/bing/wheat/wheat_ale_hazy_golden_in_weizen_vase_-bottle_-can_-logo/000044.jpg,000044.jpg,652,900,2025-10-04T18:12:42Z
b5ef74b49ff5d0a1c57c70d02c224cdaea6e0620,wheat,bing,,data/raw/bing/wheat/wheat_ale_hazy_golden_in_weizen_vase_-bottle_-can_-logo/000052.jpg,000052.jpg,837,1024,2025-10-04T18:12:42Z
4fc5a7c930109d4b3cec8b37a101801561f28b36,wheat,bing,,data/raw/bing/wheat/wheat_ale_hazy_golden_in_weizen_vase_-bottle_-can_-logo/000046.jpg,000046.jpg,742,742,2025-10-04T18:12:42Z
a43086d423213be4704010b808fb08d9672ca268,wheat,bing,,data/raw/bing/wheat/wheat_ale_hazy_golden_in_weizen_vase_-bottle_-can_-logo/000057.jpg,000057.jpg,1600,1157,2025-10-04T18:12:42Z
d5290f330e80f168f648d8e1680fb10722e2879a,wheat,bing,,data/raw/bing/wheat/wheat_ale_hazy_golden_in_weizen_vase_-bottle_-can_-logo/000043.jpg,000043.jpg,685,1024,2025-10-04T18:12:42Z
d76a35f3c58af306c8d67f685332ca649b3a95d5,wheat,bing,,data/raw/bing/wheat/wheat_ale_hazy_golden_in_weizen_vase_-bottle_-can_-logo/000056.jpg,000056.jpg,600,600,2025-10-04T18:12:42Z
a1f6e97abaaaef3f0219bda1514314531a67179c,wheat,bing,,data/raw/bing/wheat/wheat_ale_hazy_golden_in_weizen_vase_-bottle_-can_-logo/000040.jpg,000040.jpg,837,1024,2025-10-04T18:12:42Z
42cdd6fc90fda3dcacab48aecfa0b20f12d601c2,wheat,bing,,data/raw/bing/wheat/wheat_ale_hazy_golden_in_weizen_vase_-bottle_-can_-logo/000055.jpg,000055.jpg,768,768,2025-10-04T18:12:42Z
79ffe56de03aa5a1c93ea6e483e88500a9f9f304,wheat,bing,,data/raw/bing/wheat/wheat_ale_hazy_golden_in_weizen_vase_-bottle_-can_-logo/000058.jpg,000058.jpg,720,960,2025-10-04T18:12:42Z
ef73573e78e334ac2383057379bf79ad93212429,wheat,bing,,data/raw/bing/wheat/wheat_ale_hazy_golden_in_weizen_vase_-bottle_-can_-logo/000059.jpg,000059.jpg,800,534,2025-10-04T18:12:42Z
ab0221647e8d23bec89c80a7903ec3eb7b497a8c,wheat,bing,,data/raw/bing/wheat/wheat_ale_hazy_golden_in_weizen_vase_-bottle_-can_-logo/000049.jpg,000049.jpg,975,1390,2025-10-04T18:12:42Z
fb91e0c8704392c03b1535e7d046a8d52ebedfc3,wheat,bing,,data/raw/bing/wheat/wheat_ale_hazy_golden_in_weizen_vase_-bottle_-can_-logo/000048.jpg,000048.jpg,1200,1468,2025-10-04T18:12:42Z
dc573919d76c7c84d622465fa4ec63e1a826894d,wheat,bing,,data/raw/bing/wheat/wheat_ale_hazy_golden_in_weizen_vase_-bottle_-can_-logo/000060.jpg,000060.jpg,837,1024,2025-10-04T18:12:42Z
b48a9a85f797ef4ac90ae4ab70e21d37863da1d3,wheat,bing,,data/raw/bing/wheat/wheat_ale_hazy_golden_in_weizen_vase_-bottle_-can_-logo/000007.jpg,000007.jpg,640,960,2025-10-04T18:12:42Z
d4fd83fb8e85912b6c17ea629fb9175a6d8c9d36,wheat,bing,,data/raw/bing/wheat/wheat_ale_hazy_golden_in_weizen_vase_-bottle_-can_-logo/000038.jpg,000038.jpg,626,626,2025-10-04T18:12:42Z
b0c565d748f707658b8ad2bf4a0da61fc0c597e2,wheat,bing,,data/raw/bing/wheat/wheat_ale_hazy_golden_in_weizen_vase_-bottle_-can_-logo/000010.jpg,000010.jpg,1300,1324,2025-10-04T18:12:42Z
aa84a4133dc2b5d10ead5fb8d91fd39c9b6c67da,wheat,bing,,data/raw/bing/wheat/wheat_ale_hazy_golden_in_weizen_vase_-bottle_-can_-logo/000004.jpg,000004.jpg,1066,1690,2025-10-04T18:12:42Z
f5b83bb5765f95acf53bba6a816f85c757662cfa,wheat,bing,,data/raw/bing/wheat/wheat_ale_hazy_golden_in_weizen_vase_-bottle_-can_-logo/000005.jpg,000005.jpg,1600,1156,2025-10-04T18:12:42Z
7306321812f3e423c5f30a1603bec2e66b144792,wheat,bing,,data/raw/bing/wheat/wheat_ale_hazy_golden_in_weizen_vase_-bottle_-can_-logo/000011.jpg,000011.jpg,660,900,2025-10-04T18:12:42Z
a821e453c771ad75b6863930d2acd4aaee674286,wheat,bing,,data/raw/bing/wheat/wheat_ale_hazy_golden_in_weizen_vase_-bottle_-can_-logo/000039.jpg,000039.jpg,1200,1468,2025-10-04T18:12:42Z
18a747d3c0141ac6c90fa645fe4e725ae21ef27f,wheat,bing,,data/raw/bing/wheat/wheat_ale_hazy_golden_in_weizen_vase_-bottle_-can_-logo/000015.jpg,000015.jpg,866,1390,2025-10-04T18:12:42Z
b4881040bc64f395eb9e0b3eede24ec9c61606e1,wheat,bing,,data/raw/bing/wheat/wheat_ale_hazy_golden_in_weizen_vase_-bottle_-can_-logo/000001.jpg,000001.jpg,994,1390,2025-10-04T18:12:42Z
65edd599dbe727fcff7c5b4f724e0dbe06cd4924,wheat,bing,,data/raw/bing/wheat/wheat_ale_hazy_golden_in_weizen_vase_-bottle_-can_-logo/000029.jpg,000029.jpg,1257,1600,2025-10-04T18:12:42Z
869128be5b4a6d34d4796162129d4bc4d6ce0fff,wheat,bing,,data/raw/bing/wheat/wheat_ale_hazy_golden_in_weizen_vase_-bottle_-can_-logo/000014.jpg,000014.jpg,626,626,2025-10-04T18:12:42Z
378342c24121b8dcc5b8aab7076411449f573d9b,wheat,bing,,data/raw/bing/wheat/wheat_ale_hazy_golden_in_weizen_vase_-bottle_-can_-logo/000016.jpg,000016.jpg,735,897,2025-10-04T18:12:42Z
c54c5ec749128ced69cfb7d1132ab7269722157b,wheat,bing,,data/raw/bing/wheat/wheat_ale_hazy_golden_in_weizen_vase_-bottle_-can_-logo/000017.jpg,000017.jpg,598,900,2025-10-04T18:12:42Z
4d584c50e6e0005f23caf4f9d0cec4d41e99a296,wheat,bing,,data/raw/bing/wheat/wheat_ale_hazy_golden_in_weizen_vase_-bottle_-can_-logo/000003.jpg,000003.jpg,1066,1690,2025-10-04T18:12:42Z
6b4a14108af1d4325b8515552d186cf1914c519e,ipa,bing,,data/raw/bing/ipa/ipa_beer_tulip_teku_glass_amber_hops_-bottle_-can_-logo_-mockup/000033.jpg,000033.jpg,1000,1000,2025-10-04T18:14:25Z
054f424118876735009815c4c528249e6b5f9bb0,ipa,bing,,data/raw/bing/ipa/ipa_beer_tulip_teku_glass_amber_hops_-bottle_-can_-logo_-mockup/000027.jpg,000027.jpg,1300,956,2025-10-04T18:14:25Z
c9d2a4a63ddf82bde4749e49fc2605bbd88484c3,ipa,bing,,data/raw/bing/ipa/ipa_beer_tulip_teku_glass_amber_hops_-bottle_-can_-logo_-mockup/000031.jpg,000031.jpg,1200,628,2025-10-04T18:14:25Z
7f83e50f9bb0ca5d25eb59527c82b79d4b90e3de,ipa,bing,,data/raw/bing/ipa/ipa_beer_tulip_teku_glass_amber_hops_-bottle_-can_-logo_-mockup/000024.jpg,000024.jpg,800,534,2025-10-04T18:14:25Z
55f957096506dae20c036f971a1cb6060cf2d8af,ipa,bing,,data/raw/bing/ipa/ipa_beer_tulip_teku_glass_amber_hops_-bottle_-can_-logo_-mockup/000030.jpg,000030.jpg,1140,1140,2025-10-04T18:14:25Z
55dc3294a2711524cf5f2a587450b52b98788ca2,ipa,bing,,data/raw/bing/ipa/ipa_beer_tulip_teku_glass_amber_hops_-bottle_-can_-logo_-mockup/000018.jpg,000018.jpg,600,600,2025-10-04T18:14:25Z
b4fe74a83ffec555df2ce5e362c14981dcde4f79,ipa,bing,,data/raw/bing/ipa/ipa_beer_tulip_teku_glass_amber_hops_-bottle_-can_-logo_-mockup/000020.jpg,000020.jpg,2048,1365,2025-10-04T18:14:25Z
107216bc546a9e9818acdc80f8692e495642c6d2,ipa,bing,,data/raw/bing/ipa/ipa_beer_tulip_teku_glass_amber_hops_-bottle_-can_-logo_-mockup/000021.jpg,000021.jpg,1020,1028,2025-10-04T18:14:25Z
06b91a4ff433681d382674a067364fc609096687,ipa,bing,,data/raw/bing/ipa/ipa_beer_tulip_teku_glass_amber_hops_-bottle_-can_-logo_-mockup/000023.jpg,000023.jpg,1600,901,2025-10-04T18:14:25Z
4272c5b20ee0d900c9aca644d6657ce2a00b2820,ipa,bing,,data/raw/bing/ipa/ipa_beer_tulip_teku_glass_amber_hops_-bottle_-can_-logo_-mockup/000036.jpg,000036.jpg,687,1030,2025-10-04T18:14:25Z
e994ec19f26464fcc8b9bbef4b15514974a4a275,ipa,bing,,data/raw/bing/ipa/ipa_beer_tulip_teku_glass_amber_hops_-bottle_-can_-logo_-mockup/000022.jpg,000022.jpg,765,1569,2025-10-04T18:14:25Z
0b2761ce7fdb057a84093c1ff87ba6527c62b3a0,ipa,bing,,data/raw/bing/ipa/ipa_beer_tulip_teku_glass_amber_hops_-bottle_-can_-logo_-mockup/000044.jpg,000044.jpg,4288,4288,2025-10-04T18:14:25Z
b1bf29e8856a850ec9c1623529babe1c75f033cf,ipa,bing,,data/raw/bing/ipa/ipa_beer_tulip_teku_glass_amber_hops_-bottle_-can_-logo_-mockup/000046.jpg,000046.jpg,2000,2000,2025-10-04T18:14:25Z
bc8ef63401c3f5256fd6ab1865d811cb319c2306,ipa,bing,,data/raw/bing/ipa/ipa_beer_tulip_teku_glass_amber_hops_-bottle_-can_-logo_-mockup/000041.jpg,000041.jpg,736,1137,2025-10-04T18:14:25Z
d0010f53a73373e55eba9c7f7faf6f5f0d7d9ab2,ipa,bing,,data/raw/bing/ipa/ipa_beer_tulip_teku_glass_amber_hops_-bottle_-can_-logo_-mockup/000007.jpg,000007.jpg,921,1464,2025-10-04T18:14:25Z
42b670cfcd74c1e5c9246b9d0a5bfbefb5e0dedc,ipa,bing,,data/raw/bing/ipa/ipa_beer_tulip_teku_glass_amber_hops_-bottle_-can_-logo_-mockup/000013.jpg,000013.jpg,600,900,2025-10-04T18:14:25Z
79873dcfec4e63c65d04f3f31997c78868534822,ipa,bing,,data/raw/bing/ipa/ipa_beer_tulip_teku_glass_amber_hops_-bottle_-can_-logo_-mockup/000012.jpg,000012.jpg,1200,1200,2025-10-04T18:14:25Z
6efe9e17f290ce311ed9f99c3e6aa7372708e767,ipa,bing,,data/raw/bing/ipa/ipa_beer_tulip_teku_glass_amber_hops_-bottle_-can_-logo_-mockup/000006.jpg,000006.jpg,800,776,2025-10-04T18:14:25Z
16621654a743bfa3d4baf323c24eb60e2c74131a,ipa,bing,,data/raw/bing/ipa/ipa_beer_tulip_teku_glass_amber_hops_-bottle_-can_-logo_-mockup/000038.jpg,000038.jpg,697,586,2025-10-04T18:14:25Z
20a02147bb3b6f0ed97f67911bb68165c0edd355,ipa,bing,,data/raw/bing/ipa/ipa_beer_tulip_teku_glass_amber_hops_-bottle_-can_-logo_-mockup/000010.jpg,000010.jpg,1080,1080,2025-10-04T18:14:25Z
e1a3a561ca1ef7897f37d1718b2e90223ae8ec55,ipa,bing,,data/raw/bing/ipa/ipa_beer_tulip_teku_glass_amber_hops_-bottle_-can_-logo_-mockup/000004.jpg,000004.jpg,740,555,2025-10-04T18:14:25Z
34e9421d591b34aaef167e2b18bc4b7d28e645ea,ipa,bing,,data/raw/bing/ipa/ipa_beer_tulip_teku_glass_amber_hops_-bottle_-can_-logo_-mockup/000005.jpg,000005.jpg,800,800,2025-10-04T18:14:25Z
aacb74e74900eadab12e2b248b9e882bfaeb9d9f,ipa,bing,,data/raw/bing/ipa/ipa_beer_tulip_teku_glass_amber_hops_-bottle_-can_-logo_-mockup/000011.jpg,000011.jpg,1588,1588,2025-10-04T18:14:25Z
423017d77fd025d077733c215e77bbcc7283af57,ipa,bing,,data/raw/bing/ipa/ipa_beer_tulip_teku_glass_amber_hops_-bottle_-can_-logo_-mockup/000039.jpg,000039.jpg,640,853,2025-10-04T18:14:25Z
16c541b4fcc82c5003de4d6d4d438d9768fda097,ipa,bing,,data/raw/bing/ipa/ipa_beer_tulip_teku_glass_amber_hops_-bottle_-can_-logo_-mockup/000029.jpg,000029.jpg,1200,630,2025-10-04T18:14:25Z
9bad9d134d62eae1b64c670403340f122b9cb41c,ipa,bing,,data/raw/bing/ipa/ipa_beer_tulip_teku_glass_amber_hops_-bottle_-can_-logo_-mockup/000028.jpg,000028.jpg,1500,1000,2025-10-04T18:14:25Z
51f345a0848f9a0009e5c8f59ba007d84efdb5e9,ipa,bing,,data/raw/bing/ipa/ipa_beer_tulip_teku_glass_amber_hops_-bottle_-can_-logo_-mockup/000014.jpg,000014.jpg,800,800,2025-10-04T18:14:25Z
2ef89f4c8fa9ca0e2e0dd59386c6863b604f7f29,ipa,bing,,data/raw/bing/ipa/ipa_beer_tulip_teku_glass_amber_hops_-bottle_-can_-logo_-mockup/000016.jpg,000016.jpg,1080,865,2025-10-04T18:14:25Z
7191df9ad77aba249e8f053d359307325d0c2a2b,ipa,bing,,data/raw/bing/ipa/ipa_beer_tulip_teku_glass_amber_hops_-bottle_-can_-logo_-mockup/000017.jpg,000017.jpg,2367,3156,2025-10-04T18:14:25Z
c332077a2af74cfcda6f471d646d373af3a9d02c,ipa,bing,,data/raw/bing/ipa/ipa_beer_tulip_teku_glass_amber_hops_-bottle_-can_-logo_-mockup/000003.jpg,000003.jpg,1600,899,2025-10-04T18:14:25Z
491dadea96ae934b909de14f52b1c3464f8da47c,ipa,bing,,data/raw/bing/ipa/west_coast_ipa_clear_golden_nonic_pint_-bottle_-can_-logo/000026.jpg,000026.jpg,1400,800,2025-10-04T18:15:53Z
0aaeb7b167c681453d351be851cc25bd458aa8aa,ipa,bing,,data/raw/bing/ipa/west_coast_ipa_clear_golden_nonic_pint_-bottle_-can_-logo/000027.jpg,000027.jpg,1024,1024,2025-10-04T18:15:53Z
4b629b0b38ec78d51661f8f44771d20d2106dc55,ipa,bing,,data/raw/bing/ipa/west_coast_ipa_clear_golden_nonic_pint_-bottle_-can_-logo/000019.jpg,000019.jpg,2000,2000,2025-10-04T18:15:53Z
cfe73f7fdae47aa32d07562270bfef940c3c4d06,ipa,bing,,data/raw/bing/ipa/west_coast_ipa_clear_golden_nonic_pint_-bottle_-can_-logo/000031.jpg,000031.jpg,640,640,2025-10-04T18:15:53Z
2f7b522d302999bf724f404ce074b4682a34c2e8,ipa,bing,,data/raw/bing/ipa/west_coast_ipa_clear_golden_nonic_pint_-bottle_-can_-logo/000025.jpg,000025.jpg,3024,4032,2025-10-04T18:15:53Z
a88a9c0d78ff6b766b7b0695a7e205fc7643ce26,ipa,bing,,data/raw/bing/ipa/west_coast_ipa_clear_golden_nonic_pint_-bottle_-can_-logo/000024.jpg,000024.jpg,612,612,2025-10-04T18:15:53Z
368f2557be9603baab89036fe9cfed0e60d34ff3,ipa,bing,,data/raw/bing/ipa/west_coast_ipa_clear_golden_nonic_pint_-bottle_-can_-logo/000030.jpg,000030.jpg,1200,1452,2025-10-04T18:15:53Z
e44c9ae770fd8e053dc82d5b9f04554f68b2cff2,ipa,bing,,data/raw/bing/ipa/west_coast_ipa_clear_golden_nonic_pint_-bottle_-can_-logo/000018.jpg,000018.jpg,1200,900,2025-10-04T18:15:53Z
0d677c0c4f5607c8f45b59133f61074751204b05,ipa,bing,,data/raw/bing/ipa/west_coast_ipa_clear_golden_nonic_pint_-bottle_-can_-logo/000020.jpg,000020.jpg,1136,1599,2025-10-04T18:15:53Z
01b2c61874dcdc8dac650b3d03659a430e9997ec,ipa,bing,,data/raw/bing/ipa/west_coast_ipa_clear_golden_nonic_pint_-bottle_-can_-logo/000008.jpg,000008.jpg,1024,682,2025-10-04T18:15:53Z
bbca3cb3a1d2666d48870fa348f115426feb5834,ipa,bing,,data/raw/bing/ipa/west_coast_ipa_clear_golden_nonic_pint_-bottle_-can_-logo/000009.jpg,000009.jpg,1250,833,2025-10-04T18:15:53Z
b09a06d70db32f48a55c32e66fa1cf9cfe914bdb,ipa,bing,,data/raw/bing/ipa/west_coast_ipa_clear_golden_nonic_pint_-bottle_-can_-logo/000022.jpg,000022.jpg,512,512,2025-10-04T18:15:53Z
3d892ba17e298982e6516bfc03d016d789b633a4,ipa,bing,,data/raw/bing/ipa/west_coast_ipa_clear_golden_nonic_pint_-bottle_-can_-logo/000007.jpg,000007.jpg,600,803,2025-10-04T18:15:53Z
4b74f82ab37e2ed7442a6700e2f14bc0a9435941,ipa,bing,,data/raw/bing/ipa/west_coast_ipa_clear_golden_nonic_pint_-bottle_-can_-logo/000013.jpg,000013.jpg,1200,800,2025-10-04T18:15:53Z
c89f781a64618dd43e3385ad2b6db8e7d7a2b46b,ipa,bing,,data/raw/bing/ipa/west_coast_ipa_clear_golden_nonic_pint_-bottle_-can_-logo/000012.jpg,000012.jpg,4032,3024,2025-10-04T18:15:53Z
7869cc34f48368f536bb784715d4b41a306af089,ipa,bing,,data/raw/bing/ipa/west_coast_ipa_clear_golden_nonic_pint_-bottle_-can_-logo/000006.jpg,000006.jpg,1000,837,2025-10-04T18:15:53Z
ce2a68042277b215190fe07bc605287d7112e646,ipa,bing,,data/raw/bing/ipa/west_coast_ipa_clear_golden_nonic_pint_-bottle_-can_-logo/000010.jpg,000010.jpg,1536,2048,2025-10-04T18:15:53Z
b05bf98c2d106e12107521612edb6ae548c453ee,ipa,bing,,data/raw/bing/ipa/west_coast_ipa_clear_golden_nonic_pint_-bottle_-can_-logo/000004.jpg,000004.jpg,1000,1000,2025-10-04T18:15:53Z
8320c6db2e6ecfab1fc6333ff39aae8fd55959fa,ipa,bing,,data/raw/bing/ipa/west_coast_ipa_clear_golden_nonic_pint_-bottle_-can_-logo/000005.jpg,000005.jpg,1024,683,2025-10-04T18:15:53Z
0b95a3f05d032cc1c1ce4cfa7b8bcb2ef91d29e6,ipa,bing,,data/raw/bing/ipa/west_coast_ipa_clear_golden_nonic_pint_-bottle_-can_-logo/000011.jpg,000011.jpg,1407,2000,2025-10-04T18:15:53Z
5f1256a223f72778d868856e8444474654a3956b,ipa,bing,,data/raw/bing/ipa/west_coast_ipa_clear_golden_nonic_pint_-bottle_-can_-logo/000015.jpg,000015.jpg,1526,874,2025-10-04T18:15:53Z
6c707509de3e6372b69ef7ab0106b77970f4251b,ipa,bing,,data/raw/bing/ipa/west_coast_ipa_clear_golden_nonic_pint_-bottle_-can_-logo/000001.jpg,000001.jpg,705,800,2025-10-04T18:15:53Z
eaf45e1b7719f0868267391340a6ccf351c4ccf3,ipa,bing,,data/raw/bing/ipa/west_coast_ipa_clear_golden_nonic_pint_-bottle_-can_-logo/000029.jpg,000029.jpg,736,736,2025-10-04T18:15:53Z
4a0577a9d7e31d96bc9cc2e28c7054228de95327,ipa,bing,,data/raw/bing/ipa/west_coast_ipa_clear_golden_nonic_pint_-bottle_-can_-logo/000014.jpg,000014.jpg,1280,853,2025-10-04T18:15:53Z
83407084ff3d44b82de7f4bebac78067040398c6,ipa,bing,,data/raw/bing/ipa/west_coast_ipa_clear_golden_nonic_pint_-bottle_-can_-logo/000002.jpg,000002.jpg,1386,924,2025-10-04T18:15:53Z
6ec6e605522dc91bba2e22239ae91e8ca54188fb,ipa,bing,,data/raw/bing/ipa/west_coast_ipa_clear_golden_nonic_pint_-bottle_-can_-logo/000016.jpg,000016.jpg,1200,1200,2025-10-04T18:15:53Z
3b5b9178553f39baef6f92f406cd53473ea335dd,ipa,bing,,data/raw/bing/ipa/west_coast_ipa_clear_golden_nonic_pint_-bottle_-can_-logo/000017.jpg,000017.jpg,1417,1417,2025-10-04T18:15:53Z
ace7d732e92cbd51c2e8964d812686b9969560e6,ipa,bing,,data/raw/bing/ipa/west_coast_ipa_clear_golden_nonic_pint_-bottle_-can_-logo/000003.jpg,000003.jpg,600,600,2025-10-04T18:15:53Z
5e214660acc5b03bd4b3ddff04da1b63e8fd9efd,ipa,bing,,data/raw/bing/ipa/neipa_hazy_juicy_ipa_tulip_glass_-bottle_-can_-logo_-illustration/000026.jpg,000026.jpg,4501,4501,2025-10-04T18:17:02Z
c0aeb7d38547bfe2d5bc5b8c3fb3e4bf51025b48,ipa,bing,,data/raw/bing/ipa/neipa_hazy_juicy_ipa_tulip_glass_-bottle_-can_-logo_-illustration/000032.jpg,000032.jpg,1200,1200,2025-10-04T18:17:02Z
e6c6441c72ebfc94d16a5862383dfea1ab045ca1,ipa,bing,,data/raw/bing/ipa/neipa_hazy_juicy_ipa_tulip_glass_-bottle_-can_-logo_-illustration/000033.jpg,000033.jpg,1280,720,2025-10-04T18:17:02Z
bcee92ea1de1d808458760ef6bcd2f9cb50ca1e0,ipa,bing,,data/raw/bing/ipa/neipa_hazy_juicy_ipa_tulip_glass_-bottle_-can_-logo_-illustration/000027.jpg,000027.jpg,736,736,2025-10-04T18:17:02Z
5237f2eba36eb6cdf56ffdf59ffb7ffaa1c5838a,ipa,bing,,data/raw/bing/ipa/neipa_hazy_juicy_ipa_tulip_glass_-bottle_-can_-logo_-illustration/000019.jpg,000019.jpg,1920,1280,2025-10-04T18:17:02Z
dd079fb6779ea55da9f681a4e6766e90f8ef06d6,ipa,bing,,data/raw/bing/ipa/neipa_hazy_juicy_ipa_tulip_glass_-bottle_-can_-logo_-illustration/000031.jpg,000031.jpg,1280,720,2025-10-04T18:17:02Z
2300a67c9f7beccf51ae42634aacd2ff88df4965,ipa,bing,,data/raw/bing/ipa/neipa_hazy_juicy_ipa_tulip_glass_-bottle_-can_-logo_-illustration/000025.jpg,000025.jpg,736,981,2025-10-04T18:17:02Z
432ca9abe4c7e05bea8f4bfe0bdff29423cc03d1,ipa,bing,,data/raw/bing/ipa/neipa_hazy_juicy_ipa_tulip_glass_-bottle_-can_-logo_-illustration/000024.jpg,000024.jpg,1280,720,2025-10-04T18:17:02Z
4999f204c7939454f644b979f371cf3ed7daec94,ipa,bing,,data/raw/bing/ipa/neipa_hazy_juicy_ipa_tulip_glass_-bottle_-can_-logo_-illustration/000030.jpg,000030.jpg,1280,915,2025-10-04T18:17:02Z
d525b0913dff6e6447f1b13733a8994811b53853,ipa,bing,,data/raw/bing/ipa/neipa_hazy_juicy_ipa_tulip_glass_-bottle_-can_-logo_-illustration/000018.jpg,000018.jpg,714,688,2025-10-04T18:17:02Z
4681e4ce8ab50ef639e200550f855a941e3412f8,ipa,bing,,data/raw/bing/ipa/neipa_hazy_juicy_ipa_tulip_glass_-bottle_-can_-logo_-illustration/000034.jpg,000034.jpg,640,637,2025-10-04T18:17:02Z
fafd51c00acadca0ed07939d49d67618072650a1,ipa,bing,,data/raw/bing/ipa/neipa_hazy_juicy_ipa_tulip_glass_-bottle_-can_-logo_-illustration/000020.jpg,000020.jpg,1280,720,2025-10-04T18:17:02Z
1243da67973bf04a572147c8012db9226588443e,ipa,bing,,data/raw/bing/ipa/neipa_hazy_juicy_ipa_tulip_glass_-bottle_-can_-logo_-illustration/000009.jpg,000009.jpg,1280,720,2025-10-04T18:17:02Z
2ab76eff70ff849910d1e411d11c71089a4d3bf9,ipa,bing,,data/raw/bing/ipa/neipa_hazy_juicy_ipa_tulip_glass_-bottle_-can_-logo_-illustration/000021.jpg,000021.jpg,1920,1292,2025-10-04T18:17:02Z
2cb1933dddfe0f37f77223096b59fffc39c09859,ipa,bing,,data/raw/bing/ipa/neipa_hazy_juicy_ipa_tulip_glass_-bottle_-can_-logo_-illustration/000035.jpg,000035.jpg,1280,720,2025-10-04T18:17:02Z
8538996fe510b551e140219df3fcf0bbcf56705c,ipa,bing,,data/raw/bing/ipa/neipa_hazy_juicy_ipa_tulip_glass_-bottle_-can_-logo_-illustration/000023.jpg,000023.jpg,1280,720,2025-10-04T18:17:02Z
bb1cf8d51107d5d13b96a4c04de67cef44e05984,ipa,bing,,data/raw/bing/ipa/neipa_hazy_juicy_ipa_tulip_glass_-bottle_-can_-logo_-illustration/000036.jpg,000036.jpg,1280,720,2025-10-04T18:17:02Z
656c929afaf2471e363d80150a9adf3bc00d908c,ipa,bing,,data/raw/bing/ipa/neipa_hazy_juicy_ipa_tulip_glass_-bottle_-can_-logo_-illustration/000022.jpg,000022.jpg,640,640,2025-10-04T18:17:02Z
d349703bd6cf7be3441c3bf1970c20dc2982bf35,ipa,bing,,data/raw/bing/ipa/neipa_hazy_juicy_ipa_tulip_glass_-bottle_-can_-logo_-illustration/000044.jpg,000044.jpg,1280,720,2025-10-04T18:17:02Z
c661343b3ae4c73e57022b2730c6031025d69d56,ipa,bing,,data/raw/bing/ipa/neipa_hazy_juicy_ipa_tulip_glass_-bottle_-can_-logo_-illustration/000046.jpg,000046.jpg,736,736,2025-10-04T18:17:02Z
b3f9061afeab9cc9087a4e638c09411b683e7aab,ipa,bing,,data/raw/bing/ipa/neipa_hazy_juicy_ipa_tulip_glass_-bottle_-can_-logo_-illustration/000047.jpg,000047.jpg,1200,1200,2025-10-04T18:17:02Z
af3534a58568bca1d5410d75f90bcb693b8d1dbe,ipa,bing,,data/raw/bing/ipa/neipa_hazy_juicy_ipa_tulip_glass_-bottle_-can_-logo_-illustration/000043.jpg,000043.jpg,1588,1058,2025-10-04T18:17:02Z
12f13dbd1031692e457af7141ba451417670b8ff,ipa,bing,,data/raw/bing/ipa/neipa_hazy_juicy_ipa_tulip_glass_-bottle_-can_-logo_-illustration/000042.jpg,000042.jpg,794,567,2025-10-04T18:17:02Z
ae2a3be80924a832300fec4dbf47eade91b69cb2,ipa,bing,,data/raw/bing/ipa/neipa_hazy_juicy_ipa_tulip_glass_-bottle_-can_-logo_-illustration/000040.jpg,000040.jpg,736,920,2025-10-04T18:17:02Z
5a0e9c9f8c11d7a95aebe26dd9359c99320c1549,ipa,bing,,data/raw/bing/ipa/neipa_hazy_juicy_ipa_tulip_glass_-bottle_-can_-logo_-illustration/000041.jpg,000041.jpg,600,600,2025-10-04T18:17:02Z
53764754af7df7129634af38a7d329e27ca5440a,ipa,bing,,data/raw/bing/ipa/neipa_hazy_juicy_ipa_tulip_glass_-bottle_-can_-logo_-illustration/000007.jpg,000007.jpg,1066,1690,2025-10-04T18:17:02Z
887fb65fd32b65c0eabe93d088307bb7d3d825f0,ipa,bing,,data/raw/bing/ipa/neipa_hazy_juicy_ipa_tulip_glass_-bottle_-can_-logo_-illustration/000013.jpg,000013.jpg,1280,1280,2025-10-04T18:17:02Z
21aaf4420dad8011a14ea9a88213af751ae85f4d,ipa,bing,,data/raw/bing/ipa/neipa_hazy_juicy_ipa_tulip_glass_-bottle_-can_-logo_-illustration/000006.jpg,000006.jpg,1200,1601,2025-10-04T18:17:02Z
a5495d880765262a91ec7190b466e3d7880d7ca8,ipa,bing,,data/raw/bing/ipa/neipa_hazy_juicy_ipa_tulip_glass_-bottle_-can_-logo_-illustration/000038.jpg,000038.jpg,768,512,2025-10-04T18:17:02Z
264e45028881735703afcf33286b6ff9a7869b36,ipa,bing,,data/raw/bing/ipa/neipa_hazy_juicy_ipa_tulip_glass_-bottle_-can_-logo_-illustration/000010.jpg,000010.jpg,1500,1101,2025-10-04T18:17:02Z
e70ccc33325e2a26b2cf028bc76ef19661e47f91,ipa,bing,,data/raw/bing/ipa/neipa_hazy_juicy_ipa_tulip_glass_-bottle_-can_-logo_-illustration/000005.jpg,000005.jpg,840,1390,2025-10-04T18:17:02Z
c365a1f40813a1bbfc712a132fe1abf315762617,ipa,bing,,data/raw/bing/ipa/neipa_hazy_juicy_ipa_tulip_glass_-bottle_-can_-logo_-illustration/000011.jpg,000011.jpg,1400,2100,2025-10-04T18:17:02Z
e81512d8e2f9621a8ac42aab33889f51167d441c,ipa,bing,,data/raw/bing/ipa/neipa_hazy_juicy_ipa_tulip_glass_-bottle_-can_-logo_-illustration/000039.jpg,000039.jpg,1588,1135,2025-10-04T18:17:02Z
2181b2b93bf9d83ebed8cfbaef4efcaefe01ba06,ipa,bing,,data/raw/bing/ipa/neipa_hazy_juicy_ipa_tulip_glass_-bottle_-can_-logo_-illustration/000015.jpg,000015.jpg,1280,853,2025-10-04T18:17:02Z
00e5734435d2a6e5bf1f0b99bf5b8ac9126502b8,ipa,bing,,data/raw/bing/ipa/neipa_hazy_juicy_ipa_tulip_glass_-bottle_-can_-logo_-illustration/000029.jpg,000029.jpg,1280,720,2025-10-04T18:17:02Z
c6c6a5c2093ee9ba6b4796f995bea8e1b3041043,ipa,bing,,data/raw/bing/ipa/neipa_hazy_juicy_ipa_tulip_glass_-bottle_-can_-logo_-illustration/000014.jpg,000014.jpg,1300,956,2025-10-04T18:17:02Z
b4e6542078d83023666edfa1a082e644a6d47e20,ipa,bing,,data/raw/bing/ipa/neipa_hazy_juicy_ipa_tulip_glass_-bottle_-can_-logo_-illustration/000002.jpg,000002.jpg,1143,1690,2025-10-04T18:17:02Z
0aa31a059b61c85f2fc998af827e812f1f65fd0f,ipa,bing,,data/raw/bing/ipa/neipa_hazy_juicy_ipa_tulip_glass_-bottle_-can_-logo_-illustration/000016.jpg,000016.jpg,949,1390,2025-10-04T18:17:02Z
df37b1d7c74c359d7c7f8e6e8d0479a5f6caa452,ipa,bing,,data/raw/bing/ipa/neipa_hazy_juicy_ipa_tulip_glass_-bottle_-can_-logo_-illustration/000017.jpg,000017.jpg,1024,1024,2025-10-04T18:17:02Z
e11f2184fdc7af9d2060a806c01dee8e805b1e20,ipa,bing,,data/raw/bing/ipa/neipa_hazy_juicy_ipa_tulip_glass_-bottle_-can_-logo_-illustration/000003.jpg,000003.jpg,683,1390,2025-10-04T18:17:02Z
abbb688f876529186039cf03a9e57606e16bbd1d,ipa,bing,,data/raw/bing/ipa/double_ipa_dipa_in_snifter_glass_bar_-bottle_-can_-logo/000026.jpg,000026.jpg,1000,1000,2025-10-04T18:18:49Z
b7269888273ad40aaaa9ea3301eab37e239c4469,ipa,bing,,data/raw/bing/ipa/double_ipa_dipa_in_snifter_glass_bar_-bottle_-can_-logo/000032.jpg,000032.jpg,1170,1170,2025-10-04T18:18:49Z
2c7994c8630e95c73c993dbfd95bf0209b5a4c3e,ipa,bing,,data/raw/bing/ipa/double_ipa_dipa_in_snifter_glass_bar_-bottle_-can_-logo/000033.jpg,000033.jpg,600,550,2025-10-04T18:18:49Z
0f1b884a2cb2999fbfe37213a7f30c3ac8c72182,ipa,bing,,data/raw/bing/ipa/double_ipa_dipa_in_snifter_glass_bar_-bottle_-can_-logo/000027.jpg,000027.jpg,1536,2048,2025-10-04T18:18:49Z
3bef5e5181c3767c8326bea06cf78b3cd1dd20e8,ipa,bing,,data/raw/bing/ipa/double_ipa_dipa_in_snifter_glass_bar_-bottle_-can_-logo/000019.jpg,000019.jpg,1800,1800,2025-10-04T18:18:49Z
c2392ffd5ce5be22ef25e3f1d89666498ac12ba0,ipa,bing,,data/raw/bing/ipa/double_ipa_dipa_in_snifter_glass_bar_-bottle_-can_-logo/000031.jpg,000031.jpg,600,800,2025-10-04T18:18:49Z
96813bcf3498531d2f48aad2b8e71c113325b53a,ipa,bing,,data/raw/bing/ipa/double_ipa_dipa_in_snifter_glass_bar_-bottle_-can_-logo/000025.jpg,000025.jpg,1000,669,2025-10-04T18:18:49Z
f2d099f3a9ce16a757d7da7a0f68738115a1bdf1,ipa,bing,,data/raw/bing/ipa/double_ipa_dipa_in_snifter_glass_bar_-bottle_-can_-logo/000024.jpg,000024.jpg,1866,2560,2025-10-04T18:18:49Z
ea7749c2efa22fa10e5ccbcdd6526a15cb07392e,ipa,bing,,data/raw/bing/ipa/double_ipa_dipa_in_snifter_glass_bar_-bottle_-can_-logo/000030.jpg,000030.jpg,855,570,2025-10-04T18:18:49Z
6ecd28aed48a604d3ac776daa895452a82a0bcc7,ipa,bing,,data/raw/bing/ipa/double_ipa_dipa_in_snifter_glass_bar_-bottle_-can_-logo/000020.jpg,000020.jpg,1200,628,2025-10-04T18:18:49Z
f2a066da95ae0afae1ff991f1f2b91ebd3b1e058,ipa,bing,,data/raw/bing/ipa/double_ipa_dipa_in_snifter_glass_bar_-bottle_-can_-logo/000008.jpg,000008.jpg,735,1102,2025-10-04T18:18:49Z
494e59ccaaf1645048e50782444135a7df4ccae9,ipa,bing,,data/raw/bing/ipa/double_ipa_dipa_in_snifter_glass_bar_-bottle_-can_-logo/000009.jpg,000009.jpg,1080,628,2025-10-04T18:18:49Z
03208b8eea98685ef9988a633e24be672f3b350b,ipa,bing,,data/raw/bing/ipa/double_ipa_dipa_in_snifter_glass_bar_-bottle_-can_-logo/000021.jpg,000021.jpg,736,981,2025-10-04T18:18:49Z
ed595210892b14ec764eced4f55f9fb0670241a6,ipa,bing,,data/raw/bing/ipa/double_ipa_dipa_in_snifter_glass_bar_-bottle_-can_-logo/000023.jpg,000023.jpg,1280,720,2025-10-04T18:18:49Z
9ad600d9f762b10f3c3be287ce3f79b6eaf42699,ipa,bing,,data/raw/bing/ipa/double_ipa_dipa_in_snifter_glass_bar_-bottle_-can_-logo/000022.jpg,000022.jpg,1024,828,2025-10-04T18:18:49Z
024dbe1e314e18e4c02bc431bae3723a93a4f723,ipa,bing,,data/raw/bing/ipa/double_ipa_dipa_in_snifter_glass_bar_-bottle_-can_-logo/000007.jpg,000007.jpg,1000,878,2025-10-04T18:18:49Z
8b36de431f6b02473987f7e4d61e8ddb65c3a7b3,ipa,bing,,data/raw/bing/ipa/double_ipa_dipa_in_snifter_glass_bar_-bottle_-can_-logo/000013.jpg,000013.jpg,1280,720,2025-10-04T18:18:49Z
d2a805ee5dade793cb50384655d9446ce6a2a879,ipa,bing,,data/raw/bing/ipa/double_ipa_dipa_in_snifter_glass_bar_-bottle_-can_-logo/000012.jpg,000012.jpg,600,1300,2025-10-04T18:18:49Z
160ca799ae24827cf4b4a76687e29ab6462d06c3,ipa,bing,,data/raw/bing/ipa/double_ipa_dipa_in_snifter_glass_bar_-bottle_-can_-logo/000006.jpg,000006.jpg,1536,2048,2025-10-04T18:18:49Z
aa307ba1cc8aa96de11b713a733175d5a3b7961a,ipa,bing,,data/raw/bing/ipa/double_ipa_dipa_in_snifter_glass_bar_-bottle_-can_-logo/000010.jpg,000010.jpg,1000,1000,2025-10-04T18:18:49Z
4cf231d31a3f45dc82b328336d21e2e04bf02450,ipa,bing,,data/raw/bing/ipa/double_ipa_dipa_in_snifter_glass_bar_-bottle_-can_-logo/000004.jpg,000004.jpg,1200,1200,2025-10-04T18:18:49Z
94c8d3289dc9163cc7bb715a13b03c9af38e4230,ipa,bing,,data/raw/bing/ipa/double_ipa_dipa_in_snifter_glass_bar_-bottle_-can_-logo/000011.jpg,000011.jpg,780,1040,2025-10-04T18:18:49Z
c2a6a298bf4f85f3a6b46bfbf2b67b6501dcb938,ipa,bing,,data/raw/bing/ipa/double_ipa_dipa_in_snifter_glass_bar_-bottle_-can_-logo/000015.jpg,000015.jpg,900,1191,2025-10-04T18:18:49Z
68845e43a1dab96cb40cfe56f9b9045ad0105d9f,ipa,bing,,data/raw/bing/ipa/double_ipa_dipa_in_snifter_glass_bar_-bottle_-can_-logo/000001.jpg,000001.jpg,1599,899,2025-10-04T18:18:49Z
5579c89951677e816df8b3a5f71a1c56183c310a,ipa,bing,,data/raw/bing/ipa/double_ipa_dipa_in_snifter_glass_bar_-bottle_-can_-logo/000029.jpg,000029.jpg,1280,720,2025-10-04T18:18:49Z
97abe72224359fbe028825abdbef4a663de54503,ipa,bing,,data/raw/bing/ipa/double_ipa_dipa_in_snifter_glass_bar_-bottle_-can_-logo/000028.jpg,000028.jpg,675,1200,2025-10-04T18:18:49Z
095366010a75ec048b12b42fb0b72d24e2185220,ipa,bing,,data/raw/bing/ipa/double_ipa_dipa_in_snifter_glass_bar_-bottle_-can_-logo/000016.jpg,000016.jpg,956,520,2025-10-04T18:18:49Z
e900a39c69601eae48dc8baf55d1093bfd38f0dc,ipa,bing,,data/raw/bing/ipa/double_ipa_dipa_in_snifter_glass_bar_-bottle_-can_-logo/000017.jpg,000017.jpg,531,800,2025-10-04T18:18:49Z
07f99fabbf424f7390b07cd40a79363bb56799d1,ipa,bing,,data/raw/bing/ipa/double_ipa_dipa_in_snifter_glass_bar_-bottle_-can_-logo/000003.jpg,000003.jpg,1080,1080,2025-10-04T18:18:49Z
45a21f9ffe7d7bbddcce7ebc7b528b540c461787,ipa,bing,,data/raw/bing/ipa/session_ipa_light_crisp_shaker_pint_-bottle_-can_-logo/000026.jpg,000026.jpg,600,600,2025-10-04T18:20:13Z
b46583091da34d373ad972293aaf0f90bbc5ac2e,ipa,bing,,data/raw/bing/ipa/session_ipa_light_crisp_shaker_pint_-bottle_-can_-logo/000033.jpg,000033.jpg,600,600,2025-10-04T18:20:13Z
d0443050875fc42928cb030593acf15ac002620b,ipa,bing,,data/raw/bing/ipa/session_ipa_light_crisp_shaker_pint_-bottle_-can_-logo/000019.jpg,000019.jpg,1280,1280,2025-10-04T18:20:13Z
c4777cbee5c316894850189c1a71f8dfc9940883,ipa,bing,,data/raw/bing/ipa/session_ipa_light_crisp_shaker_pint_-bottle_-can_-logo/000025.jpg,000025.jpg,560,840,2025-10-04T18:20:13Z
cf4bd232ac4fc5383fb1f6057365409d7c7d9a3c,ipa,bing,,data/raw/bing/ipa/session_ipa_light_crisp_shaker_pint_-bottle_-can_-logo/000030.jpg,000030.jpg,1000,1000,2025-10-04T18:20:13Z
363cd42ad109b5a1b87245484fb4b9ed83be94cf,ipa,bing,,data/raw/bing/ipa/session_ipa_light_crisp_shaker_pint_-bottle_-can_-logo/000020.jpg,000020.jpg,5760,3840,2025-10-04T18:20:13Z
f5f1f086b3ab5ff7f1d0b7431ddefda6baa267ba,ipa,bing,,data/raw/bing/ipa/session_ipa_light_crisp_shaker_pint_-bottle_-can_-logo/000008.jpg,000008.jpg,1024,640,2025-10-04T18:20:13Z
272f4ef64e9505c2730e7789372e371838c6a578,ipa,bing,,data/raw/bing/ipa/session_ipa_light_crisp_shaker_pint_-bottle_-can_-logo/000009.jpg,000009.jpg,2000,2000,2025-10-04T18:20:13Z
18a49c1212e9ca8c30c1b186653dd33f65855b4b,ipa,bing,,data/raw/bing/ipa/session_ipa_light_crisp_shaker_pint_-bottle_-can_-logo/000021.jpg,000021.jpg,2000,2000,2025-10-04T18:20:13Z
fa0321740c70176dd8c508d082dd02c58914631c,ipa,bing,,data/raw/bing/ipa/session_ipa_light_crisp_shaker_pint_-bottle_-can_-logo/000035.jpg,000035.jpg,1000,1000,2025-10-04T18:20:13Z
a13c8c5143e7697af224a497e28f9ca2d49d6f5a,ipa,bing,,data/raw/bing/ipa/session_ipa_light_crisp_shaker_pint_-bottle_-can_-logo/000023.jpg,000023.jpg,867,1390,2025-10-04T18:20:13Z
fe5e52509fda73410ba9d7f2ab68dc7460002043,ipa,bing,,data/raw/bing/ipa/session_ipa_light_crisp_shaker_pint_-bottle_-can_-logo/000007.jpg,000007.jpg,1200,1200,2025-10-04T18:20:13Z
75a39d94fd21d51f0649181eea736e9df3ec0ff4,ipa,bing,,data/raw/bing/ipa/session_ipa_light_crisp_shaker_pint_-bottle_-can_-logo/000013.jpg,000013.jpg,1280,853,2025-10-04T18:20:13Z
802754d7cc29039cb4e750db14f71a4fbca8b977,ipa,bing,,data/raw/bing/ipa/session_ipa_light_crisp_shaker_pint_-bottle_-can_-logo/000012.jpg,000012.jpg,1280,853,2025-10-04T18:20:13Z
92507fab65179b05d4f5ee1c66895f2e227d5eb9,ipa,bing,,data/raw/bing/ipa/session_ipa_light_crisp_shaker_pint_-bottle_-can_-logo/000006.jpg,000006.jpg,2000,2000,2025-10-04T18:20:13Z
256652578c0a8af65fda56dbdc93c44429ce15a0,ipa,bing,,data/raw/bing/ipa/session_ipa_light_crisp_shaker_pint_-bottle_-can_-logo/000004.jpg,000004.jpg,1024,1024,2025-10-04T18:20:13Z
dd201c1c33e9833be0f105dc29e0e58a83177230,ipa,bing,,data/raw/bing/ipa/session_ipa_light_crisp_shaker_pint_-bottle_-can_-logo/000005.jpg,000005.jpg,600,600,2025-10-04T18:20:13Z
71a308a63d5e2d7fa56729043f2d948b73c55b03,ipa,bing,,data/raw/bing/ipa/session_ipa_light_crisp_shaker_pint_-bottle_-can_-logo/000015.jpg,000015.jpg,2000,2000,2025-10-04T18:20:13Z
168242f5266938600e05643c7a290a4d06076012,ipa,bing,,data/raw/bing/ipa/session_ipa_light_crisp_shaker_pint_-bottle_-can_-logo/000001.jpg,000001.jpg,1861,1808,2025-10-04T18:20:13Z
f701f83ab5351801c63d9d6f08c1778e0650cdbf,ipa,bing,,data/raw/bing/ipa/session_ipa_light_crisp_shaker_pint_-bottle_-can_-logo/000029.jpg,000029.jpg,800,1024,2025-10-04T18:20:13Z
86618b4728a182ace42da6f1b6df34a4828ce03f,ipa,bing,,data/raw/bing/ipa/session_ipa_light_crisp_shaker_pint_-bottle_-can_-logo/000028.jpg,000028.jpg,640,853,2025-10-04T18:20:13Z
093527c4f41590738c43a3a315b1192bdfe8f38a,ipa,bing,,data/raw/bing/ipa/session_ipa_light_crisp_shaker_pint_-bottle_-can_-logo/000014.jpg,000014.jpg,535,535,2025-10-04T18:20:13Z
4d7153ca296999a75aff0be93334a28ba8a9fb4d,ipa,bing,,data/raw/bing/ipa/session_ipa_light_crisp_shaker_pint_-bottle_-can_-logo/000016.jpg,000016.jpg,600,600,2025-10-04T18:20:13Z
1607d70c87c08c5503591ba85d84d4443b272f6e,ipa,bing,,data/raw/bing/ipa/session_ipa_light_crisp_shaker_pint_-bottle_-can_-logo/000017.jpg,000017.jpg,823,762,2025-10-04T18:20:13Z
1ba942d889f8a3b0d07706c12a27f12fa858f19d,ipa,bing,,data/raw/bing/ipa/session_ipa_light_crisp_shaker_pint_-bottle_-can_-logo/000003.jpg,000003.jpg,1080,1080,2025-10-04T18:20:13Z
d3c78fb14f81642d427e552462df2e8c427b46d4,stout,bing,,data/raw/bing/stout/stout_beer_in_nonic_pint_creamy_head_-bottle_-can_-logo_-mockup/000026.jpg,000026.jpg,1000,1000,2025-10-04T18:21:48Z
1d68734b1ac5ff5c855ee99d4f4bd726eff6e9c7,stout,bing,,data/raw/bing/stout/stout_beer_in_nonic_pint_creamy_head_-bottle_-can_-logo_-mockup/000032.jpg,000032.jpg,1200,1200,2025-10-04T18:21:48Z
0f543335dbf80478b5a7055d5ba91139839b2371,stout,bing,,data/raw/bing/stout/stout_beer_in_nonic_pint_creamy_head_-bottle_-can_-logo_-mockup/000033.jpg,000033.jpg,939,1390,2025-10-04T18:21:48Z
5255e238551cb3a9b9e85bb1a8a266baedd3f4fd,stout,bing,,data/raw/bing/stout/stout_beer_in_nonic_pint_creamy_head_-bottle_-can_-logo_-mockup/000027.jpg,000027.jpg,1600,1157,2025-10-04T18:21:48Z
5e080801ab267a96b5b8e17c0ed7c323761f00e2,stout,bing,,data/raw/bing/stout/stout_beer_in_nonic_pint_creamy_head_-bottle_-can_-logo_-mockup/000019.jpg,000019.jpg,974,1390,2025-10-04T18:21:48Z
194bbbb64eaee3e3f3569eb37a9b9057ef51dde3,stout,bing,,data/raw/bing/stout/stout_beer_in_nonic_pint_creamy_head_-bottle_-can_-logo_-mockup/000031.jpg,000031.jpg,1064,1690,2025-10-04T18:21:48Z
ab85297fdaaf38a3f30be08e25f6fb1c4015f97f,stout,bing,,data/raw/bing/stout/stout_beer_in_nonic_pint_creamy_head_-bottle_-can_-logo_-mockup/000025.jpg,000025.jpg,1600,1157,2025-10-04T18:21:48Z
bfd2b2d46ee5c947a0ee3d4c1088d406306135f4,stout,bing,,data/raw/bing/stout/stout_beer_in_nonic_pint_creamy_head_-bottle_-can_-logo_-mockup/000024.jpg,000024.jpg,1067,1690,2025-10-04T18:21:48Z
3d91911bcb18ab7f892b7e039dd54bafc4fb4547,stout,bing,,data/raw/bing/stout/stout_beer_in_nonic_pint_creamy_head_-bottle_-can_-logo_-mockup/000030.jpg,000030.jpg,2118,1418,2025-10-04T18:21:48Z
c97a5644340fc578c9b853e583e510f40bca03ca,stout,bing,,data/raw/bing/stout/stout_beer_in_nonic_pint_creamy_head_-bottle_-can_-logo_-mockup/000018.jpg,000018.jpg,1200,1200,2025-10-04T18:21:48Z
34b83f549f3a3b21ab4f8f73d73d0e3301167c1a,stout,bing,,data/raw/bing/stout/stout_beer_in_nonic_pint_creamy_head_-bottle_-can_-logo_-mockup/000034.jpg,000034.jpg,1200,800,2025-10-04T18:21:48Z
55a4cbf2c7f499cb7e6aac35784d4316518664fb,stout,bing,,data/raw/bing/stout/stout_beer_in_nonic_pint_creamy_head_-bottle_-can_-logo_-mockup/000020.jpg,000020.jpg,1300,1201,2025-10-04T18:21:48Z
d6f418b0218c0f1f3ad721a70a89c2114df5eec8,stout,bing,,data/raw/bing/stout/stout_beer_in_nonic_pint_creamy_head_-bottle_-can_-logo_-mockup/000008.jpg,000008.jpg,800,800,2025-10-04T18:21:48Z
d39d54b6cb48219a56cb78fc444a8969e3d1e907,stout,bing,,data/raw/bing/stout/stout_beer_in_nonic_pint_creamy_head_-bottle_-can_-logo_-mockup/000023.jpg,000023.jpg,866,1390,2025-10-04T18:21:48Z
8638804dd60f688f6a434fb3eb0b8f25599c752f,stout,bing,,data/raw/bing/stout/stout_beer_in_nonic_pint_creamy_head_-bottle_-can_-logo_-mockup/000037.jpg,000037.jpg,1054,1690,2025-10-04T18:21:48Z
ce215e50add1c0d4a2b7730b3354f16497c6b55c,stout,bing,,data/raw/bing/stout/stout_beer_in_nonic_pint_creamy_head_-bottle_-can_-logo_-mockup/000036.jpg,000036.jpg,900,600,2025-10-04T18:21:48Z
c29ab6898f4c06209196220e65dd103d76ff5d78,stout,bing,,data/raw/bing/stout/stout_beer_in_nonic_pint_creamy_head_-bottle_-can_-logo_-mockup/000045.jpg,000045.jpg,1600,1157,2025-10-04T18:21:48Z
4f68759fb505c7bd3c7e27a5ed887a837b84b777,stout,bing,,data/raw/bing/stout/stout_beer_in_nonic_pint_creamy_head_-bottle_-can_-logo_-mockup/000051.jpg,000051.jpg,1200,630,2025-10-04T18:21:48Z
0a2d0a9fce5b93ec44f21dbd2862fb9ec670dddf,stout,bing,,data/raw/bing/stout/stout_beer_in_nonic_pint_creamy_head_-bottle_-can_-logo_-mockup/000050.jpg,000050.jpg,863,1390,2025-10-04T18:21:48Z
634603274e51410232f2ccb15848d09a8c1a2783,stout,bing,,data/raw/bing/stout/stout_beer_in_nonic_pint_creamy_head_-bottle_-can_-logo_-mockup/000044.jpg,000044.jpg,600,900,2025-10-04T18:21:48Z
a2f43a389885aecd3b7c2eb062b16380ea16377a,stout,bing,,data/raw/bing/stout/stout_beer_in_nonic_pint_creamy_head_-bottle_-can_-logo_-mockup/000052.jpg,000052.jpg,1080,1080,2025-10-04T18:21:48Z
6ed93c0f5a2d9544d76f6531f2f0453c52c3579d,stout,bing,,data/raw/bing/stout/stout_beer_in_nonic_pint_creamy_head_-bottle_-can_-logo_-mockup/000046.jpg,000046.jpg,1000,652,2025-10-04T18:21:48Z
74cd4a6361e01425da02b5816753796f2701a54e,stout,bing,,data/raw/bing/stout/stout_beer_in_nonic_pint_creamy_head_-bottle_-can_-logo_-mockup/000047.jpg,000047.jpg,1000,560,2025-10-04T18:21:48Z
2c6de05fcc1f7fd1c380f0b62900fae9558ec7a2,stout,bing,,data/raw/bing/stout/stout_beer_in_nonic_pint_creamy_head_-bottle_-can_-logo_-mockup/000057.jpg,000057.jpg,1600,1175,2025-10-04T18:21:48Z
a2e981450581ccccb1a38f53fb981785f4a4e66c,stout,bing,,data/raw/bing/stout/stout_beer_in_nonic_pint_creamy_head_-bottle_-can_-logo_-mockup/000043.jpg,000043.jpg,3888,2592,2025-10-04T18:21:48Z
91aee242de0138851de15af32299150ac8332b9f,stout,bing,,data/raw/bing/stout/stout_beer_in_nonic_pint_creamy_head_-bottle_-can_-logo_-mockup/000042.jpg,000042.jpg,574,900,2025-10-04T18:21:48Z
8de583f1a2d5024b858e6197d397996515d72faa,stout,bing,,data/raw/bing/stout/stout_beer_in_nonic_pint_creamy_head_-bottle_-can_-logo_-mockup/000056.jpg,000056.jpg,1300,1018,2025-10-04T18:21:49Z
e508cec1c920503e2b05072f34bf49cb098f2c7d,stout,bing,,data/raw/bing/stout/stout_beer_in_nonic_pint_creamy_head_-bottle_-can_-logo_-mockup/000040.jpg,000040.jpg,1054,1690,2025-10-04T18:21:49Z
2153236ac9e11744d136fb2765514ab1dcbfd521,stout,bing,,data/raw/bing/stout/stout_beer_in_nonic_pint_creamy_head_-bottle_-can_-logo_-mockup/000054.jpg,000054.jpg,2448,3264,2025-10-04T18:21:49Z
a9d3bed3714a55bddba356d4a16f0deffcfdcc88,stout,bing,,data/raw/bing/stout/stout_beer_in_nonic_pint_creamy_head_-bottle_-can_-logo_-mockup/000055.jpg,000055.jpg,1600,1157,2025-10-04T18:21:49Z
b172935f8796b270075977d7a2915e03b29d9f09,stout,bing,,data/raw/bing/stout/stout_beer_in_nonic_pint_creamy_head_-bottle_-can_-logo_-mockup/000041.jpg,000041.jpg,1300,964,2025-10-04T18:21:49Z
de1f3a484b41384456c0c62ff2c2a86fcebae057,stout,bing,,data/raw/bing/stout/stout_beer_in_nonic_pint_creamy_head_-bottle_-can_-logo_-mockup/000058.jpg,000058.jpg,1000,1000,2025-10-04T18:21:49Z
00c5dfdb037338a385114db0674445fd66d11685,stout,bing,,data/raw/bing/stout/stout_beer_in_nonic_pint_creamy_head_-bottle_-can_-logo_-mockup/000059.jpg,000059.jpg,1365,2048,2025-10-04T18:21:49Z
5578f504be181f39a636f7afd4ce4603747652a9,stout,bing,,data/raw/bing/stout/stout_beer_in_nonic_pint_creamy_head_-bottle_-can_-logo_-mockup/000048.jpg,000048.jpg,960,1434,2025-10-04T18:21:49Z
b0d338d84cad4f25cb5f464d7a89c5c295918b81,stout,bing,,data/raw/bing/stout/stout_beer_in_nonic_pint_creamy_head_-bottle_-can_-logo_-mockup/000013.jpg,000013.jpg,1200,1200,2025-10-04T18:21:49Z
654f8a9b364d86cfde58b0644a4e6d76b26c66c4,stout,bing,,data/raw/bing/stout/stout_beer_in_nonic_pint_creamy_head_-bottle_-can_-logo_-mockup/000006.jpg,000006.jpg,600,900,2025-10-04T18:21:49Z
119a921bcf0b106cc224e1bf26e259dbbffcd65f,stout,bing,,data/raw/bing/stout/stout_beer_in_nonic_pint_creamy_head_-bottle_-can_-logo_-mockup/000038.jpg,000038.jpg,800,534,2025-10-04T18:21:49Z
872c4901b91b4c151ce64e85b4f0defbd051e3b0,stout,bing,,data/raw/bing/stout/stout_beer_in_nonic_pint_creamy_head_-bottle_-can_-logo_-mockup/000010.jpg,000010.jpg,863,1390,2025-10-04T18:21:49Z
50935746a5014c6c3ca113d2de58aa535025cfe4,stout,bing,,data/raw/bing/stout/stout_beer_in_nonic_pint_creamy_head_-bottle_-can_-logo_-mockup/000004.jpg,000004.jpg,1200,1200,2025-10-04T18:21:49Z
3746d865b6fae0a17cb7ab5cc2e5ee9811033c8a,stout,bing,,data/raw/bing/stout/stout_beer_in_nonic_pint_creamy_head_-bottle_-can_-logo_-mockup/000005.jpg,000005.jpg,1009,1690,2025-10-04T18:21:49Z
375dc0a1cb0922ee37cde7d41bc2a4c56ab57dd2,stout,bing,,data/raw/bing/stout/stout_beer_in_nonic_pint_creamy_head_-bottle_-can_-logo_-mockup/000011.jpg,000011.jpg,3920,1960,2025-10-04T18:21:49Z
827f9f5a31ff4f84d60766a3f9494591391bf562,stout,bing,,data/raw/bing/stout/stout_beer_in_nonic_pint_creamy_head_-bottle_-can_-logo_-mockup/000015.jpg,000015.jpg,1820,1100,2025-10-04T18:21:49Z
25a782f340fc666ce362a0e8e38115c83d34dc1e,stout,bing,,data/raw/bing/stout/stout_beer_in_nonic_pint_creamy_head_-bottle_-can_-logo_-mockup/000001.jpg,000001.jpg,626,626,2025-10-04T18:21:49Z
f807c7a8b6daee3efdbfbc49c29c692a8754e33b,stout,bing,,data/raw/bing/stout/stout_beer_in_nonic_pint_creamy_head_-bottle_-can_-logo_-mockup/000028.jpg,000028.jpg,1200,1690,2025-10-04T18:21:49Z
ff78870d6ad28da97d77e54e5a6db9e22cbff1ed,stout,bing,,data/raw/bing/stout/stout_beer_in_nonic_pint_creamy_head_-bottle_-can_-logo_-mockup/000002.jpg,000002.jpg,866,1390,2025-10-04T18:21:49Z
ebf0a2e0a7eda5420531c14c7ec61d631bd0e5ef,stout,bing,,data/raw/bing/stout/stout_beer_in_nonic_pint_creamy_head_-bottle_-can_-logo_-mockup/000016.jpg,000016.jpg,600,900,2025-10-04T18:21:49Z
a99b552884552819ad7e83bb5e4c6b8b5502ddb4,stout,bing,,data/raw/bing/stout/stout_beer_in_nonic_pint_creamy_head_-bottle_-can_-logo_-mockup/000017.jpg,000017.jpg,1300,956,2025-10-04T18:21:49Z
3cfc2f8bda2535bf755cac0eae0eda39b7ed517d,stout,bing,,data/raw/bing/stout/stout_beer_in_nonic_pint_creamy_head_-bottle_-can_-logo_-mockup/000003.jpg,000003.jpg,863,1390,2025-10-04T18:21:49Z
6c699e574390b33264b78c6d72e4a49b4303a251,stout,bing,,data/raw/bing/stout/imperial_stout_dark_in_snifter_pub_-bottle_-can_-logo/000032.jpg,000032.jpg,1280,1280,2025-10-04T18:23:03Z
3d9b611de59ea6dad2e0d5462935dd70c7005e6a,stout,bing,,data/raw/bing/stout/imperial_stout_dark_in_snifter_pub_-bottle_-can_-logo/000033.jpg,000033.jpg,1700,740,2025-10-04T18:23:03Z
eabb7a8ca921409ce385d92e7aca117b8a0b01b6,stout,bing,,data/raw/bing/stout/imperial_stout_dark_in_snifter_pub_-bottle_-can_-logo/000027.jpg,000027.jpg,1280,720,2025-10-04T18:23:03Z
92383f7d76d88d8f59e9d1cf5562ffee37f6059b,stout,bing,,data/raw/bing/stout/imperial_stout_dark_in_snifter_pub_-bottle_-can_-logo/000019.jpg,000019.jpg,1600,1157,2025-10-04T18:23:03Z
1f7cb275a50beac7ba95ad295bf6eb716a3af13b,stout,bing,,data/raw/bing/stout/imperial_stout_dark_in_snifter_pub_-bottle_-can_-logo/000025.jpg,000025.jpg,1600,688,2025-10-04T18:23:03Z
73d3bf6c2f2e669d16532a9f8e0840911d3536f6,stout,bing,,data/raw/bing/stout/imperial_stout_dark_in_snifter_pub_-bottle_-can_-logo/000018.jpg,000018.jpg,1600,688,2025-10-04T18:23:03Z
a543e11310aaad3ef49a5648b3ceb6fc1f544f27,stout,bing,,data/raw/bing/stout/imperial_stout_dark_in_snifter_pub_-bottle_-can_-logo/000034.jpg,000034.jpg,1000,917,2025-10-04T18:23:03Z
658165018ee0864d7ed0fde58852f8323cb2bab8,stout,bing,,data/raw/bing/stout/imperial_stout_dark_in_snifter_pub_-bottle_-can_-logo/000020.jpg,000020.jpg,3024,4032,2025-10-04T18:23:03Z
d383d5db5db1a451e18eb90cb30191f71c5ba7b8,stout,bing,,data/raw/bing/stout/imperial_stout_dark_in_snifter_pub_-bottle_-can_-logo/000009.jpg,000009.jpg,1024,646,2025-10-04T18:23:03Z
ca71b6e4bd7e47b1842ff418ecc18941c48d79c0,stout,bing,,data/raw/bing/stout/imperial_stout_dark_in_snifter_pub_-bottle_-can_-logo/000035.jpg,000035.jpg,1067,1690,2025-10-04T18:23:03Z
d0b8d69549b8e1790f1e94b0301f34efdcfb4535,stout,bing,,data/raw/bing/stout/imperial_stout_dark_in_snifter_pub_-bottle_-can_-logo/000023.jpg,000023.jpg,2362,3543,2025-10-04T18:23:03Z
ee5f45f93839312b6cbe64bd0216b5512d060ed4,stout,bing,,data/raw/bing/stout/imperial_stout_dark_in_snifter_pub_-bottle_-can_-logo/000036.jpg,000036.jpg,3024,3780,2025-10-04T18:23:03Z
99a4bbc1388580bbf566ce089c5d117ca85f1ed7,stout,bing,,data/raw/bing/stout/imperial_stout_dark_in_snifter_pub_-bottle_-can_-logo/000045.jpg,000045.jpg,736,552,2025-10-04T18:23:03Z
7da01305302ad18247b4dede3cca87b7e42f7953,stout,bing,,data/raw/bing/stout/imperial_stout_dark_in_snifter_pub_-bottle_-can_-logo/000044.jpg,000044.jpg,960,634,2025-10-04T18:23:03Z
586741e6c97a3566f7e78d0674cd7e337bf462e5,stout,bing,,data/raw/bing/stout/imperial_stout_dark_in_snifter_pub_-bottle_-can_-logo/000046.jpg,000046.jpg,1440,1080,2025-10-04T18:23:03Z
4d88869f18f423a585cd2546fee60784850c06cd,stout,bing,,data/raw/bing/stout/imperial_stout_dark_in_snifter_pub_-bottle_-can_-logo/000043.jpg,000043.jpg,729,1024,2025-10-04T18:23:03Z
978d3b58e2bb97ea2c256ac30ebe21e5e71e2668,stout,bing,,data/raw/bing/stout/imperial_stout_dark_in_snifter_pub_-bottle_-can_-logo/000042.jpg,000042.jpg,893,1390,2025-10-04T18:23:03Z
992a0905a3598387d23483a2500ea192096027a0,stout,bing,,data/raw/bing/stout/imperial_stout_dark_in_snifter_pub_-bottle_-can_-logo/000041.jpg,000041.jpg,1024,683,2025-10-04T18:23:03Z
e73a8152dbb6a8b6cd97f43b8520946c2939fd80,stout,bing,,data/raw/bing/stout/imperial_stout_dark_in_snifter_pub_-bottle_-can_-logo/000007.jpg,000007.jpg,1600,1157,2025-10-04T18:23:03Z
fe6a983982aa207c889e71addaa2d5d5b80e2cf3,stout,bing,,data/raw/bing/stout/imperial_stout_dark_in_snifter_pub_-bottle_-can_-logo/000013.jpg,000013.jpg,866,1390,2025-10-04T18:23:03Z
e6aecb4f7c9df5b3a8623a99cd0ca202729c133f,stout,bing,,data/raw/bing/stout/imperial_stout_dark_in_snifter_pub_-bottle_-can_-logo/000012.jpg,000012.jpg,584,900,2025-10-04T18:23:03Z
2d7da3d3dee209792dca505ca69663c70693b260,stout,bing,,data/raw/bing/stout/imperial_stout_dark_in_snifter_pub_-bottle_-can_-logo/000038.jpg,000038.jpg,1800,1200,2025-10-04T18:23:03Z
7ceb6a202df4eb93dc0740c072e310d941a9d9f0,stout,bing,,data/raw/bing/stout/imperial_stout_dark_in_snifter_pub_-bottle_-can_-logo/000010.jpg,000010.jpg,1047,1600,2025-10-04T18:23:03Z
a60722d86a0c61b473a5d0c4b6590773022f9497,stout,bing,,data/raw/bing/stout/imperial_stout_dark_in_snifter_pub_-bottle_-can_-logo/000004.jpg,000004.jpg,576,727,2025-10-04T18:23:03Z
8f6a2382eae5718f3b0bbce4a06f7848d299d6b5,stout,bing,,data/raw/bing/stout/imperial_stout_dark_in_snifter_pub_-bottle_-can_-logo/000005.jpg,000005.jpg,800,1210,2025-10-04T18:23:03Z
a87794e535a99640022ab57c7e3a619c34d6b2cf,stout,bing,,data/raw/bing/stout/imperial_stout_dark_in_snifter_pub_-bottle_-can_-logo/000011.jpg,000011.jpg,871,1390,2025-10-04T18:23:03Z
58b6ab4a1e1f1b418acc10d4f430044e06603091,stout,bing,,data/raw/bing/stout/imperial_stout_dark_in_snifter_pub_-bottle_-can_-logo/000039.jpg,000039.jpg,2048,1365,2025-10-04T18:23:03Z
980e9ae02dc5a51ab1e81efbbd68f72f3c8b7aca,stout,bing,,data/raw/bing/stout/imperial_stout_dark_in_snifter_pub_-bottle_-can_-logo/000001.jpg,000001.jpg,1000,667,2025-10-04T18:23:03Z
a48da5d64bc427a2f309c1abec933cce3076c4c5,stout,bing,,data/raw/bing/stout/imperial_stout_dark_in_snifter_pub_-bottle_-can_-logo/000029.jpg,000029.jpg,1080,1350,2025-10-04T18:23:03Z
b318d3115b617918c1c2f6afd9e324cf15fce18b,stout,bing,,data/raw/bing/stout/imperial_stout_dark_in_snifter_pub_-bottle_-can_-logo/000002.jpg,000002.jpg,866,1390,2025-10-04T18:23:03Z
e7bd1e68a228b1fbddea352e67dbebc95cc648ad,stout,bing,,data/raw/bing/stout/milk_stout_nitro_cascading_pour_glass_-bottle_-can_-logo/000026.jpg,000026.jpg,1900,600,2025-10-04T18:24:25Z
04a56c5d5392d8ddc377411d90884e8d4716b79f,stout,bing,,data/raw/bing/stout/milk_stout_nitro_cascading_pour_glass_-bottle_-can_-logo/000027.jpg,000027.jpg,1280,720,2025-10-04T18:24:25Z
184b98e772ee33b1b75b4efc5291bdb862a68b21,stout,bing,,data/raw/bing/stout/milk_stout_nitro_cascading_pour_glass_-bottle_-can_-logo/000030.jpg,000030.jpg,1280,720,2025-10-04T18:24:25Z
ea1fd5911cbfe39f750ed2877e6dcfa2210cf5ad,stout,bing,,data/raw/bing/stout/milk_stout_nitro_cascading_pour_glass_-bottle_-can_-logo/000018.jpg,000018.jpg,1080,1080,2025-10-04T18:24:25Z
3410b7fbcc5bf787bbb2f5e5d3ef7a9a0a44f32a,stout,bing,,data/raw/bing/stout/milk_stout_nitro_cascading_pour_glass_-bottle_-can_-logo/000020.jpg,000020.jpg,1280,720,2025-10-04T18:24:25Z
d8e96d03caca35e4fc98c67deea5fdbad29b13ea,stout,bing,,data/raw/bing/stout/milk_stout_nitro_cascading_pour_glass_-bottle_-can_-logo/000008.jpg,000008.jpg,1200,1600,2025-10-04T18:24:25Z
887c99a41b223a05b39e458d09b6d1c7a2afa8f4,stout,bing,,data/raw/bing/stout/milk_stout_nitro_cascading_pour_glass_-bottle_-can_-logo/000009.jpg,000009.jpg,1320,1262,2025-10-04T18:24:25Z
e7d5ae292b43639c01d1249fe87206b76995995e,stout,bing,,data/raw/bing/stout/milk_stout_nitro_cascading_pour_glass_-bottle_-can_-logo/000021.jpg,000021.jpg,768,1024,2025-10-04T18:24:25Z
7b16d30975d8a93a0dc9409ddfbe5d47a183bff2,stout,bing,,data/raw/bing/stout/milk_stout_nitro_cascading_pour_glass_-bottle_-can_-logo/000023.jpg,000023.jpg,950,696,2025-10-04T18:24:25Z
291c01e6f36a68b00db4e33f024cb37091a13337,stout,bing,,data/raw/bing/stout/milk_stout_nitro_cascading_pour_glass_-bottle_-can_-logo/000022.jpg,000022.jpg,640,640,2025-10-04T18:24:25Z
a72e923c209a16635569cf4e3ae762840b39b516,stout,bing,,data/raw/bing/stout/milk_stout_nitro_cascading_pour_glass_-bottle_-can_-logo/000007.jpg,000007.jpg,1600,2000,2025-10-04T18:24:25Z
3e91edcde990d3fdd83f07281c9aa5cd70293621,stout,bing,,data/raw/bing/stout/milk_stout_nitro_cascading_pour_glass_-bottle_-can_-logo/000013.jpg,000013.jpg,1320,1288,2025-10-04T18:24:25Z
45a597b46e4b2c70561d5e041e6e3736710efd8e,stout,bing,,data/raw/bing/stout/milk_stout_nitro_cascading_pour_glass_-bottle_-can_-logo/000006.jpg,000006.jpg,700,700,2025-10-04T18:24:25Z
5778d248d67fc814564d74def9326d1ab3b68602,stout,bing,,data/raw/bing/stout/milk_stout_nitro_cascading_pour_glass_-bottle_-can_-logo/000010.jpg,000010.jpg,600,600,2025-10-04T18:24:25Z
8dcb2417836ea47d1f3e209712c16c29b6bad221,stout,bing,,data/raw/bing/stout/milk_stout_nitro_cascading_pour_glass_-bottle_-can_-logo/000004.jpg,000004.jpg,2100,1382,2025-10-04T18:24:25Z
77cb286e9e4c55c11ad95ad1d326a28017b5b69c,stout,bing,,data/raw/bing/stout/milk_stout_nitro_cascading_pour_glass_-bottle_-can_-logo/000005.jpg,000005.jpg,1036,1600,2025-10-04T18:24:25Z
9e96135439e1081827f706789a1a0ed183937c29,stout,bing,,data/raw/bing/stout/milk_stout_nitro_cascading_pour_glass_-bottle_-can_-logo/000011.jpg,000011.jpg,720,960,2025-10-04T18:24:25Z
f2e27b78147a57b691874b113a5f5e2769d4ae42,stout,bing,,data/raw/bing/stout/milk_stout_nitro_cascading_pour_glass_-bottle_-can_-logo/000015.jpg,000015.jpg,1280,720,2025-10-04T18:24:25Z
7577c0863b922fb715881998b4cfcac1f03a2a93,stout,bing,,data/raw/bing/stout/milk_stout_nitro_cascading_pour_glass_-bottle_-can_-logo/000001.jpg,000001.jpg,1022,768,2025-10-04T18:24:25Z
8c3d3913035ec5ef2924185fde3950ef4ed120d5,stout,bing,,data/raw/bing/stout/milk_stout_nitro_cascading_pour_glass_-bottle_-can_-logo/000014.jpg,000014.jpg,918,1632,2025-10-04T18:24:25Z
33c2422d2fc00aa47ac8ad318bfa9aea1444463e,stout,bing,,data/raw/bing/stout/milk_stout_nitro_cascading_pour_glass_-bottle_-can_-logo/000002.jpg,000002.jpg,1024,576,2025-10-04T18:24:25Z
473a3ff704736bf3842e10d29b0558f8efba8f46,stout,bing,,data/raw/bing/stout/milk_stout_nitro_cascading_pour_glass_-bottle_-can_-logo/000016.jpg,000016.jpg,918,1632,2025-10-04T18:24:25Z
5d6be62fe1dd4463986ddd321305e52dba6341b0,stout,bing,,data/raw/bing/stout/milk_stout_nitro_cascading_pour_glass_-bottle_-can_-logo/000003.jpg,000003.jpg,1320,1711,2025-10-04T18:24:25Z
9b0cfbb64933cab65a6ad28b429cc6476445a491,stout,bing,,data/raw/bing/stout/dry_stout_guinness_style_pint_with_foam_-bottle_-can_-logo/000026.jpg,000026.jpg,1600,1157,2025-10-04T18:25:23Z
0810bbf8eca2350f6fde381d701ad54bbf33d158,stout,bing,,data/raw/bing/stout/dry_stout_guinness_style_pint_with_foam_-bottle_-can_-logo/000033.jpg,000033.jpg,1300,955,2025-10-04T18:25:23Z
837d5a79178d31da5f7e2fa46e407eb01d3bb696,stout,bing,,data/raw/bing/stout/dry_stout_guinness_style_pint_with_foam_-bottle_-can_-logo/000019.jpg,000019.jpg,856,1390,2025-10-04T18:25:23Z
9d4ed9e13ad37c1460370348cface8a861f53b7f,stout,bing,,data/raw/bing/stout/dry_stout_guinness_style_pint_with_foam_-bottle_-can_-logo/000031.jpg,000031.jpg,1100,1100,2025-10-04T18:25:23Z
b3a82f72b0ed17622352d4c60df5e4e9d1b104d5,stout,bing,,data/raw/bing/stout/dry_stout_guinness_style_pint_with_foam_-bottle_-can_-logo/000025.jpg,000025.jpg,1000,560,2025-10-04T18:25:23Z
3fe535ffff1f5371f7386a8a81e8e940cb5e7ac2,stout,bing,,data/raw/bing/stout/dry_stout_guinness_style_pint_with_foam_-bottle_-can_-logo/000024.jpg,000024.jpg,1536,1920,2025-10-04T18:25:23Z
8b35f0b7394a85517b72e3299f6412d531f6aa47,stout,bing,,data/raw/bing/stout/dry_stout_guinness_style_pint_with_foam_-bottle_-can_-logo/000030.jpg,000030.jpg,1600,1157,2025-10-04T18:25:23Z
770450496b172ac246ef5cd6c44a05f0b6d1ed50,stout,bing,,data/raw/bing/stout/dry_stout_guinness_style_pint_with_foam_-bottle_-can_-logo/000018.jpg,000018.jpg,800,534,2025-10-04T18:25:23Z
0aeab39166c9e2ec3bc911f17e36aff1975679a3,stout,bing,,data/raw/bing/stout/dry_stout_guinness_style_pint_with_foam_-bottle_-can_-logo/000020.jpg,000020.jpg,1300,956,2025-10-04T18:25:23Z
129faf215aaafdea0dca4dbaeb733f78225a0c3a,stout,bing,,data/raw/bing/stout/dry_stout_guinness_style_pint_with_foam_-bottle_-can_-logo/000008.jpg,000008.jpg,1536,1920,2025-10-04T18:25:23Z
3eab2632febe650a7b97dc33b9f2af2371f2113a,stout,bing,,data/raw/bing/stout/dry_stout_guinness_style_pint_with_foam_-bottle_-can_-logo/000009.jpg,000009.jpg,1200,630,2025-10-04T18:25:23Z
ca68423e5534bd2bf22c2577a2456d7077d526ae,stout,bing,,data/raw/bing/stout/dry_stout_guinness_style_pint_with_foam_-bottle_-can_-logo/000021.jpg,000021.jpg,1200,936,2025-10-04T18:25:23Z
392c65e0bb973b7b556d39620dcbb9c90d01d3a1,stout,bing,,data/raw/bing/stout/dry_stout_guinness_style_pint_with_foam_-bottle_-can_-logo/000035.jpg,000035.jpg,600,848,2025-10-04T18:25:23Z
f37c1ff5aa9a6af49c951b8fa3348850e85262d1,stout,bing,,data/raw/bing/stout/dry_stout_guinness_style_pint_with_foam_-bottle_-can_-logo/000023.jpg,000023.jpg,757,1600,2025-10-04T18:25:23Z
7a9be761852edfe7db7148fc76ed69d69865db52,stout,bing,,data/raw/bing/stout/dry_stout_guinness_style_pint_with_foam_-bottle_-can_-logo/000022.jpg,000022.jpg,1300,1151,2025-10-04T18:25:23Z
1e228c93bed66aea9152eef679bcd68edb320c05,stout,bing,,data/raw/bing/stout/dry_stout_guinness_style_pint_with_foam_-bottle_-can_-logo/000040.jpg,000040.jpg,1200,630,2025-10-04T18:25:23Z
58b93afbb94d901916fca435fda360c569719908,stout,bing,,data/raw/bing/stout/dry_stout_guinness_style_pint_with_foam_-bottle_-can_-logo/000007.jpg,000007.jpg,866,1390,2025-10-04T18:25:23Z
34d4f536f8589a1e9fabf4dd0911c6e4b0a5d0f0,stout,bing,,data/raw/bing/stout/dry_stout_guinness_style_pint_with_foam_-bottle_-can_-logo/000013.jpg,000013.jpg,1600,1157,2025-10-04T18:25:23Z
0fde631cd7a8210b526cd5dbc3a937fc4611792b,stout,bing,,data/raw/bing/stout/dry_stout_guinness_style_pint_with_foam_-bottle_-can_-logo/000012.jpg,000012.jpg,900,1600,2025-10-04T18:25:23Z
c4e5923dcb46534b291dbe88dae1f1902126d784,stout,bing,,data/raw/bing/stout/dry_stout_guinness_style_pint_with_foam_-bottle_-can_-logo/000006.jpg,000006.jpg,1024,768,2025-10-04T18:25:23Z
969687b44366b0544f34e73c7dfce896178a62ae,stout,bing,,data/raw/bing/stout/dry_stout_guinness_style_pint_with_foam_-bottle_-can_-logo/000038.jpg,000038.jpg,800,534,2025-10-04T18:25:23Z
fbf94bb229af43552f6f878bbcc539b901846217,stout,bing,,data/raw/bing/stout/dry_stout_guinness_style_pint_with_foam_-bottle_-can_-logo/000010.jpg,000010.jpg,1920,1080,2025-10-04T18:25:23Z
e0f0ee488da662b9cfd58b5b3d5718e918fa0c24,stout,bing,,data/raw/bing/stout/dry_stout_guinness_style_pint_with_foam_-bottle_-can_-logo/000004.jpg,000004.jpg,675,900,2025-10-04T18:25:23Z
d0ae10abc7ffbbf2a17f868ea328993876a4b2f0,stout,bing,,data/raw/bing/stout/dry_stout_guinness_style_pint_with_foam_-bottle_-can_-logo/000005.jpg,000005.jpg,2005,2560,2025-10-04T18:25:23Z
a78cf292d07b22614436994082dd9ac74c266d92,stout,bing,,data/raw/bing/stout/dry_stout_guinness_style_pint_with_foam_-bottle_-can_-logo/000011.jpg,000011.jpg,1200,675,2025-10-04T18:25:23Z
f8cad3f43727d05437c0ebc545b27167da01e988,stout,bing,,data/raw/bing/stout/dry_stout_guinness_style_pint_with_foam_-bottle_-can_-logo/000039.jpg,000039.jpg,640,853,2025-10-04T18:25:23Z
9eb2c392d0ff37b244cac8f76a6acc8354624136,stout,bing,,data/raw/bing/stout/dry_stout_guinness_style_pint_with_foam_-bottle_-can_-logo/000015.jpg,000015.jpg,1920,1080,2025-10-04T18:25:23Z
45be7b83873765bcded9acc0f368ae6e10378da4,stout,bing,,data/raw/bing/stout/dry_stout_guinness_style_pint_with_foam_-bottle_-can_-logo/000001.jpg,000001.jpg,2100,1400,2025-10-04T18:25:23Z
6914295caa25a7629e46c1ced8ece03c542c5bcd,stout,bing,,data/raw/bing/stout/dry_stout_guinness_style_pint_with_foam_-bottle_-can_-logo/000029.jpg,000029.jpg,866,1390,2025-10-04T18:25:23Z
b53b3cf092587ac83a096ee4b197ec90709c3355,stout,bing,,data/raw/bing/stout/dry_stout_guinness_style_pint_with_foam_-bottle_-can_-logo/000028.jpg,000028.jpg,1920,1280,2025-10-04T18:25:23Z
ac87dca2800a8f576a9768ed947dba05c29750ee,stout,bing,,data/raw/bing/stout/dry_stout_guinness_style_pint_with_foam_-bottle_-can_-logo/000014.jpg,000014.jpg,634,735,2025-10-04T18:25:23Z
f5c39f0fe5a1505097ec8ebb912044dbfc6c9d71,stout,bing,,data/raw/bing/stout/dry_stout_guinness_style_pint_with_foam_-bottle_-can_-logo/000016.jpg,000016.jpg,1024,1021,2025-10-04T18:25:23Z
b2e09a9f782e3d68212a9c852d365496deaa0afa,stout,bing,,data/raw/bing/stout/dry_stout_guinness_style_pint_with_foam_-bottle_-can_-logo/000017.jpg,000017.jpg,1200,800,2025-10-04T18:25:23Z
0e1b1bfdbf11cfab532657f172bc7f92730767f0,stout,bing,,data/raw/bing/stout/dry_stout_guinness_style_pint_with_foam_-bottle_-can_-logo/000003.jpg,000003.jpg,1920,1280,2025-10-04T18:25:23Z
1fec77e2a28d648cbe90a817142aa7d8fa7f0727,stout,bing,,data/raw/bing/stout/oatmeal_stout_smooth_dark_pint_glass_-bottle_-can_-logo/000033.jpg,000033.jpg,1500,1125,2025-10-04T18:26:37Z
db1d9c4c347cd4f68590263e718b84a319bd1984,stout,bing,,data/raw/bing/stout/oatmeal_stout_smooth_dark_pint_glass_-bottle_-can_-logo/000027.jpg,000027.jpg,847,1024,2025-10-04T18:26:37Z
a3131050235ff5e159a721d245d03729fbfc7c43,stout,bing,,data/raw/bing/stout/oatmeal_stout_smooth_dark_pint_glass_-bottle_-can_-logo/000019.jpg,000019.jpg,999,1690,2025-10-04T18:26:37Z
05f1db1438f0362c93d881a8b8a291b31ed9f014,stout,bing,,data/raw/bing/stout/oatmeal_stout_smooth_dark_pint_glass_-bottle_-can_-logo/000031.jpg,000031.jpg,683,763,2025-10-04T18:26:37Z
871761f403c9b0eb67bbc3c556397ff59216473c,stout,bing,,data/raw/bing/stout/oatmeal_stout_smooth_dark_pint_glass_-bottle_-can_-logo/000024.jpg,000024.jpg,1024,576,2025-10-04T18:26:37Z
b4fec2a16a20999ecbb8612a3267bdec79b6e08f,stout,bing,,data/raw/bing/stout/oatmeal_stout_smooth_dark_pint_glass_-bottle_-can_-logo/000030.jpg,000030.jpg,800,800,2025-10-04T18:26:37Z
9c8a4fb887ac441200b2f3b69fd6ed58351928dd,stout,bing,,data/raw/bing/stout/oatmeal_stout_smooth_dark_pint_glass_-bottle_-can_-logo/000018.jpg,000018.jpg,1484,2239,2025-10-04T18:26:37Z
1af4be4b86a63342cba8df6e13986af7697d805f,stout,bing,,data/raw/bing/stout/oatmeal_stout_smooth_dark_pint_glass_-bottle_-can_-logo/000034.jpg,000034.jpg,1000,700,2025-10-04T18:26:37Z
c0de397275a28b102f0acfc4c9a3f60de51843b8,stout,bing,,data/raw/bing/stout/oatmeal_stout_smooth_dark_pint_glass_-bottle_-can_-logo/000020.jpg,000020.jpg,1600,1157,2025-10-04T18:26:37Z
0e3a1d57b5b1431454f76cdd18aa59c70dc5f514,stout,bing,,data/raw/bing/stout/oatmeal_stout_smooth_dark_pint_glass_-bottle_-can_-logo/000008.jpg,000008.jpg,1000,1333,2025-10-04T18:26:37Z
e78f0b92319345a4d636cc40c63a87afeda55679,stout,bing,,data/raw/bing/stout/oatmeal_stout_smooth_dark_pint_glass_-bottle_-can_-logo/000009.jpg,000009.jpg,601,900,2025-10-04T18:26:37Z
8dd87d6a6609cb0f891a1cf4f86f45e09c92fe24,stout,bing,,data/raw/bing/stout/oatmeal_stout_smooth_dark_pint_glass_-bottle_-can_-logo/000021.jpg,000021.jpg,866,1390,2025-10-04T18:26:37Z
dbd227b23f7d1d152afc9261592b04787c436736,stout,bing,,data/raw/bing/stout/oatmeal_stout_smooth_dark_pint_glass_-bottle_-can_-logo/000035.jpg,000035.jpg,570,612,2025-10-04T18:26:37Z
8564e017f9387e96f9a26e876506741c831d153c,stout,bing,,data/raw/bing/stout/oatmeal_stout_smooth_dark_pint_glass_-bottle_-can_-logo/000023.jpg,000023.jpg,2084,2605,2025-10-04T18:26:37Z
6e59a3a48aca0c98b69d2654c0ba6896d3c0128f,stout,bing,,data/raw/bing/stout/oatmeal_stout_smooth_dark_pint_glass_-bottle_-can_-logo/000022.jpg,000022.jpg,1300,1065,2025-10-04T18:26:37Z
40f174d5989379796f2d2649ed01cbf5fce98bf8,stout,bing,,data/raw/bing/stout/oatmeal_stout_smooth_dark_pint_glass_-bottle_-can_-logo/000045.jpg,000045.jpg,1200,630,2025-10-04T18:26:37Z
667e237d61fb84ac82eb8e3ef86fee9ef1c7dc76,stout,bing,,data/raw/bing/stout/oatmeal_stout_smooth_dark_pint_glass_-bottle_-can_-logo/000044.jpg,000044.jpg,720,593,2025-10-04T18:26:37Z
832c46b2176604782756511b29565eb1f1588199,stout,bing,,data/raw/bing/stout/oatmeal_stout_smooth_dark_pint_glass_-bottle_-can_-logo/000046.jpg,000046.jpg,736,552,2025-10-04T18:26:37Z
044c768aa5aff54bc655ba038ec45b0e12019b7b,stout,bing,,data/raw/bing/stout/oatmeal_stout_smooth_dark_pint_glass_-bottle_-can_-logo/000047.jpg,000047.jpg,1024,969,2025-10-04T18:26:37Z
631c83e4340397203fe70dbf82422045cc701f88,stout,bing,,data/raw/bing/stout/oatmeal_stout_smooth_dark_pint_glass_-bottle_-can_-logo/000043.jpg,000043.jpg,2988,2827,2025-10-04T18:26:37Z
df55c874218ea1d08bc64cf51900cc21615a0996,stout,bing,,data/raw/bing/stout/oatmeal_stout_smooth_dark_pint_glass_-bottle_-can_-logo/000042.jpg,000042.jpg,2008,2560,2025-10-04T18:26:37Z
8df335d6a6523add14071407fde4883fbe845fcd,stout,bing,,data/raw/bing/stout/oatmeal_stout_smooth_dark_pint_glass_-bottle_-can_-logo/000048.jpg,000048.jpg,1000,1000,2025-10-04T18:26:37Z
e90086fcb69713739cea28b52db0b8497b7bf555,stout,bing,,data/raw/bing/stout/oatmeal_stout_smooth_dark_pint_glass_-bottle_-can_-logo/000007.jpg,000007.jpg,512,512,2025-10-04T18:26:37Z
22bbc6e252b220dc4904292139b4b5d7d98d53f7,stout,bing,,data/raw/bing/stout/oatmeal_stout_smooth_dark_pint_glass_-bottle_-can_-logo/000013.jpg,000013.jpg,614,1500,2025-10-04T18:26:37Z
078c750c6d08cb0b13e6eae8518f671b0ae1021e,stout,bing,,data/raw/bing/stout/oatmeal_stout_smooth_dark_pint_glass_-bottle_-can_-logo/000012.jpg,000012.jpg,800,800,2025-10-04T18:26:37Z
478b1dc84aed19bc9dcc7c3d872c173471e3727b,stout,bing,,data/raw/bing/stout/oatmeal_stout_smooth_dark_pint_glass_-bottle_-can_-logo/000010.jpg,000010.jpg,800,533,2025-10-04T18:26:37Z
3fc2ec143e02b4e6f1fbc54188f6594e9d8dce5e,stout,bing,,data/raw/bing/stout/oatmeal_stout_smooth_dark_pint_glass_-bottle_-can_-logo/000004.jpg,000004.jpg,900,1200,2025-10-04T18:26:37Z
c1b9d8b9c7143ce1e8d2830a5f84188d5e01c5bd,stout,bing,,data/raw/bing/stout/oatmeal_stout_smooth_dark_pint_glass_-bottle_-can_-logo/000005.jpg,000005.jpg,667,1000,2025-10-04T18:26:37Z
e1151f91f2a667e924e8212128865e2fc05da324,stout,bing,,data/raw/bing/stout/oatmeal_stout_smooth_dark_pint_glass_-bottle_-can_-logo/000039.jpg,000039.jpg,2000,2000,2025-10-04T18:26:37Z
340dafb2b6721ab4635f3b92b2c10629e344d874,stout,bing,,data/raw/bing/stout/oatmeal_stout_smooth_dark_pint_glass_-bottle_-can_-logo/000029.jpg,000029.jpg,2780,3567,2025-10-04T18:26:37Z
7a442aacb96d4c0c329cb45f38ff5072f1256a71,stout,bing,,data/raw/bing/stout/oatmeal_stout_smooth_dark_pint_glass_-bottle_-can_-logo/000028.jpg,000028.jpg,720,1080,2025-10-04T18:26:37Z
43f313e84e9bed11c5177989ae3038f2bcda2367,stout,bing,,data/raw/bing/stout/oatmeal_stout_smooth_dark_pint_glass_-bottle_-can_-logo/000014.jpg,000014.jpg,768,1024,2025-10-04T18:26:37Z
10b40d7872953c8bf8c26a2fc2276f6b8404981c,stout,bing,,data/raw/bing/stout/oatmeal_stout_smooth_dark_pint_glass_-bottle_-can_-logo/000002.jpg,000002.jpg,729,1023,2025-10-04T18:26:37Z
a3448e18d6855d985565a4f3b0329dad7d0a6864,stout,bing,,data/raw/bing/stout/oatmeal_stout_smooth_dark_pint_glass_-bottle_-can_-logo/000016.jpg,000016.jpg,1080,1080,2025-10-04T18:26:37Z
cf8cb9dc93068e5cf12b926df2ddb5edc2c80125,stout,bing,,data/raw/bing/stout/oatmeal_stout_smooth_dark_pint_glass_-bottle_-can_-logo/000003.jpg,000003.jpg,919,1390,2025-10-04T18:26:37Z
dbf96189f893b14db5766d0c149847d426f76be7,porter,bing,,data/raw/bing/porter/porter_beer_nonic_pint_ruby_highlights_-bottle_-can_-logo_-mockup/000026.jpg,000026.jpg,700,700,2025-10-04T18:27:49Z
893fb8b6145dc5d4b43fffae6c28ce99c3600647,porter,bing,,data/raw/bing/porter/porter_beer_nonic_pint_ruby_highlights_-bottle_-can_-logo_-mockup/000033.jpg,000033.jpg,566,565,2025-10-04T18:27:49Z
403c8756ec167ee4d738c0b297aac316f0b4edda,porter,bing,,data/raw/bing/porter/porter_beer_nonic_pint_ruby_highlights_-bottle_-can_-logo_-mockup/000027.jpg,000027.jpg,640,1064,2025-10-04T18:27:49Z
5310a5257c7ae11d8f8022d696d6539b41bfbc47,porter,bing,,data/raw/bing/porter/porter_beer_nonic_pint_ruby_highlights_-bottle_-can_-logo_-mockup/000031.jpg,000031.jpg,1600,1067,2025-10-04T18:27:49Z
7ee134ca631b720ce5d7b1b83bfcc9ee14fb80f9,porter,bing,,data/raw/bing/porter/porter_beer_nonic_pint_ruby_highlights_-bottle_-can_-logo_-mockup/000025.jpg,000025.jpg,1600,1690,2025-10-04T18:27:49Z
4e966cf16170c452f238ce21c9ba883a80259ab7,porter,bing,,data/raw/bing/porter/porter_beer_nonic_pint_ruby_highlights_-bottle_-can_-logo_-mockup/000024.jpg,000024.jpg,900,1200,2025-10-04T18:27:49Z
33ce1f17c52f4f9cba6da61b319db9b1de83994f,porter,bing,,data/raw/bing/porter/porter_beer_nonic_pint_ruby_highlights_-bottle_-can_-logo_-mockup/000030.jpg,000030.jpg,1280,720,2025-10-04T18:27:49Z
d5001814ea666eaa3760bfe01e02249ec2ec1d9c,porter,bing,,data/raw/bing/porter/porter_beer_nonic_pint_ruby_highlights_-bottle_-can_-logo_-mockup/000034.jpg,000034.jpg,2000,2000,2025-10-04T18:27:49Z
113a4b573ee33e2d420eba50e6a3dfee362f528f,porter,bing,,data/raw/bing/porter/porter_beer_nonic_pint_ruby_highlights_-bottle_-can_-logo_-mockup/000020.jpg,000020.jpg,1417,1535,2025-10-04T18:27:49Z
589ee6cb7d426c5877d918a8b34f2b273160d21f,porter,bing,,data/raw/bing/porter/porter_beer_nonic_pint_ruby_highlights_-bottle_-can_-logo_-mockup/000008.jpg,000008.jpg,768,1024,2025-10-04T18:27:49Z
aa85a72094242880519466ec904d92950a6c719f,porter,bing,,data/raw/bing/porter/porter_beer_nonic_pint_ruby_highlights_-bottle_-can_-logo_-mockup/000021.jpg,000021.jpg,3024,4032,2025-10-04T18:27:49Z
fd4bb776b3348f3c73b0adf080fbd47f21dc1acd,porter,bing,,data/raw/bing/porter/porter_beer_nonic_pint_ruby_highlights_-bottle_-can_-logo_-mockup/000035.jpg,000035.jpg,1080,1080,2025-10-04T18:27:49Z
6b9957d78f2c85fe5352c61dee08cfaf60f3de99,porter,bing,,data/raw/bing/porter/porter_beer_nonic_pint_ruby_highlights_-bottle_-can_-logo_-mockup/000022.jpg,000022.jpg,843,1499,2025-10-04T18:27:49Z
8859ae0f0a00a74b28a70fc47b43998c9f26da2b,porter,bing,,data/raw/bing/porter/porter_beer_nonic_pint_ruby_highlights_-bottle_-can_-logo_-mockup/000007.jpg,000007.jpg,1200,1200,2025-10-04T18:27:49Z
750a8ecbb78e3d25f46bcea8e24211ec1f1062aa,porter,bing,,data/raw/bing/porter/porter_beer_nonic_pint_ruby_highlights_-bottle_-can_-logo_-mockup/000012.jpg,000012.jpg,624,713,2025-10-04T18:27:49Z
5f239c98e0ed74a1b83f0e26f59ed23448a3f55d,porter,bing,,data/raw/bing/porter/porter_beer_nonic_pint_ruby_highlights_-bottle_-can_-logo_-mockup/000010.jpg,000010.jpg,1200,1200,2025-10-04T18:27:49Z
cc980d7cc36e3a03623e0da2ed12978c3792c018,porter,bing,,data/raw/bing/porter/porter_beer_nonic_pint_ruby_highlights_-bottle_-can_-logo_-mockup/000004.jpg,000004.jpg,900,900,2025-10-04T18:27:49Z
90b4d4d668ede7d2d0196c025a8e72fd5f15f3e0,porter,bing,,data/raw/bing/porter/porter_beer_nonic_pint_ruby_highlights_-bottle_-can_-logo_-mockup/000005.jpg,000005.jpg,1885,1258,2025-10-04T18:27:49Z
5906966daea83487ee1b5d8342de729e37636664,porter,bing,,data/raw/bing/porter/porter_beer_nonic_pint_ruby_highlights_-bottle_-can_-logo_-mockup/000015.jpg,000015.jpg,1552,1600,2025-10-04T18:27:49Z
b344d627609060cdd2b7cd14b53f479855a4337a,porter,bing,,data/raw/bing/porter/porter_beer_nonic_pint_ruby_highlights_-bottle_-can_-logo_-mockup/000001.jpg,000001.jpg,1200,1200,2025-10-04T18:27:49Z
868a2ec88dcc6ff98e1aaece13c6d0cf78bad7a0,porter,bing,,data/raw/bing/porter/porter_beer_nonic_pint_ruby_highlights_-bottle_-can_-logo_-mockup/000029.jpg,000029.jpg,1000,1000,2025-10-04T18:27:49Z
31fa6b926592334d29c9ee19a8ddee7a7c6f8d58,porter,bing,,data/raw/bing/porter/porter_beer_nonic_pint_ruby_highlights_-bottle_-can_-logo_-mockup/000028.jpg,000028.jpg,1600,1144,2025-10-04T18:27:49Z
0eb919978f0e7b6b40fea23b28b4ea371022aeb8,porter,bing,,data/raw/bing/porter/porter_beer_nonic_pint_ruby_highlights_-bottle_-can_-logo_-mockup/000014.jpg,000014.jpg,1300,943,2025-10-04T18:27:49Z
a7dfe6f1bfd51968874c87df40714416ad181b1c,porter,bing,,data/raw/bing/porter/porter_beer_nonic_pint_ruby_highlights_-bottle_-can_-logo_-mockup/000002.jpg,000002.jpg,1280,720,2025-10-04T18:27:49Z
3b5fbe41e73d40f750d49ee03602fd2c2daf4e1f,porter,bing,,data/raw/bing/porter/porter_beer_nonic_pint_ruby_highlights_-bottle_-can_-logo_-mockup/000016.jpg,000016.jpg,1000,1080,2025-10-04T18:27:49Z
33f0c4a6aa9427628a4fbd5c61956ab4c46dc2c2,porter,bing,,data/raw/bing/porter/porter_beer_nonic_pint_ruby_highlights_-bottle_-can_-logo_-mockup/000003.jpg,000003.jpg,700,700,2025-10-04T18:27:49Z
46275f8e975c86b79e53bb7d2088089db75ae1fd,porter,bing,,data/raw/bing/porter/robust_porter_in_glass_bar_lighting_-bottle_-can_-logo/000026.jpg,000026.jpg,1000,1620,2025-10-04T18:29:13Z
5554bc1a3ab6adfa063c3420e40cd822fedf24dd,porter,bing,,data/raw/bing/porter/robust_porter_in_glass_bar_lighting_-bottle_-can_-logo/000032.jpg,000032.jpg,800,534,2025-10-04T18:29:13Z
4e9bfbd56aed09b04fe3085284a35c5804f44576,porter,bing,,data/raw/bing/porter/robust_porter_in_glass_bar_lighting_-bottle_-can_-logo/000033.jpg,000033.jpg,759,800,2025-10-04T18:29:13Z
53bd55b5941fd55c76d7661ffe4fdffdeea0e7c8,porter,bing,,data/raw/bing/porter/robust_porter_in_glass_bar_lighting_-bottle_-can_-logo/000027.jpg,000027.jpg,1001,1600,2025-10-04T18:29:13Z
d59a38915969ca8b8ab8ed61f7e5d9b5e296722a,porter,bing,,data/raw/bing/porter/robust_porter_in_glass_bar_lighting_-bottle_-can_-logo/000019.jpg,000019.jpg,900,900,2025-10-04T18:29:13Z
290376b0c0b2fa3d984fe46d0df18d422130ff37,porter,bing,,data/raw/bing/porter/robust_porter_in_glass_bar_lighting_-bottle_-can_-logo/000031.jpg,000031.jpg,838,1200,2025-10-04T18:29:13Z
b88b3ffc01a60aa22caf7ddda0df2f2c4b64839d,porter,bing,,data/raw/bing/porter/robust_porter_in_glass_bar_lighting_-bottle_-can_-logo/000025.jpg,000025.jpg,1920,1000,2025-10-04T18:29:13Z
99da9857e6c1e070318361c6a374e8e1d5c31ed0,porter,bing,,data/raw/bing/porter/robust_porter_in_glass_bar_lighting_-bottle_-can_-logo/000024.jpg,000024.jpg,1280,720,2025-10-04T18:29:13Z
04138cd1490a663b87ff29fb1649f02fb97920d9,porter,bing,,data/raw/bing/porter/robust_porter_in_glass_bar_lighting_-bottle_-can_-logo/000030.jpg,000030.jpg,600,721,2025-10-04T18:29:13Z
bd248a730a0137d6fd81803f20269f06633a36f0,porter,bing,,data/raw/bing/porter/robust_porter_in_glass_bar_lighting_-bottle_-can_-logo/000018.jpg,000018.jpg,600,603,2025-10-04T18:29:13Z
688cad16ac1b09eb97f2c9668033172f936e13df,porter,bing,,data/raw/bing/porter/robust_porter_in_glass_bar_lighting_-bottle_-can_-logo/000034.jpg,000034.jpg,1500,1500,2025-10-04T18:29:13Z
b0eb443ef514e6a03601d1d5630a2a88f6853784,porter,bing,,data/raw/bing/porter/robust_porter_in_glass_bar_lighting_-bottle_-can_-logo/000020.jpg,000020.jpg,1073,1800,2025-10-04T18:29:13Z
d125e2ec60e007d75a620ed0bcce3fd85eb28b41,porter,bing,,data/raw/bing/porter/robust_porter_in_glass_bar_lighting_-bottle_-can_-logo/000008.jpg,000008.jpg,1920,1278,2025-10-04T18:29:13Z
4235016e655504c0e610b32ded85c3583a59af6c,porter,bing,,data/raw/bing/porter/robust_porter_in_glass_bar_lighting_-bottle_-can_-logo/000021.jpg,000021.jpg,1500,1315,2025-10-04T18:29:13Z
5b4ebe7b075af31ee457e7194d0b2cc5f65fd90a,porter,bing,,data/raw/bing/porter/robust_porter_in_glass_bar_lighting_-bottle_-can_-logo/000023.jpg,000023.jpg,640,570,2025-10-04T18:29:13Z
e275c1fc8cb289a93d2686f77c7eb3d9cb7512f0,porter,bing,,data/raw/bing/porter/robust_porter_in_glass_bar_lighting_-bottle_-can_-logo/000037.jpg,000037.jpg,736,1106,2025-10-04T18:29:13Z
5746a03443d9bb8f998d71ffe9943594e26f535b,porter,bing,,data/raw/bing/porter/robust_porter_in_glass_bar_lighting_-bottle_-can_-logo/000036.jpg,000036.jpg,1067,1690,2025-10-04T18:29:13Z
82298903e75cb688c5b066d98915742fcc5b795f,porter,bing,,data/raw/bing/porter/robust_porter_in_glass_bar_lighting_-bottle_-can_-logo/000022.jpg,000022.jpg,750,750,2025-10-04T18:29:13Z
0390150e441cef3598eb347b313e9e1aa05b879b,porter,bing,,data/raw/bing/porter/robust_porter_in_glass_bar_lighting_-bottle_-can_-logo/000040.jpg,000040.jpg,900,1125,2025-10-04T18:29:13Z
b884047eba2b4c83ab8afb3b1124977dbb12fad0,porter,bing,,data/raw/bing/porter/robust_porter_in_glass_bar_lighting_-bottle_-can_-logo/000007.jpg,000007.jpg,600,600,2025-10-04T18:29:13Z
6a6877e13d97e6777ae0c655f81d9af2fac6d588,porter,bing,,data/raw/bing/porter/robust_porter_in_glass_bar_lighting_-bottle_-can_-logo/000006.jpg,000006.jpg,3072,2049,2025-10-04T18:29:13Z
784ad3338f9e107abf20785addbcb0812e506cff,porter,bing,,data/raw/bing/porter/robust_porter_in_glass_bar_lighting_-bottle_-can_-logo/000038.jpg,000038.jpg,1000,563,2025-10-04T18:29:13Z
9b67e015e959de943136f8107079c56e9ee1ac22,porter,bing,,data/raw/bing/porter/robust_porter_in_glass_bar_lighting_-bottle_-can_-logo/000010.jpg,000010.jpg,960,960,2025-10-04T18:29:13Z
41af62c9f6b74b1b04e3468a9c9e818ef6797c9c,porter,bing,,data/raw/bing/porter/robust_porter_in_glass_bar_lighting_-bottle_-can_-logo/000004.jpg,000004.jpg,1000,667,2025-10-04T18:29:13Z
3c86c3500d717b69432eec088f08b3b20cd48eb8,porter,bing,,data/raw/bing/porter/robust_porter_in_glass_bar_lighting_-bottle_-can_-logo/000005.jpg,000005.jpg,681,1024,2025-10-04T18:29:13Z
a5e096667f6f8625f90841f51ffc1a0bc04a4af5,porter,bing,,data/raw/bing/porter/robust_porter_in_glass_bar_lighting_-bottle_-can_-logo/000011.jpg,000011.jpg,900,893,2025-10-04T18:29:13Z
7e56df19927d2e0ead013f580231d04f25af0eec,porter,bing,,data/raw/bing/porter/robust_porter_in_glass_bar_lighting_-bottle_-can_-logo/000039.jpg,000039.jpg,600,600,2025-10-04T18:29:13Z
50b79e72c4943cf478f81e7309c34d02b31bdabe,porter,bing,,data/raw/bing/porter/robust_porter_in_glass_bar_lighting_-bottle_-can_-logo/000015.jpg,000015.jpg,736,895,2025-10-04T18:29:13Z
741a7e641737a9c60c8c0748fcb4b2633a5439d1,porter,bing,,data/raw/bing/porter/robust_porter_in_glass_bar_lighting_-bottle_-can_-logo/000002.jpg,000002.jpg,1024,1024,2025-10-04T18:29:13Z
23c43c89599393431612cb074beac61019396491,porter,bing,,data/raw/bing/porter/robust_porter_in_glass_bar_lighting_-bottle_-can_-logo/000017.jpg,000017.jpg,1600,1156,2025-10-04T18:29:13Z
6da84c28ab1856eeaf862757490671493b86e463,porter,bing,,data/raw/bing/porter/brown_porter_in_pint_smooth_head_-bottle_-can_-logo/000026.jpg,000026.jpg,1280,720,2025-10-04T18:30:24Z
46bc2b34e7737a45af85683209642a040da51335,porter,bing,,data/raw/bing/porter/brown_porter_in_pint_smooth_head_-bottle_-can_-logo/000019.jpg,000019.jpg,1370,2048,2025-10-04T18:30:24Z
bd1c131360f42c3f05ddd5d41cfe92a3b911d8c0,porter,bing,,data/raw/bing/porter/brown_porter_in_pint_smooth_head_-bottle_-can_-logo/000031.jpg,000031.jpg,1119,1536,2025-10-04T18:30:24Z
ef2dc6c8a8ad15d92e7056dafb71c7a62d7fee19,porter,bing,,data/raw/bing/porter/brown_porter_in_pint_smooth_head_-bottle_-can_-logo/000025.jpg,000025.jpg,1200,802,2025-10-04T18:30:24Z
d9c6a07f49d2cd23128af29ed79db07b18f1b41d,porter,bing,,data/raw/bing/porter/brown_porter_in_pint_smooth_head_-bottle_-can_-logo/000018.jpg,000018.jpg,626,626,2025-10-04T18:30:24Z
bf0a9d4beacddbb8b3293b94cd6ff3d51ad588f4,porter,bing,,data/raw/bing/porter/brown_porter_in_pint_smooth_head_-bottle_-can_-logo/000034.jpg,000034.jpg,640,640,2025-10-04T18:30:24Z
b1e375c6e1e2df16b8b7f6ece5a14da23b2bbc0b,porter,bing,,data/raw/bing/porter/brown_porter_in_pint_smooth_head_-bottle_-can_-logo/000020.jpg,000020.jpg,1071,1690,2025-10-04T18:30:24Z
3332ec8850911e68853757e0c45ef05451bf19bc,porter,bing,,data/raw/bing/porter/brown_porter_in_pint_smooth_head_-bottle_-can_-logo/000008.jpg,000008.jpg,1920,1000,2025-10-04T18:30:24Z
845740ce130cb4d90c44d5d82f5c4361e3565a69,porter,bing,,data/raw/bing/porter/brown_porter_in_pint_smooth_head_-bottle_-can_-logo/000021.jpg,000021.jpg,1087,725,2025-10-04T18:30:24Z
0ae77e76d46f9e7934d2332350d8aa4250a1b5ed,porter,bing,,data/raw/bing/porter/brown_porter_in_pint_smooth_head_-bottle_-can_-logo/000035.jpg,000035.jpg,1000,1000,2025-10-04T18:30:24Z
92e49b0dab35bb1ea5af19a335fd73cd041b26ce,porter,bing,,data/raw/bing/porter/brown_porter_in_pint_smooth_head_-bottle_-can_-logo/000037.jpg,000037.jpg,720,540,2025-10-04T18:30:24Z
b92e3a06580d643c4b57bd3a290dd6d9f293cddd,porter,bing,,data/raw/bing/porter/brown_porter_in_pint_smooth_head_-bottle_-can_-logo/000036.jpg,000036.jpg,1000,563,2025-10-04T18:30:24Z
9f6a0845275d0eec00ad996c77eb246a6a03dbe5,porter,bing,,data/raw/bing/porter/brown_porter_in_pint_smooth_head_-bottle_-can_-logo/000022.jpg,000022.jpg,626,626,2025-10-04T18:30:24Z
3690085b6908d3d6a33a811388adf70e2ab90740,porter,bing,,data/raw/bing/porter/brown_porter_in_pint_smooth_head_-bottle_-can_-logo/000045.jpg,000045.jpg,1024,768,2025-10-04T18:30:24Z
802c560e7d9d1fec028caaf5e5edda7797b295ba,porter,bing,,data/raw/bing/porter/brown_porter_in_pint_smooth_head_-bottle_-can_-logo/000044.jpg,000044.jpg,640,640,2025-10-04T18:30:24Z
50391c4fcf8977bb4412a4d259caf03680773034,porter,bing,,data/raw/bing/porter/brown_porter_in_pint_smooth_head_-bottle_-can_-logo/000043.jpg,000043.jpg,768,1054,2025-10-04T18:30:24Z
627ab910ac055ff04c5989bcb47461c8c5678e5d,porter,bing,,data/raw/bing/porter/brown_porter_in_pint_smooth_head_-bottle_-can_-logo/000042.jpg,000042.jpg,1493,2048,2025-10-04T18:30:24Z
1f62e54f7b3ee5a32eec4a0fd179f7f50e171b21,porter,bing,,data/raw/bing/porter/brown_porter_in_pint_smooth_head_-bottle_-can_-logo/000040.jpg,000040.jpg,2055,2560,2025-10-04T18:30:24Z
43e7ab4d1d48e8767fe9a91cf6331707f6606c41,porter,bing,,data/raw/bing/porter/brown_porter_in_pint_smooth_head_-bottle_-can_-logo/000041.jpg,000041.jpg,1080,1350,2025-10-04T18:30:24Z
fae615f44eb60faa182676cf6f5e3238e429f3e0,porter,bing,,data/raw/bing/porter/brown_porter_in_pint_smooth_head_-bottle_-can_-logo/000007.jpg,000007.jpg,1001,1600,2025-10-04T18:30:24Z
778c8791723d9026a08f0b65cd3283fdda66d792,porter,bing,,data/raw/bing/porter/brown_porter_in_pint_smooth_head_-bottle_-can_-logo/000012.jpg,000012.jpg,1280,720,2025-10-04T18:30:24Z
0d5a4237f82f7c30244cd3cc03c135e7b6d290c1,porter,bing,,data/raw/bing/porter/brown_porter_in_pint_smooth_head_-bottle_-can_-logo/000006.jpg,000006.jpg,1600,1261,2025-10-04T18:30:24Z
3a5135211ea4c6312370e4932b9fc86ff86de722,porter,bing,,data/raw/bing/porter/brown_porter_in_pint_smooth_head_-bottle_-can_-logo/000010.jpg,000010.jpg,1365,2048,2025-10-04T18:30:24Z
b32df92515ef61f4266e755a0b32256cfcb24a0f,porter,bing,,data/raw/bing/porter/brown_porter_in_pint_smooth_head_-bottle_-can_-logo/000004.jpg,000004.jpg,1600,1156,2025-10-04T18:30:24Z
4a7b4c2f3d006343a2ec0180a23459905bcdfbc1,porter,bing,,data/raw/bing/porter/brown_porter_in_pint_smooth_head_-bottle_-can_-logo/000005.jpg,000005.jpg,1400,933,2025-10-04T18:30:24Z
73a8cc9a720754b9382802690e361e942b0da6d9,porter,bing,,data/raw/bing/porter/brown_porter_in_pint_smooth_head_-bottle_-can_-logo/000011.jpg,000011.jpg,1022,600,2025-10-04T18:30:24Z
adde2e8be50878f4e000977bba6a7f101965c597,porter,bing,,data/raw/bing/porter/brown_porter_in_pint_smooth_head_-bottle_-can_-logo/000029.jpg,000029.jpg,1600,900,2025-10-04T18:30:24Z
67806f0be8724489b779def8cd5568e9492a8b03,porter,bing,,data/raw/bing/porter/brown_porter_in_pint_smooth_head_-bottle_-can_-logo/000016.jpg,000016.jpg,768,1024,2025-10-04T18:30:24Z
47bba24c75308ebd98bed419cdc68331242faa44,porter,bing,,data/raw/bing/porter/brown_porter_in_pint_smooth_head_-bottle_-can_-logo/000003.jpg,000003.jpg,1890,1890,2025-10-04T18:30:24Z
b35ed0fc6f0c81985a0de18c6a868e6d6124438f,porter,bing,,data/raw/bing/porter/baltic_porter_strong_dark_snifter_glass_-bottle_-can_-logo/000026.jpg,000026.jpg,1300,956,2025-10-04T18:31:44Z
80487f134ff7dc9238f568450304f1173d736edd,porter,bing,,data/raw/bing/porter/baltic_porter_strong_dark_snifter_glass_-bottle_-can_-logo/000032.jpg,000032.jpg,1300,956,2025-10-04T18:31:44Z
c9ebe36b5e577b00b2c3ee101bc25d7ca2887842,porter,bing,,data/raw/bing/porter/baltic_porter_strong_dark_snifter_glass_-bottle_-can_-logo/000033.jpg,000033.jpg,1600,1690,2025-10-04T18:31:44Z
dad49340126936b06dc3e52bd7107b29cf063842,porter,bing,,data/raw/bing/porter/baltic_porter_strong_dark_snifter_glass_-bottle_-can_-logo/000027.jpg,000027.jpg,1004,1600,2025-10-04T18:31:44Z
77a3d7dfd0c2701b5013dc5d684243db33918ab8,porter,bing,,data/raw/bing/porter/baltic_porter_strong_dark_snifter_glass_-bottle_-can_-logo/000019.jpg,000019.jpg,1919,2421,2025-10-04T18:31:44Z
416c4f7fb962931f9916014b6df5ee70ffb57328,porter,bing,,data/raw/bing/porter/baltic_porter_strong_dark_snifter_glass_-bottle_-can_-logo/000031.jpg,000031.jpg,1300,956,2025-10-04T18:31:44Z
a8b49f640c32a85f623501efa017b5e54d70f670,porter,bing,,data/raw/bing/porter/baltic_porter_strong_dark_snifter_glass_-bottle_-can_-logo/000025.jpg,000025.jpg,873,1390,2025-10-04T18:31:44Z
7ca911fe1b2e4b97fe6fd1b9f25e9fdd1b5f0308,porter,bing,,data/raw/bing/porter/baltic_porter_strong_dark_snifter_glass_-bottle_-can_-logo/000030.jpg,000030.jpg,749,1000,2025-10-04T18:31:44Z
e1663c92b7b28c61663ba77c81127a4c607a111b,porter,bing,,data/raw/bing/porter/baltic_porter_strong_dark_snifter_glass_-bottle_-can_-logo/000018.jpg,000018.jpg,1300,956,2025-10-04T18:31:44Z
b9145c54f8c6aad973dcbd0cd40e671be8243cf0,porter,bing,,data/raw/bing/porter/baltic_porter_strong_dark_snifter_glass_-bottle_-can_-logo/000034.jpg,000034.jpg,900,2058,2025-10-04T18:31:44Z
a800f294e993601cc5ac3d659842d0f7b5e53fc0,porter,bing,,data/raw/bing/porter/baltic_porter_strong_dark_snifter_glass_-bottle_-can_-logo/000020.jpg,000020.jpg,1300,956,2025-10-04T18:31:44Z
03bcc72abe7ac18091fa9ea981c0cf0e7ff73646,porter,bing,,data/raw/bing/porter/baltic_porter_strong_dark_snifter_glass_-bottle_-can_-logo/000008.jpg,000008.jpg,1024,512,2025-10-04T18:31:44Z
a793714713d81eb4fbd9e05013d9eecf159fb99c,porter,bing,,data/raw/bing/porter/baltic_porter_strong_dark_snifter_glass_-bottle_-can_-logo/000009.jpg,000009.jpg,2000,1331,2025-10-04T18:31:44Z
b7cac37eff3143935b995b0fdbceb4833dfd0416,porter,bing,,data/raw/bing/porter/baltic_porter_strong_dark_snifter_glass_-bottle_-can_-logo/000021.jpg,000021.jpg,1500,1101,2025-10-04T18:31:44Z
b138b6550e6d84e7435898ba2f89e9da59fad082,porter,bing,,data/raw/bing/porter/baltic_porter_strong_dark_snifter_glass_-bottle_-can_-logo/000035.jpg,000035.jpg,960,960,2025-10-04T18:31:44Z
b8334a04a0d8e288534207eafb279ef1c73fe0a8,porter,bing,,data/raw/bing/porter/baltic_porter_strong_dark_snifter_glass_-bottle_-can_-logo/000023.jpg,000023.jpg,1200,627,2025-10-04T18:31:44Z
21fc01ec32db9300a7deb425b8b9c7be42c9706d,porter,bing,,data/raw/bing/porter/baltic_porter_strong_dark_snifter_glass_-bottle_-can_-logo/000037.jpg,000037.jpg,1600,1222,2025-10-04T18:31:44Z
dc6a732ce3eb50849dc098c8893288b1fbbbf960,porter,bing,,data/raw/bing/porter/baltic_porter_strong_dark_snifter_glass_-bottle_-can_-logo/000036.jpg,000036.jpg,1733,4000,2025-10-04T18:31:44Z
a0eb1ca548761bcf1532e749b1af4f2bac5073c9,porter,bing,,data/raw/bing/porter/baltic_porter_strong_dark_snifter_glass_-bottle_-can_-logo/000022.jpg,000022.jpg,600,599,2025-10-04T18:31:44Z
fdbbe2a411b2c487af5363a193859654a79ccd28,porter,bing,,data/raw/bing/porter/baltic_porter_strong_dark_snifter_glass_-bottle_-can_-logo/000040.jpg,000040.jpg,866,1390,2025-10-04T18:31:44Z
d81375741f5d1c2255fc5b13feb7b78b255cc360,porter,bing,,data/raw/bing/porter/baltic_porter_strong_dark_snifter_glass_-bottle_-can_-logo/000041.jpg,000041.jpg,900,900,2025-10-04T18:31:44Z
f1d11c79684ccbbdbf667cf7239d0b3ae2d2eb00,porter,bing,,data/raw/bing/porter/baltic_porter_strong_dark_snifter_glass_-bottle_-can_-logo/000007.jpg,000007.jpg,1280,1920,2025-10-04T18:31:44Z
4e1c93f9969287e4e01da32ca67fb9f0c53c433c,porter,bing,,data/raw/bing/porter/baltic_porter_strong_dark_snifter_glass_-bottle_-can_-logo/000013.jpg,000013.jpg,640,690,2025-10-04T18:31:44Z
45b72d3b11405e11c3f147acc2ed0de27831692e,porter,bing,,data/raw/bing/porter/baltic_porter_strong_dark_snifter_glass_-bottle_-can_-logo/000012.jpg,000012.jpg,865,1390,2025-10-04T18:31:44Z
9a68af5c8a31a699f482e6e04856f20862b4478f,porter,bing,,data/raw/bing/porter/baltic_porter_strong_dark_snifter_glass_-bottle_-can_-logo/000006.jpg,000006.jpg,1024,1024,2025-10-04T18:31:44Z
7be9acfc914ff53548dd045f660d8adf299626c7,porter,bing,,data/raw/bing/porter/baltic_porter_strong_dark_snifter_glass_-bottle_-can_-logo/000038.jpg,000038.jpg,825,825,2025-10-04T18:31:44Z
c09a16568ffb2d1229def4473de15c681127b94b,porter,bing,,data/raw/bing/porter/baltic_porter_strong_dark_snifter_glass_-bottle_-can_-logo/000010.jpg,000010.jpg,1024,768,2025-10-04T18:31:44Z
fc525b4d1b7dff6e24e4b2024a0414483832c02b,porter,bing,,data/raw/bing/porter/baltic_porter_strong_dark_snifter_glass_-bottle_-can_-logo/000005.jpg,000005.jpg,1280,853,2025-10-04T18:31:44Z
6908091e25c2cdbc6ff9efda850ae5d00a4098fc,porter,bing,,data/raw/bing/porter/baltic_porter_strong_dark_snifter_glass_-bottle_-can_-logo/000011.jpg,000011.jpg,1300,607,2025-10-04T18:31:44Z
eb1519c1ffe334cbdea620bbcfb10ba44364f90e,porter,bing,,data/raw/bing/porter/baltic_porter_strong_dark_snifter_glass_-bottle_-can_-logo/000039.jpg,000039.jpg,600,900,2025-10-04T18:31:44Z
c0d100224d5c9df4107384264b3223eb3be26d04,porter,bing,,data/raw/bing/porter/baltic_porter_strong_dark_snifter_glass_-bottle_-can_-logo/000015.jpg,000015.jpg,1280,853,2025-10-04T18:31:44Z
752452cc173b6075c95ade241575df754091a72f,porter,bing,,data/raw/bing/porter/baltic_porter_strong_dark_snifter_glass_-bottle_-can_-logo/000001.jpg,000001.jpg,1200,1200,2025-10-04T18:31:44Z
354fc587d34cdd44480233ae0c3a8882d0b0a91e,porter,bing,,data/raw/bing/porter/baltic_porter_strong_dark_snifter_glass_-bottle_-can_-logo/000029.jpg,000029.jpg,1600,1157,2025-10-04T18:31:44Z
a120d8d3658cd31508cd7342ad112afdbd992948,porter,bing,,data/raw/bing/porter/baltic_porter_strong_dark_snifter_glass_-bottle_-can_-logo/000028.jpg,000028.jpg,1600,1157,2025-10-04T18:31:44Z
1481748167c178aa70890c321f212ef3b32a3e2a,porter,bing,,data/raw/bing/porter/baltic_porter_strong_dark_snifter_glass_-bottle_-can_-logo/000014.jpg,000014.jpg,1280,720,2025-10-04T18:31:44Z
a21341a314113132fff43d7df6a37805141d412c,porter,bing,,data/raw/bing/porter/baltic_porter_strong_dark_snifter_glass_-bottle_-can_-logo/000002.jpg,000002.jpg,1400,933,2025-10-04T18:31:44Z
d695fe0d366c5158868c61403d5f7285785fb998,porter,bing,,data/raw/bing/porter/baltic_porter_strong_dark_snifter_glass_-bottle_-can_-logo/000003.jpg,000003.jpg,1080,1080,2025-10-04T18:31:44Z
f0290bd15645cf9a0649260a072e0427bef9ff99,porter,bing,,data/raw/bing/porter/porter_beer_amber_brown_pub_draft_-bottle_-can_-logo/000026.jpg,000026.jpg,1300,951,2025-10-04T18:32:56Z
bfd4f5a3419114b7b9c50bc7302fb24a780c575e,porter,bing,,data/raw/bing/porter/porter_beer_amber_brown_pub_draft_-bottle_-can_-logo/000032.jpg,000032.jpg,600,900,2025-10-04T18:32:56Z
f5cdf17d62a0ef6023c401dfa06b7f49decb9bdd,porter,bing,,data/raw/bing/porter/porter_beer_amber_brown_pub_draft_-bottle_-can_-logo/000033.jpg,000033.jpg,800,530,2025-10-04T18:32:56Z
aad5d07352ed6844a04165a06d78a828cdf31742,porter,bing,,data/raw/bing/porter/porter_beer_amber_brown_pub_draft_-bottle_-can_-logo/000031.jpg,000031.jpg,1024,1024,2025-10-04T18:32:56Z
395f3ba2a98a6f4b84273e19be1b2afd26185262,porter,bing,,data/raw/bing/porter/porter_beer_amber_brown_pub_draft_-bottle_-can_-logo/000024.jpg,000024.jpg,1600,900,2025-10-04T18:32:56Z
c48aee57c7e3b3b695fc6b38d229707e2ef48868,porter,bing,,data/raw/bing/porter/porter_beer_amber_brown_pub_draft_-bottle_-can_-logo/000034.jpg,000034.jpg,960,720,2025-10-04T18:32:56Z
7c62a6148c88f874d0b86d6d24213e1619cbcdee,porter,bing,,data/raw/bing/porter/porter_beer_amber_brown_pub_draft_-bottle_-can_-logo/000020.jpg,000020.jpg,1200,675,2025-10-04T18:32:56Z
dfd8221aa1edc73e299530543e5d4d653aa40f3c,porter,bing,,data/raw/bing/porter/porter_beer_amber_brown_pub_draft_-bottle_-can_-logo/000021.jpg,000021.jpg,600,744,2025-10-04T18:32:56Z
b565a8a550fdd0c3c1b703232f36d044a1e12619,porter,bing,,data/raw/bing/porter/porter_beer_amber_brown_pub_draft_-bottle_-can_-logo/000035.jpg,000035.jpg,512,512,2025-10-04T18:32:56Z
6e8c36ccbe65036ac1bc20fcce06e1ee7a1b378c,porter,bing,,data/raw/bing/porter/porter_beer_amber_brown_pub_draft_-bottle_-can_-logo/000023.jpg,000023.jpg,772,1024,2025-10-04T18:32:56Z
fb42dc5c3faae9b7ecd0e318a1464148c208dce6,porter,bing,,data/raw/bing/porter/porter_beer_amber_brown_pub_draft_-bottle_-can_-logo/000036.jpg,000036.jpg,1024,576,2025-10-04T18:32:56Z
7b89a54f4709c94110ac59d54d7b7039d8e76a48,porter,bing,,data/raw/bing/porter/porter_beer_amber_brown_pub_draft_-bottle_-can_-logo/000022.jpg,000022.jpg,791,1547,2025-10-04T18:32:56Z
11e290882605d5f739e3288b561f9609101b164b,porter,bing,,data/raw/bing/porter/porter_beer_amber_brown_pub_draft_-bottle_-can_-logo/000045.jpg,000045.jpg,1338,1746,2025-10-04T18:32:56Z
ef18324a7cdd271fd8eee577b359fccf8c803060,porter,bing,,data/raw/bing/porter/porter_beer_amber_brown_pub_draft_-bottle_-can_-logo/000050.jpg,000050.jpg,1024,768,2025-10-04T18:32:56Z
76cfc422f5bd73b289e3a4c0d412d0eddcd277aa,porter,bing,,data/raw/bing/porter/porter_beer_amber_brown_pub_draft_-bottle_-can_-logo/000047.jpg,000047.jpg,1022,600,2025-10-04T18:32:56Z
aab68e5889ae534144bfd68b44fbd1e8d4eaa02f,porter,bing,,data/raw/bing/porter/porter_beer_amber_brown_pub_draft_-bottle_-can_-logo/000043.jpg,000043.jpg,1600,1157,2025-10-04T18:32:56Z
4294836d2744b2053488c35c1c626c0c0ae188ac,porter,bing,,data/raw/bing/porter/porter_beer_amber_brown_pub_draft_-bottle_-can_-logo/000042.jpg,000042.jpg,1300,957,2025-10-04T18:32:56Z
4c76d2db5bac4fc11d5df11a83772585064d2110,porter,bing,,data/raw/bing/porter/porter_beer_amber_brown_pub_draft_-bottle_-can_-logo/000040.jpg,000040.jpg,1207,1390,2025-10-04T18:32:56Z
30acbf32f95c2a8166b204a822a050e21b8b5510,porter,bing,,data/raw/bing/porter/porter_beer_amber_brown_pub_draft_-bottle_-can_-logo/000049.jpg,000049.jpg,768,1024,2025-10-04T18:32:56Z
fda8bc7dc070290ee8d984f2ca1d8e4094849523,porter,bing,,data/raw/bing/porter/porter_beer_amber_brown_pub_draft_-bottle_-can_-logo/000048.jpg,000048.jpg,1280,720,2025-10-04T18:32:56Z
f09e65bb66bcf361607d2a8627f06e00b155f873,porter,bing,,data/raw/bing/porter/porter_beer_amber_brown_pub_draft_-bottle_-can_-logo/000007.jpg,000007.jpg,1024,576,2025-10-04T18:32:56Z
5e6a9e2903d8388ed8830b82cc8e38d7d97b1a80,porter,bing,,data/raw/bing/porter/porter_beer_amber_brown_pub_draft_-bottle_-can_-logo/000013.jpg,000013.jpg,1500,1101,2025-10-04T18:32:56Z
6ff906813ee999dda8f0a5418bb96693c8da7cc7,porter,bing,,data/raw/bing/porter/porter_beer_amber_brown_pub_draft_-bottle_-can_-logo/000038.jpg,000038.jpg,768,768,2025-10-04T18:32:56Z
a8835ca30d0b8e8eec22c263f150157916e06b5f,porter,bing,,data/raw/bing/porter/porter_beer_amber_brown_pub_draft_-bottle_-can_-logo/000010.jpg,000010.jpg,1500,1000,2025-10-04T18:32:56Z
60a8a3df56ec1d28db7b119f87c978fc3ac3caad,porter,bing,,data/raw/bing/porter/porter_beer_amber_brown_pub_draft_-bottle_-can_-logo/000005.jpg,000005.jpg,800,533,2025-10-04T18:32:56Z
6af4a18c90a4974d85747a0c78cf57b31cf344f8,porter,bing,,data/raw/bing/porter/porter_beer_amber_brown_pub_draft_-bottle_-can_-logo/000039.jpg,000039.jpg,875,578,2025-10-04T18:32:56Z
684d9d985ca08102f83d0bbdcbdf21e84bd78dbb,porter,bing,,data/raw/bing/porter/porter_beer_amber_brown_pub_draft_-bottle_-can_-logo/000015.jpg,000015.jpg,861,1390,2025-10-04T18:32:56Z
0b6e95e39248225a6d7cf22d53f493b71ed4df77,porter,bing,,data/raw/bing/porter/porter_beer_amber_brown_pub_draft_-bottle_-can_-logo/000001.jpg,000001.jpg,1500,1001,2025-10-04T18:32:56Z
cfb4667ba606ed20e22f8634be6d6df39dfe3ca2,porter,bing,,data/raw/bing/porter/porter_beer_amber_brown_pub_draft_-bottle_-can_-logo/000029.jpg,000029.jpg,900,1200,2025-10-04T18:32:56Z
bb3a7e12db546bfac728737afe5651feaa6ba713,porter,bing,,data/raw/bing/porter/porter_beer_amber_brown_pub_draft_-bottle_-can_-logo/000028.jpg,000028.jpg,1280,720,2025-10-04T18:32:56Z
be326e675f85a7f93f946190f5a638a211f002ca,porter,bing,,data/raw/bing/porter/porter_beer_amber_brown_pub_draft_-bottle_-can_-logo/000014.jpg,000014.jpg,1749,980,2025-10-04T18:32:56Z
676a4fe21fabb22a628cf70894773168c1cabf42,porter,bing,,data/raw/bing/porter/porter_beer_amber_brown_pub_draft_-bottle_-can_-logo/000016.jpg,000016.jpg,2560,2560,2025-10-04T18:32:56Z
db74bd33648f96a1647dde81456d6ac16cddfb98,porter,bing,,data/raw/bing/porter/porter_beer_amber_brown_pub_draft_-bottle_-can_-logo/000017.jpg,000017.jpg,1700,740,2025-10-04T18:32:56Z
e9b6cb5188412011b138903d23cf01b89e59fbd6,sour,bing,,data/raw/bing/sour/sour_beer_bright_color_in_tulip_glass_-bottle_-can_-logo_-mockup/000026.jpg,000026.jpg,626,626,2025-10-04T18:34:14Z
1efa216c86e22faee5e6483b6d8f2f6bcd6109d3,sour,bing,,data/raw/bing/sour/sour_beer_bright_color_in_tulip_glass_-bottle_-can_-logo_-mockup/000033.jpg,000033.jpg,1068,1690,2025-10-04T18:34:14Z
22a50328cd957bb299cc0b40a28a9fb8b37d3946,sour,bing,,data/raw/bing/sour/sour_beer_bright_color_in_tulip_glass_-bottle_-can_-logo_-mockup/000027.jpg,000027.jpg,800,800,2025-10-04T18:34:14Z
fee3dd3ba4119955dccd94d9ebcec9b6457c27b3,sour,bing,,data/raw/bing/sour/sour_beer_bright_color_in_tulip_glass_-bottle_-can_-logo_-mockup/000019.jpg,000019.jpg,626,626,2025-10-04T18:34:14Z
7d1c639ccc8357fcb03f8a20fc0a953eea3635c0,sour,bing,,data/raw/bing/sour/sour_beer_bright_color_in_tulip_glass_-bottle_-can_-logo_-mockup/000031.jpg,000031.jpg,1000,900,2025-10-04T18:34:14Z
9e52575dae283c5be25cfe858cc4e896779125e4,sour,bing,,data/raw/bing/sour/sour_beer_bright_color_in_tulip_glass_-bottle_-can_-logo_-mockup/000025.jpg,000025.jpg,626,626,2025-10-04T18:34:14Z
f16f3456755098582faedf4971b8c5d5cfba48ea,sour,bing,,data/raw/bing/sour/sour_beer_bright_color_in_tulip_glass_-bottle_-can_-logo_-mockup/000024.jpg,000024.jpg,626,626,2025-10-04T18:34:14Z
0c2ad3d5541da363c5c58aa95fa6b6b3ae7a735f,sour,bing,,data/raw/bing/sour/sour_beer_bright_color_in_tulip_glass_-bottle_-can_-logo_-mockup/000030.jpg,000030.jpg,1600,1530,2025-10-04T18:34:14Z
844d1d4e933338299244f37f1a07660fb52711ce,sour,bing,,data/raw/bing/sour/sour_beer_bright_color_in_tulip_glass_-bottle_-can_-logo_-mockup/000034.jpg,000034.jpg,1067,1690,2025-10-04T18:34:14Z
1c65bd522eeb44ee919a6102cbdbcd39c78e418f,sour,bing,,data/raw/bing/sour/sour_beer_bright_color_in_tulip_glass_-bottle_-can_-logo_-mockup/000020.jpg,000020.jpg,600,900,2025-10-04T18:34:14Z
4d2bc80e015551fe0e785774dbd4f3fc09cd56cd,sour,bing,,data/raw/bing/sour/sour_beer_bright_color_in_tulip_glass_-bottle_-can_-logo_-mockup/000008.jpg,000008.jpg,800,534,2025-10-04T18:34:14Z
1fbd66c82b147ad8d04649e912b9b5ab619b1c5b,sour,bing,,data/raw/bing/sour/sour_beer_bright_color_in_tulip_glass_-bottle_-can_-logo_-mockup/000009.jpg,000009.jpg,626,626,2025-10-04T18:34:14Z
7158599f9db293d33f3d71c57b117d7cb7ff812a,sour,bing,,data/raw/bing/sour/sour_beer_bright_color_in_tulip_glass_-bottle_-can_-logo_-mockup/000035.jpg,000035.jpg,1067,1690,2025-10-04T18:34:14Z
93952a6a58b1f97e4c76814cbc8c892a96b4d071,sour,bing,,data/raw/bing/sour/sour_beer_bright_color_in_tulip_glass_-bottle_-can_-logo_-mockup/000023.jpg,000023.jpg,626,626,2025-10-04T18:34:14Z
273e6fb7415be55425cef8679b288fc7ecb04d0f,sour,bing,,data/raw/bing/sour/sour_beer_bright_color_in_tulip_glass_-bottle_-can_-logo_-mockup/000037.jpg,000037.jpg,1067,1690,2025-10-04T18:34:14Z
ca726aba57e90ee9944e09a0b21fd56ad86d94ad,sour,bing,,data/raw/bing/sour/sour_beer_bright_color_in_tulip_glass_-bottle_-can_-logo_-mockup/000036.jpg,000036.jpg,1600,1157,2025-10-04T18:34:14Z
c902d56e3bcd4b1131beb4bf2444d97ff4fa85d2,sour,bing,,data/raw/bing/sour/sour_beer_bright_color_in_tulip_glass_-bottle_-can_-logo_-mockup/000022.jpg,000022.jpg,1000,1078,2025-10-04T18:34:14Z
963bddf5414c42f8928ec5d65a67a59e2a153d04,sour,bing,,data/raw/bing/sour/sour_beer_bright_color_in_tulip_glass_-bottle_-can_-logo_-mockup/000045.jpg,000045.jpg,1600,1157,2025-10-04T18:34:14Z
3a3363819f6b2f805f271d82b76aeeaba55adb15,sour,bing,,data/raw/bing/sour/sour_beer_bright_color_in_tulip_glass_-bottle_-can_-logo_-mockup/000051.jpg,000051.jpg,1500,1500,2025-10-04T18:34:14Z
6331654ae6c0868cd314f7c0e18685341b286172,sour,bing,,data/raw/bing/sour/sour_beer_bright_color_in_tulip_glass_-bottle_-can_-logo_-mockup/000050.jpg,000050.jpg,1600,1290,2025-10-04T18:34:14Z
200cfab7fa280162df9641ae30d2d612d6f27836,sour,bing,,data/raw/bing/sour/sour_beer_bright_color_in_tulip_glass_-bottle_-can_-logo_-mockup/000044.jpg,000044.jpg,601,900,2025-10-04T18:34:14Z
78d200cf1c4374ca1ea5516cd0bcbf57c07625e2,sour,bing,,data/raw/bing/sour/sour_beer_bright_color_in_tulip_glass_-bottle_-can_-logo_-mockup/000052.jpg,000052.jpg,800,800,2025-10-04T18:34:14Z
aebd6a2d87dd507e2e181dbef31035ecd8f46814,sour,bing,,data/raw/bing/sour/sour_beer_bright_color_in_tulip_glass_-bottle_-can_-logo_-mockup/000046.jpg,000046.jpg,1125,1690,2025-10-04T18:34:14Z
0eaab4483a6c1d7fcf74d2b4aaf6b1ebe02482ec,sour,bing,,data/raw/bing/sour/sour_beer_bright_color_in_tulip_glass_-bottle_-can_-logo_-mockup/000047.jpg,000047.jpg,1402,1402,2025-10-04T18:34:14Z
5b939ea563dfaec0e73c8cd1b19d7a9d89461098,sour,bing,,data/raw/bing/sour/sour_beer_bright_color_in_tulip_glass_-bottle_-can_-logo_-mockup/000053.jpg,000053.jpg,600,600,2025-10-04T18:34:14Z
88d14c7f3ea7649532cdd59157581ab80455669a,sour,bing,,data/raw/bing/sour/sour_beer_bright_color_in_tulip_glass_-bottle_-can_-logo_-mockup/000043.jpg,000043.jpg,1600,1157,2025-10-04T18:34:14Z
bed1ca8614e6be31515429881f31b1d141db04c5,sour,bing,,data/raw/bing/sour/sour_beer_bright_color_in_tulip_glass_-bottle_-can_-logo_-mockup/000042.jpg,000042.jpg,750,750,2025-10-04T18:34:14Z
b581eb28d316d9ba7487f68ed9e6f8b0a8d1b51b,sour,bing,,data/raw/bing/sour/sour_beer_bright_color_in_tulip_glass_-bottle_-can_-logo_-mockup/000056.jpg,000056.jpg,981,939,2025-10-04T18:34:14Z
7a2292bb39aa8d0385b8e3173f860efe810383f2,sour,bing,,data/raw/bing/sour/sour_beer_bright_color_in_tulip_glass_-bottle_-can_-logo_-mockup/000054.jpg,000054.jpg,800,800,2025-10-04T18:34:14Z
57c1ae1d240d52f87c08f309a4c28bb332b1348e,sour,bing,,data/raw/bing/sour/sour_beer_bright_color_in_tulip_glass_-bottle_-can_-logo_-mockup/000055.jpg,000055.jpg,1067,1690,2025-10-04T18:34:14Z
01e8b7e14e2296635135042f923f6216704d6538,sour,bing,,data/raw/bing/sour/sour_beer_bright_color_in_tulip_glass_-bottle_-can_-logo_-mockup/000041.jpg,000041.jpg,856,1390,2025-10-04T18:34:14Z
9248908458ece67c592af63cac43b4e2139c1785,sour,bing,,data/raw/bing/sour/sour_beer_bright_color_in_tulip_glass_-bottle_-can_-logo_-mockup/000058.jpg,000058.jpg,600,900,2025-10-04T18:34:14Z
a1b9980532116054868ab7af3a97bcd09158b8a6,sour,bing,,data/raw/bing/sour/sour_beer_bright_color_in_tulip_glass_-bottle_-can_-logo_-mockup/000059.jpg,000059.jpg,1600,1690,2025-10-04T18:34:14Z
ba0dd6823ca0845864a4775207227ab21737a857,sour,bing,,data/raw/bing/sour/sour_beer_bright_color_in_tulip_glass_-bottle_-can_-logo_-mockup/000061.jpg,000061.jpg,600,900,2025-10-04T18:34:14Z
d35afc5ac50115e2c6392dcbd66fdd654f656d2a,sour,bing,,data/raw/bing/sour/sour_beer_bright_color_in_tulip_glass_-bottle_-can_-logo_-mockup/000048.jpg,000048.jpg,800,565,2025-10-04T18:34:14Z
d4f91afb6dda411978d44a690ea47d91004fba53,sour,bing,,data/raw/bing/sour/sour_beer_bright_color_in_tulip_glass_-bottle_-can_-logo_-mockup/000060.jpg,000060.jpg,601,900,2025-10-04T18:34:14Z
6ac5fa44e76f210121553b684296116d55a573f8,sour,bing,,data/raw/bing/sour/sour_beer_bright_color_in_tulip_glass_-bottle_-can_-logo_-mockup/000007.jpg,000007.jpg,626,626,2025-10-04T18:34:14Z
dbd0f5ad14c97de897ee1324e03e1a695bb91909,sour,bing,,data/raw/bing/sour/sour_beer_bright_color_in_tulip_glass_-bottle_-can_-logo_-mockup/000013.jpg,000013.jpg,1100,1100,2025-10-04T18:34:14Z
f039fccf324afd70d18fc969059389fff9c1eada,sour,bing,,data/raw/bing/sour/sour_beer_bright_color_in_tulip_glass_-bottle_-can_-logo_-mockup/000012.jpg,000012.jpg,626,626,2025-10-04T18:34:14Z
0a13f29aedbca46f623af62b4954c4e976cd1a5a,sour,bing,,data/raw/bing/sour/sour_beer_bright_color_in_tulip_glass_-bottle_-can_-logo_-mockup/000010.jpg,000010.jpg,626,626,2025-10-04T18:34:14Z
3694d2ff58b835c4f4966f40c3362a9c4ca70c4e,sour,bing,,data/raw/bing/sour/sour_beer_bright_color_in_tulip_glass_-bottle_-can_-logo_-mockup/000011.jpg,000011.jpg,626,626,2025-10-04T18:34:14Z
bb5f4fc648ce3b3a0187e4785ccce7ff68ec9b3d,sour,bing,,data/raw/bing/sour/sour_beer_bright_color_in_tulip_glass_-bottle_-can_-logo_-mockup/000039.jpg,000039.jpg,601,900,2025-10-04T18:34:14Z
ed66c7b832f6141c65a2f5b124ba4453531f7a1c,sour,bing,,data/raw/bing/sour/sour_beer_bright_color_in_tulip_glass_-bottle_-can_-logo_-mockup/000015.jpg,000015.jpg,598,598,2025-10-04T18:34:14Z
9726be218d9a91a7932621051fe49a39d1b7ef36,sour,bing,,data/raw/bing/sour/sour_beer_bright_color_in_tulip_glass_-bottle_-can_-logo_-mockup/000001.jpg,000001.jpg,1000,1000,2025-10-04T18:34:14Z
977e507a52b1bdb98d1a75222769aa1c2ea1cf08,sour,bing,,data/raw/bing/sour/sour_beer_bright_color_in_tulip_glass_-bottle_-can_-logo_-mockup/000014.jpg,000014.jpg,626,626,2025-10-04T18:34:14Z
42f66813a2d99d03b607fddca3a08dc08ea60b10,sour,bing,,data/raw/bing/sour/sour_beer_bright_color_in_tulip_glass_-bottle_-can_-logo_-mockup/000002.jpg,000002.jpg,1195,1195,2025-10-04T18:34:14Z
aac173cb623b7d58f3f3733014a0c2b87300f538,sour,bing,,data/raw/bing/sour/sour_beer_bright_color_in_tulip_glass_-bottle_-can_-logo_-mockup/000016.jpg,000016.jpg,626,626,2025-10-04T18:34:14Z
e74e018b67e5379fac23e843a372ca54991419bc,sour,bing,,data/raw/bing/sour/sour_beer_bright_color_in_tulip_glass_-bottle_-can_-logo_-mockup/000017.jpg,000017.jpg,626,626,2025-10-04T18:34:14Z
a833d3c88303098aa49cba19b4f996d5fce89447,sour,bing,,data/raw/bing/sour/sour_beer_bright_color_in_tulip_glass_-bottle_-can_-logo_-mockup/000003.jpg,000003.jpg,866,1390,2025-10-04T18:34:14Z
09e743d34c0f7a81814372fe86a90b327ed030c5,sour,bing,,data/raw/bing/sour/fruited_sour_raspberry_cherry_teku_glass_-bottle_-can_-logo/000026.jpg,000026.jpg,866,1390,2025-10-04T18:35:52Z
ee8a3a431e0b23f2cc06c712eaee6fd01c771e07,sour,bing,,data/raw/bing/sour/fruited_sour_raspberry_cherry_teku_glass_-bottle_-can_-logo/000032.jpg,000032.jpg,708,900,2025-10-04T18:35:52Z
9c3c32f69f981ad84736b0ed6f9de8d2b0456edf,sour,bing,,data/raw/bing/sour/fruited_sour_raspberry_cherry_teku_glass_-bottle_-can_-logo/000033.jpg,000033.jpg,1300,954,2025-10-04T18:35:52Z
29fc793e8023d6135cbd26e2e57d4c61941b865b,sour,bing,,data/raw/bing/sour/fruited_sour_raspberry_cherry_teku_glass_-bottle_-can_-logo/000019.jpg,000019.jpg,3840,2880,2025-10-04T18:35:52Z
725721b0c11f2a3f16dbeaab560ae53ea3d3deb2,sour,bing,,data/raw/bing/sour/fruited_sour_raspberry_cherry_teku_glass_-bottle_-can_-logo/000031.jpg,000031.jpg,1000,1000,2025-10-04T18:35:52Z
ab1a927cbbaa0e947e47c799e89a29829db9f1c6,sour,bing,,data/raw/bing/sour/fruited_sour_raspberry_cherry_teku_glass_-bottle_-can_-logo/000025.jpg,000025.jpg,1300,1390,2025-10-04T18:35:52Z
9be63337eec88fda4cac9f1aa7a3df8b447668cc,sour,bing,,data/raw/bing/sour/fruited_sour_raspberry_cherry_teku_glass_-bottle_-can_-logo/000030.jpg,000030.jpg,800,513,2025-10-04T18:35:52Z
41ae1b155eba68d0236e7059f4490c3a752e7575,sour,bing,,data/raw/bing/sour/fruited_sour_raspberry_cherry_teku_glass_-bottle_-can_-logo/000018.jpg,000018.jpg,1300,859,2025-10-04T18:35:52Z
fe33951cf9ef14e663a5bdafc5833b8dcbe605ac,sour,bing,,data/raw/bing/sour/fruited_sour_raspberry_cherry_teku_glass_-bottle_-can_-logo/000034.jpg,000034.jpg,1500,1120,2025-10-04T18:35:52Z
a625ca98d41a621dc1130f17a41e83dd729767a8,sour,bing,,data/raw/bing/sour/fruited_sour_raspberry_cherry_teku_glass_-bottle_-can_-logo/000020.jpg,000020.jpg,888,1390,2025-10-04T18:35:52Z
4b1c489479a2f08ee441ecabc13ddde5f9051c3e,sour,bing,,data/raw/bing/sour/fruited_sour_raspberry_cherry_teku_glass_-bottle_-can_-logo/000009.jpg,000009.jpg,1080,1350,2025-10-04T18:35:52Z
ad881d18b11ee24d445d7e94ffe955b3f6cabef5,sour,bing,,data/raw/bing/sour/fruited_sour_raspberry_cherry_teku_glass_-bottle_-can_-logo/000021.jpg,000021.jpg,1200,1600,2025-10-04T18:35:52Z
160ae5aebd24722f7635fb173c05e5ae2bdb385e,sour,bing,,data/raw/bing/sour/fruited_sour_raspberry_cherry_teku_glass_-bottle_-can_-logo/000023.jpg,000023.jpg,1000,667,2025-10-04T18:35:52Z
da2396a35abef15d78fdac3f51f4d87620c14482,sour,bing,,data/raw/bing/sour/fruited_sour_raspberry_cherry_teku_glass_-bottle_-can_-logo/000037.jpg,000037.jpg,1500,1120,2025-10-04T18:35:52Z
dbd926e2655294c9ec725a0b3637cf933b5cc6b7,sour,bing,,data/raw/bing/sour/fruited_sour_raspberry_cherry_teku_glass_-bottle_-can_-logo/000036.jpg,000036.jpg,3240,4320,2025-10-04T18:35:52Z
6c1c1f98fa27965008bea84539851d635fbd97a7,sour,bing,,data/raw/bing/sour/fruited_sour_raspberry_cherry_teku_glass_-bottle_-can_-logo/000045.jpg,000045.jpg,1600,1600,2025-10-04T18:35:52Z
270af03a4fde156413a3ddff01385b4672ea3c1e,sour,bing,,data/raw/bing/sour/fruited_sour_raspberry_cherry_teku_glass_-bottle_-can_-logo/000050.jpg,000050.jpg,1000,1000,2025-10-04T18:35:52Z
13798c1003692f0876a85d64fd1abbb1459b1988,sour,bing,,data/raw/bing/sour/fruited_sour_raspberry_cherry_teku_glass_-bottle_-can_-logo/000052.jpg,000052.jpg,1500,1125,2025-10-04T18:35:52Z
8dd97bd3e0c1c7fdf89b3b7c4b2439c124b1ea07,sour,bing,,data/raw/bing/sour/fruited_sour_raspberry_cherry_teku_glass_-bottle_-can_-logo/000046.jpg,000046.jpg,1300,953,2025-10-04T18:35:52Z
2143c67284b924b05cfdb6e7d80da09100acc037,sour,bing,,data/raw/bing/sour/fruited_sour_raspberry_cherry_teku_glass_-bottle_-can_-logo/000047.jpg,000047.jpg,640,640,2025-10-04T18:35:52Z
bb5a32c27b303c8d05babdda0261ea6b46b4e233,sour,bing,,data/raw/bing/sour/fruited_sour_raspberry_cherry_teku_glass_-bottle_-can_-logo/000057.jpg,000057.jpg,800,600,2025-10-04T18:35:52Z
ff6874658d4d13a1debd8b7be3877bc3642fb5c5,sour,bing,,data/raw/bing/sour/fruited_sour_raspberry_cherry_teku_glass_-bottle_-can_-logo/000043.jpg,000043.jpg,600,903,2025-10-04T18:35:52Z
c32eb87307c5d5fc0a52c7f959616a47329e2834,sour,bing,,data/raw/bing/sour/fruited_sour_raspberry_cherry_teku_glass_-bottle_-can_-logo/000042.jpg,000042.jpg,1080,1080,2025-10-04T18:35:52Z
5d91ab5c256bfa28061bd69cf1bbdf0af9ca7516,sour,bing,,data/raw/bing/sour/fruited_sour_raspberry_cherry_teku_glass_-bottle_-can_-logo/000040.jpg,000040.jpg,736,920,2025-10-04T18:35:52Z
20d58bb08191c14a843bd943bebbb0ffaedbcc59,sour,bing,,data/raw/bing/sour/fruited_sour_raspberry_cherry_teku_glass_-bottle_-can_-logo/000054.jpg,000054.jpg,1024,682,2025-10-04T18:35:52Z
2121054d9c1383380551592d61d4e8050e73ae8f,sour,bing,,data/raw/bing/sour/fruited_sour_raspberry_cherry_teku_glass_-bottle_-can_-logo/000041.jpg,000041.jpg,600,600,2025-10-04T18:35:52Z
6e35055c8d3e0efb5270171cdcfc0b053f9a1bca,sour,bing,,data/raw/bing/sour/fruited_sour_raspberry_cherry_teku_glass_-bottle_-can_-logo/000058.jpg,000058.jpg,1120,784,2025-10-04T18:35:52Z
4dcfb2528ff40951057c5b264dd57628fe01debb,sour,bing,,data/raw/bing/sour/fruited_sour_raspberry_cherry_teku_glass_-bottle_-can_-logo/000059.jpg,000059.jpg,3084,2709,2025-10-04T18:35:52Z
25e144677b74e493e2c5c4317a28bf8455a71d0e,sour,bing,,data/raw/bing/sour/fruited_sour_raspberry_cherry_teku_glass_-bottle_-can_-logo/000048.jpg,000048.jpg,1080,1080,2025-10-04T18:35:52Z
92e6dd046e66b881cba0e2de3e1510bf5539e4b4,sour,bing,,data/raw/bing/sour/fruited_sour_raspberry_cherry_teku_glass_-bottle_-can_-logo/000060.jpg,000060.jpg,800,600,2025-10-04T18:35:52Z
4755637c9c4ec603c7e107e5481f2315cf09a87f,sour,bing,,data/raw/bing/sour/fruited_sour_raspberry_cherry_teku_glass_-bottle_-can_-logo/000007.jpg,000007.jpg,1300,1065,2025-10-04T18:35:52Z
b13adb00634e272d9fe3a2e6f7d1d4fa1621a851,sour,bing,,data/raw/bing/sour/fruited_sour_raspberry_cherry_teku_glass_-bottle_-can_-logo/000013.jpg,000013.jpg,1300,1065,2025-10-04T18:35:52Z
cf028c5050fd83a8c348fd748bfb496df7a28868,sour,bing,,data/raw/bing/sour/fruited_sour_raspberry_cherry_teku_glass_-bottle_-can_-logo/000012.jpg,000012.jpg,1280,720,2025-10-04T18:35:52Z
a9911f69aa9b6bee5c5db3ac86fd7669aaf54b04,sour,bing,,data/raw/bing/sour/fruited_sour_raspberry_cherry_teku_glass_-bottle_-can_-logo/000038.jpg,000038.jpg,1600,1156,2025-10-04T18:35:52Z
3cbe4fe8c7dc7208be28a40550c73a29157eb92b,sour,bing,,data/raw/bing/sour/fruited_sour_raspberry_cherry_teku_glass_-bottle_-can_-logo/000010.jpg,000010.jpg,2048,2048,2025-10-04T18:35:52Z
c4d96503983bfade599f6ae06f7ffca0632da316,sour,bing,,data/raw/bing/sour/fruited_sour_raspberry_cherry_teku_glass_-bottle_-can_-logo/000011.jpg,000011.jpg,1500,1120,2025-10-04T18:35:52Z
4bab121f86e662faf98b575cf48b0e660bb8b100,sour,bing,,data/raw/bing/sour/fruited_sour_raspberry_cherry_teku_glass_-bottle_-can_-logo/000015.jpg,000015.jpg,1024,1024,2025-10-04T18:35:52Z
1a73b6d1946b3d3eaded8925715e72b44822fad9,sour,bing,,data/raw/bing/sour/fruited_sour_raspberry_cherry_teku_glass_-bottle_-can_-logo/000001.jpg,000001.jpg,1280,720,2025-10-04T18:35:52Z
4a4263839fe43f4f9c4f6d230df09f03e26eee7e,sour,bing,,data/raw/bing/sour/fruited_sour_raspberry_cherry_teku_glass_-bottle_-can_-logo/000028.jpg,000028.jpg,1600,1157,2025-10-04T18:35:52Z
f6a4962b10bad4d72b252bff7261d1ffb0382fa2,sour,bing,,data/raw/bing/sour/fruited_sour_raspberry_cherry_teku_glass_-bottle_-can_-logo/000014.jpg,000014.jpg,1067,1690,2025-10-04T18:35:52Z
97ec75e8547a2cfbc3a619f39625c244402992ff,sour,bing,,data/raw/bing/sour/fruited_sour_raspberry_cherry_teku_glass_-bottle_-can_-logo/000002.jpg,000002.jpg,1200,1200,2025-10-04T18:35:52Z
83cd2b143f99866dff0d6a7384bbbe402a46b508,sour,bing,,data/raw/bing/sour/fruited_sour_raspberry_cherry_teku_glass_-bottle_-can_-logo/000017.jpg,000017.jpg,1300,904,2025-10-04T18:35:52Z
a37b0ed50e76426a844f60786d78f277fc145eca,sour,bing,,data/raw/bing/sour/fruited_sour_raspberry_cherry_teku_glass_-bottle_-can_-logo/000003.jpg,000003.jpg,1600,1157,2025-10-04T18:35:52Z
9c8b69c652df0dc2671d55acd0317bb3b858c4e4,sour,bing,,data/raw/bing/sour/kettle_sour_golden_in_goblet_foam_-bottle_-can_-logo/000026.jpg,000026.jpg,1280,720,2025-10-04T18:37:18Z
335bbad2ff0a93b0a8174ab1f229f81e44e4e83f,sour,bing,,data/raw/bing/sour/kettle_sour_golden_in_goblet_foam_-bottle_-can_-logo/000032.jpg,000032.jpg,1400,932,2025-10-04T18:37:18Z
428daa1c795c7c9f9b67b6d6a33497b042fee1d8,sour,bing,,data/raw/bing/sour/kettle_sour_golden_in_goblet_foam_-bottle_-can_-logo/000033.jpg,000033.jpg,800,800,2025-10-04T18:37:18Z
03b6766aa2eee14d8c47375dc032b9bbe46c01ba,sour,bing,,data/raw/bing/sour/kettle_sour_golden_in_goblet_foam_-bottle_-can_-logo/000027.jpg,000027.jpg,1488,1488,2025-10-04T18:37:18Z
1e502e1a486f05fc34e3639383e4dc8db18f1e29,sour,bing,,data/raw/bing/sour/kettle_sour_golden_in_goblet_foam_-bottle_-can_-logo/000019.jpg,000019.jpg,1080,1080,2025-10-04T18:37:18Z
e1a9e1c086abeba7fca064b5631e4396902cab24,sour,bing,,data/raw/bing/sour/kettle_sour_golden_in_goblet_foam_-bottle_-can_-logo/000031.jpg,000031.jpg,1920,1080,2025-10-04T18:37:18Z
6c24476cb57d5e8b3da7d8f221226c8fdaa42998,sour,bing,,data/raw/bing/sour/kettle_sour_golden_in_goblet_foam_-bottle_-can_-logo/000025.jpg,000025.jpg,1272,1272,2025-10-04T18:37:18Z
10f2b18da022bb496b6e9f8591a48780bb74c22c,sour,bing,,data/raw/bing/sour/kettle_sour_golden_in_goblet_foam_-bottle_-can_-logo/000024.jpg,000024.jpg,768,1024,2025-10-04T18:37:18Z
92ae72a98bb8751f51b8aa3aebb78bba12e286b9,sour,bing,,data/raw/bing/sour/kettle_sour_golden_in_goblet_foam_-bottle_-can_-logo/000030.jpg,000030.jpg,1200,1690,2025-10-04T18:37:18Z
63d0d505806845444e090ddc1eb8eaba81556d54,sour,bing,,data/raw/bing/sour/kettle_sour_golden_in_goblet_foam_-bottle_-can_-logo/000018.jpg,000018.jpg,1920,1280,2025-10-04T18:37:18Z
a429572dc0a676618b2cefd47a4a02d6523e62d6,sour,bing,,data/raw/bing/sour/kettle_sour_golden_in_goblet_foam_-bottle_-can_-logo/000034.jpg,000034.jpg,800,809,2025-10-04T18:37:18Z
3b41ce9ae1625844b0c8bb40ce1b36fa11040873,sour,bing,,data/raw/bing/sour/kettle_sour_golden_in_goblet_foam_-bottle_-can_-logo/000020.jpg,000020.jpg,1600,1690,2025-10-04T18:37:18Z
905ae30a01de77e7198ad60e8576d5eee361102f,sour,bing,,data/raw/bing/sour/kettle_sour_golden_in_goblet_foam_-bottle_-can_-logo/000008.jpg,000008.jpg,1300,958,2025-10-04T18:37:18Z
ce9bd0c4651a401aa35d0727b1af9688903034b5,sour,bing,,data/raw/bing/sour/kettle_sour_golden_in_goblet_foam_-bottle_-can_-logo/000009.jpg,000009.jpg,1600,990,2025-10-04T18:37:18Z
77a39b53956820b45af8961c06c215682c70d4eb,sour,bing,,data/raw/bing/sour/kettle_sour_golden_in_goblet_foam_-bottle_-can_-logo/000021.jpg,000021.jpg,585,600,2025-10-04T18:37:18Z
7b5174062b7ab9d27de8ea0a540f0b4c371cf52e,sour,bing,,data/raw/bing/sour/kettle_sour_golden_in_goblet_foam_-bottle_-can_-logo/000035.jpg,000035.jpg,999,666,2025-10-04T18:37:18Z
652ebee2bce4cb44ba77658232f8f5e62d590ff6,sour,bing,,data/raw/bing/sour/kettle_sour_golden_in_goblet_foam_-bottle_-can_-logo/000023.jpg,000023.jpg,1470,980,2025-10-04T18:37:18Z
833cef59adc7c60cc49382d80e779b4b2203153c,sour,bing,,data/raw/bing/sour/kettle_sour_golden_in_goblet_foam_-bottle_-can_-logo/000037.jpg,000037.jpg,1000,667,2025-10-04T18:37:18Z
570e7d84d1fead849e92a07e42df9960f982d78a,sour,bing,,data/raw/bing/sour/kettle_sour_golden_in_goblet_foam_-bottle_-can_-logo/000022.jpg,000022.jpg,1600,1158,2025-10-04T18:37:18Z
8cab326ddcb1323ba775beef2cc05d61168aa8ed,sour,bing,,data/raw/bing/sour/kettle_sour_golden_in_goblet_foam_-bottle_-can_-logo/000045.jpg,000045.jpg,570,834,2025-10-04T18:37:18Z
50521def0e37a1876fee1f1e7fd514aaa3efc0e6,sour,bing,,data/raw/bing/sour/kettle_sour_golden_in_goblet_foam_-bottle_-can_-logo/000051.jpg,000051.jpg,1470,980,2025-10-04T18:37:18Z
3093f45377bcef89d985356666d88a8ad5472941,sour,bing,,data/raw/bing/sour/kettle_sour_golden_in_goblet_foam_-bottle_-can_-logo/000050.jpg,000050.jpg,1470,980,2025-10-04T18:37:18Z
a42c9add4260f62eca2c6d3166013b5d2cc2ed0a,sour,bing,,data/raw/bing/sour/kettle_sour_golden_in_goblet_foam_-bottle_-can_-logo/000044.jpg,000044.jpg,1920,1280,2025-10-04T18:37:18Z
180289d2a076a49f2f1200298e7420791b0e0ec6,sour,bing,,data/raw/bing/sour/kettle_sour_golden_in_goblet_foam_-bottle_-can_-logo/000052.jpg,000052.jpg,1470,980,2025-10-04T18:37:18Z
825ce773728be6ad1ed5376c5d92e9fc0fd8dabf,sour,bing,,data/raw/bing/sour/kettle_sour_golden_in_goblet_foam_-bottle_-can_-logo/000047.jpg,000047.jpg,620,700,2025-10-04T18:37:18Z
e1c3b95dfb0da2b6f3a6ffba03f71242421ef66b,sour,bing,,data/raw/bing/sour/kettle_sour_golden_in_goblet_foam_-bottle_-can_-logo/000053.jpg,000053.jpg,1500,1500,2025-10-04T18:37:18Z
1ebabc477daf7f3e9d8965f915b8db32cd0c83ec,sour,bing,,data/raw/bing/sour/kettle_sour_golden_in_goblet_foam_-bottle_-can_-logo/000057.jpg,000057.jpg,710,756,2025-10-04T18:37:18Z
ca35eed173e77733b216401b586ca6a58c27db7c,sour,bing,,data/raw/bing/sour/kettle_sour_golden_in_goblet_foam_-bottle_-can_-logo/000043.jpg,000043.jpg,1800,1800,2025-10-04T18:37:18Z
f65f90f8a58b8fa1ca331e599a0c7a133fe65fe5,sour,bing,,data/raw/bing/sour/kettle_sour_golden_in_goblet_foam_-bottle_-can_-logo/000042.jpg,000042.jpg,1470,980,2025-10-04T18:37:18Z
c4a0a642dc066f3def0bb2b102f6bc6ba48bcdd6,sour,bing,,data/raw/bing/sour/kettle_sour_golden_in_goblet_foam_-bottle_-can_-logo/000040.jpg,000040.jpg,1200,1798,2025-10-04T18:37:18Z
c99705de17e80c6e280c6b3bcb9b1ffd16125e69,sour,bing,,data/raw/bing/sour/kettle_sour_golden_in_goblet_foam_-bottle_-can_-logo/000041.jpg,000041.jpg,1920,1280,2025-10-04T18:37:18Z
1a146773d1fb2a00ffb7f06075f03d8ef689ac36,sour,bing,,data/raw/bing/sour/kettle_sour_golden_in_goblet_foam_-bottle_-can_-logo/000058.jpg,000058.jpg,1300,956,2025-10-04T18:37:18Z
ca02e4447b90caa9b2dc7612e4256ef2bbfa6b76,sour,bing,,data/raw/bing/sour/kettle_sour_golden_in_goblet_foam_-bottle_-can_-logo/000064.jpg,000064.jpg,992,610,2025-10-04T18:37:18Z
7cc1237912578a19df12f731598ec275385227e2,sour,bing,,data/raw/bing/sour/kettle_sour_golden_in_goblet_foam_-bottle_-can_-logo/000059.jpg,000059.jpg,800,534,2025-10-04T18:37:18Z
d3cb86c78a6792627e47b25cbdcb3c30df35d3c0,sour,bing,,data/raw/bing/sour/kettle_sour_golden_in_goblet_foam_-bottle_-can_-logo/000062.jpg,000062.jpg,800,800,2025-10-04T18:37:18Z
0f19ac6ec9fc111dbc848460bd7151533334b370,sour,bing,,data/raw/bing/sour/kettle_sour_golden_in_goblet_foam_-bottle_-can_-logo/000061.jpg,000061.jpg,1920,1280,2025-10-04T18:37:18Z
4786c2e9bf38bbd832d07a1e181f938bb8fce87d,sour,bing,,data/raw/bing/sour/kettle_sour_golden_in_goblet_foam_-bottle_-can_-logo/000048.jpg,000048.jpg,584,900,2025-10-04T18:37:18Z
19c47f08747d3fe8ac0c07086531e44f7b53328d,sour,bing,,data/raw/bing/sour/kettle_sour_golden_in_goblet_foam_-bottle_-can_-logo/000060.jpg,000060.jpg,1300,956,2025-10-04T18:37:18Z
21dca9b994f696b7d8c7eaf15010f134fffc2a47,sour,bing,,data/raw/bing/sour/kettle_sour_golden_in_goblet_foam_-bottle_-can_-logo/000007.jpg,000007.jpg,872,1390,2025-10-04T18:37:18Z
4aa5a8405a81b084fbc402f447028bc5de02f610,sour,bing,,data/raw/bing/sour/kettle_sour_golden_in_goblet_foam_-bottle_-can_-logo/000013.jpg,000013.jpg,610,536,2025-10-04T18:37:18Z
10f7a66ae5faa3849ecede77ed9d9a0be31cf5f4,sour,bing,,data/raw/bing/sour/kettle_sour_golden_in_goblet_foam_-bottle_-can_-logo/000038.jpg,000038.jpg,1300,956,2025-10-04T18:37:18Z
f80491fd21a0d3a2cb2b702e35ce99acfc95d7bc,sour,bing,,data/raw/bing/sour/kettle_sour_golden_in_goblet_foam_-bottle_-can_-logo/000010.jpg,000010.jpg,1300,1182,2025-10-04T18:37:18Z
7b5cd681c451eda8dd691a237c4b4cdd871227e6,sour,bing,,data/raw/bing/sour/kettle_sour_golden_in_goblet_foam_-bottle_-can_-logo/000005.jpg,000005.jpg,1280,1920,2025-10-04T18:37:18Z
55cc9e219ec910d0e6e02416c48932647d147bad,sour,bing,,data/raw/bing/sour/kettle_sour_golden_in_goblet_foam_-bottle_-can_-logo/000011.jpg,000011.jpg,1024,1024,2025-10-04T18:37:18Z
bc5555b547e07acf281eed932c5986cc274b3794,sour,bing,,data/raw/bing/sour/kettle_sour_golden_in_goblet_foam_-bottle_-can_-logo/000015.jpg,000015.jpg,866,1390,2025-10-04T18:37:18Z
0da81cb653d737c5c99f7bef2a43e9491a36c5e0,sour,bing,,data/raw/bing/sour/kettle_sour_golden_in_goblet_foam_-bottle_-can_-logo/000001.jpg,000001.jpg,867,1390,2025-10-04T18:37:18Z
f4e8837d14317c41592a9cde1e00304027df164c,sour,bing,,data/raw/bing/sour/kettle_sour_golden_in_goblet_foam_-bottle_-can_-logo/000029.jpg,000029.jpg,1470,980,2025-10-04T18:37:18Z
ca34cc470a6cc5488d273ab2a08b37805f3d904e,sour,bing,,data/raw/bing/sour/kettle_sour_golden_in_goblet_foam_-bottle_-can_-logo/000028.jpg,000028.jpg,1920,1280,2025-10-04T18:37:18Z
60cd8d5f136db7b300cfffcf8bbfddd4d22fd190,sour,bing,,data/raw/bing/sour/kettle_sour_golden_in_goblet_foam_-bottle_-can_-logo/000002.jpg,000002.jpg,1067,1690,2025-10-04T18:37:18Z
e5858bf754763d80427b9a6d69a884230292543d,sour,bing,,data/raw/bing/sour/kettle_sour_golden_in_goblet_foam_-bottle_-can_-logo/000016.jpg,000016.jpg,910,1390,2025-10-04T18:37:18Z
9cc95b354eeb848b1d098a14767e1afb154c60a0,sour,bing,,data/raw/bing/sour/kettle_sour_golden_in_goblet_foam_-bottle_-can_-logo/000017.jpg,000017.jpg,1080,1080,2025-10-04T18:37:18Z
a9faf530dad223c5e9448166b052b379046c2966,sour,bing,,data/raw/bing/sour/kettle_sour_golden_in_goblet_foam_-bottle_-can_-logo/000003.jpg,000003.jpg,1200,630,2025-10-04T18:37:18Z
e90f0745c0c0d6d5e01f4f5140f41daf4676ee63,sour,bing,,data/raw/bing/sour/berliner_weisse_style_sour_colorful_glass_-bottle_-can_-logo/000026.jpg,000026.jpg,3024,4032,2025-10-04T18:38:48Z
fbe1b118c657e54ac5a372df406c23fe271c5c26,sour,bing,,data/raw/bing/sour/berliner_weisse_style_sour_colorful_glass_-bottle_-can_-logo/000032.jpg,000032.jpg,2448,3264,2025-10-04T18:38:48Z
e34563e490e23d5743b70c7a45020f0048f8926b,sour,bing,,data/raw/bing/sour/berliner_weisse_style_sour_colorful_glass_-bottle_-can_-logo/000033.jpg,000033.jpg,1512,2016,2025-10-04T18:38:48Z
64cec3c905f347d5da3aeb9c691dbcbbffbbfed8,sour,bing,,data/raw/bing/sour/berliner_weisse_style_sour_colorful_glass_-bottle_-can_-logo/000019.jpg,000019.jpg,1080,1080,2025-10-04T18:38:48Z
3d3091466eda06ac87670516b1f16b852c452da5,sour,bing,,data/raw/bing/sour/berliner_weisse_style_sour_colorful_glass_-bottle_-can_-logo/000031.jpg,000031.jpg,1300,1063,2025-10-04T18:38:48Z
21da8a0c7cfc74b7fdc43a50f5352620259165ba,sour,bing,,data/raw/bing/sour/berliner_weisse_style_sour_colorful_glass_-bottle_-can_-logo/000025.jpg,000025.jpg,576,768,2025-10-04T18:38:48Z
587f44803b9f5d1fd967409ef498463fa240b711,sour,bing,,data/raw/bing/sour/berliner_weisse_style_sour_colorful_glass_-bottle_-can_-logo/000030.jpg,000030.jpg,1600,1157,2025-10-04T18:38:48Z
bbc816362066f39fd0ad4b5603fb1cb476fc6174,sour,bing,,data/raw/bing/sour/berliner_weisse_style_sour_colorful_glass_-bottle_-can_-logo/000034.jpg,000034.jpg,2048,1365,2025-10-04T18:38:48Z
85240651b88da5e5aed950524b7f5c921cc2b225,sour,bing,,data/raw/bing/sour/berliner_weisse_style_sour_colorful_glass_-bottle_-can_-logo/000008.jpg,000008.jpg,1600,900,2025-10-04T18:38:48Z
8971454395dea37d20bcf0540d8db24290f8803a,sour,bing,,data/raw/bing/sour/berliner_weisse_style_sour_colorful_glass_-bottle_-can_-logo/000009.jpg,000009.jpg,2000,1333,2025-10-04T18:38:48Z
47d0db3a9a1be79922dc032e87ba52961ba0fa78,sour,bing,,data/raw/bing/sour/berliner_weisse_style_sour_colorful_glass_-bottle_-can_-logo/000021.jpg,000021.jpg,866,1390,2025-10-04T18:38:48Z
f88746ecfb15088f3769af30565bbc39aa653020,sour,bing,,data/raw/bing/sour/berliner_weisse_style_sour_colorful_glass_-bottle_-can_-logo/000035.jpg,000035.jpg,881,587,2025-10-04T18:38:48Z
c9d30d7a0ddef4217cbf1f3ca3b4ae7d9d0f4542,sour,bing,,data/raw/bing/sour/berliner_weisse_style_sour_colorful_glass_-bottle_-can_-logo/000036.jpg,000036.jpg,1024,768,2025-10-04T18:38:48Z
b9bab1e9c86447fcc3bd3ce69df482441a5e9499,sour,bing,,data/raw/bing/sour/berliner_weisse_style_sour_colorful_glass_-bottle_-can_-logo/000022.jpg,000022.jpg,2765,2765,2025-10-04T18:38:48Z
1f816897731faf53493c2c53e22e332bf64f48cb,sour,bing,,data/raw/bing/sour/berliner_weisse_style_sour_colorful_glass_-bottle_-can_-logo/000013.jpg,000013.jpg,3000,4000,2025-10-04T18:38:48Z
87d39178f849a9e5c60ad02385c984de4c39900f,sour,bing,,data/raw/bing/sour/berliner_weisse_style_sour_colorful_glass_-bottle_-can_-logo/000012.jpg,000012.jpg,600,1200,2025-10-04T18:38:48Z
9f797006bf3cae75ad7abf05e2a769ec7bdc686b,sour,bing,,data/raw/bing/sour/berliner_weisse_style_sour_colorful_glass_-bottle_-can_-logo/000006.jpg,000006.jpg,1500,1042,2025-10-04T18:38:48Z
62b3051f39f450a39f3e8123eef72e476955c431,sour,bing,,data/raw/bing/sour/berliner_weisse_style_sour_colorful_glass_-bottle_-can_-logo/000010.jpg,000010.jpg,1600,900,2025-10-04T18:38:48Z
ca2cec9fc5a3a746dd42c6c3bb74e4070a599821,sour,bing,,data/raw/bing/sour/berliner_weisse_style_sour_colorful_glass_-bottle_-can_-logo/000004.jpg,000004.jpg,800,800,2025-10-04T18:38:48Z
83f024c500df57f2eb725711b97e79dd751aae56,sour,bing,,data/raw/bing/sour/berliner_weisse_style_sour_colorful_glass_-bottle_-can_-logo/000005.jpg,000005.jpg,1246,2048,2025-10-04T18:38:48Z
6ae5e54ad5796c3a57a50e9b1e87ad80158ce9a4,sour,bing,,data/raw/bing/sour/berliner_weisse_style_sour_colorful_glass_-bottle_-can_-logo/000011.jpg,000011.jpg,1000,667,2025-10-04T18:38:48Z
992c700e1494d80d663802946a8481cb8a8a5f30,sour,bing,,data/raw/bing/sour/berliner_weisse_style_sour_colorful_glass_-bottle_-can_-logo/000015.jpg,000015.jpg,5586,3724,2025-10-04T18:38:48Z
13585541972161d82e34c7b41edc3f08860ad045,sour,bing,,data/raw/bing/sour/berliner_weisse_style_sour_colorful_glass_-bottle_-can_-logo/000001.jpg,000001.jpg,1000,670,2025-10-04T18:38:48Z
0cb23c257b11a4480d752307a3f860557c9d8ccb,sour,bing,,data/raw/bing/sour/berliner_weisse_style_sour_colorful_glass_-bottle_-can_-logo/000029.jpg,000029.jpg,1412,1550,2025-10-04T18:38:48Z
478c555523c74228683d37b74c12c8b19ef2d9a4,sour,bing,,data/raw/bing/sour/berliner_weisse_style_sour_colorful_glass_-bottle_-can_-logo/000002.jpg,000002.jpg,2896,2896,2025-10-04T18:38:48Z
48aa3f25dd213553b7fff76b3e278f3cc63a87fe,sour,bing,,data/raw/bing/sour/berliner_weisse_style_sour_colorful_glass_-bottle_-can_-logo/000003.jpg,000003.jpg,1920,576,2025-10-04T18:38:48Z
1bf8658f10ca6d783b249b424c52297767aa52ab,sour,bing,,data/raw/bing/sour/wild_ale_sour_rustic_tulip_teku_-bottle_-can_-logo/000026.jpg,000026.jpg,1000,1000,2025-10-04T18:39:54Z
bc31d5c1ffd0f8f3d89e7f21d05c00792a3c47dc,sour,bing,,data/raw/bing/sour/wild_ale_sour_rustic_tulip_teku_-bottle_-can_-logo/000027.jpg,000027.jpg,1080,1080,2025-10-04T18:39:54Z
94cbf58ff06b579e54e9620a48a52f9bfaa82344,sour,bing,,data/raw/bing/sour/wild_ale_sour_rustic_tulip_teku_-bottle_-can_-logo/000019.jpg,000019.jpg,739,740,2025-10-04T18:39:54Z
cb6b2af277e09128b659c516e12037c0811fda89,sour,bing,,data/raw/bing/sour/wild_ale_sour_rustic_tulip_teku_-bottle_-can_-logo/000031.jpg,000031.jpg,1000,1000,2025-10-04T18:39:54Z
80c3f34309fc744e2cbfc918b60d9c0e920d0eb9,sour,bing,,data/raw/bing/sour/wild_ale_sour_rustic_tulip_teku_-bottle_-can_-logo/000024.jpg,000024.jpg,2158,2544,2025-10-04T18:39:54Z
0efb411ebb6979a44d3af8e961d14f59f7fbdf04,sour,bing,,data/raw/bing/sour/wild_ale_sour_rustic_tulip_teku_-bottle_-can_-logo/000030.jpg,000030.jpg,2874,2866,2025-10-04T18:39:54Z
920b999456a6b2f445872f30bdd0088db12e1d43,sour,bing,,data/raw/bing/sour/wild_ale_sour_rustic_tulip_teku_-bottle_-can_-logo/000034.jpg,000034.jpg,640,960,2025-10-04T18:39:54Z
6ae8a3488063f75b21a273ef31a1861f6bdc313e,sour,bing,,data/raw/bing/sour/wild_ale_sour_rustic_tulip_teku_-bottle_-can_-logo/000020.jpg,000020.jpg,1080,1080,2025-10-04T18:39:54Z
76975e32b668419f5073d7da22e9cafce919d91e,sour,bing,,data/raw/bing/sour/wild_ale_sour_rustic_tulip_teku_-bottle_-can_-logo/000008.jpg,000008.jpg,800,800,2025-10-04T18:39:54Z
ac27c98ded525019559e96f5f36a4582192d0275,sour,bing,,data/raw/bing/sour/wild_ale_sour_rustic_tulip_teku_-bottle_-can_-logo/000009.jpg,000009.jpg,1600,1156,2025-10-04T18:39:54Z
582ac47c8f64288e32001740fa23004adc4432e7,sour,bing,,data/raw/bing/sour/wild_ale_sour_rustic_tulip_teku_-bottle_-can_-logo/000021.jpg,000021.jpg,1500,1101,2025-10-04T18:39:54Z
f83601614854da689965a20371cad17766c2d165,sour,bing,,data/raw/bing/sour/wild_ale_sour_rustic_tulip_teku_-bottle_-can_-logo/000035.jpg,000035.jpg,800,600,2025-10-04T18:39:54Z
226f62becf5ac03fedc8ef0991d4a7997dca552f,sour,bing,,data/raw/bing/sour/wild_ale_sour_rustic_tulip_teku_-bottle_-can_-logo/000023.jpg,000023.jpg,1080,1080,2025-10-04T18:39:54Z
e66b534a0b531cadd424159f8eb0285a8dec2baa,sour,bing,,data/raw/bing/sour/wild_ale_sour_rustic_tulip_teku_-bottle_-can_-logo/000036.jpg,000036.jpg,1080,1080,2025-10-04T18:39:54Z
c033c2c3d3f5813d59ccd09da7aa86a0838c9942,sour,bing,,data/raw/bing/sour/wild_ale_sour_rustic_tulip_teku_-bottle_-can_-logo/000022.jpg,000022.jpg,800,800,2025-10-04T18:39:54Z
c28295ad2fd79d8df4b238c4e201a84a53f3b4fb,sour,bing,,data/raw/bing/sour/wild_ale_sour_rustic_tulip_teku_-bottle_-can_-logo/000045.jpg,000045.jpg,1600,987,2025-10-04T18:39:54Z
b38ca33eb7bfb4173b492c0c0a12f9a3a883c159,sour,bing,,data/raw/bing/sour/wild_ale_sour_rustic_tulip_teku_-bottle_-can_-logo/000044.jpg,000044.jpg,750,600,2025-10-04T18:39:54Z
cbe5424203d65521fd299b858279f5d5a09bb094,sour,bing,,data/raw/bing/sour/wild_ale_sour_rustic_tulip_teku_-bottle_-can_-logo/000046.jpg,000046.jpg,1024,1024,2025-10-04T18:39:54Z
dfff4f165f90bdd6ce33a00e59bad4e4751e11bf,sour,bing,,data/raw/bing/sour/wild_ale_sour_rustic_tulip_teku_-bottle_-can_-logo/000047.jpg,000047.jpg,1300,956,2025-10-04T18:39:54Z
18cd076bb9438267542f36de55fd87593a876a77,sour,bing,,data/raw/bing/sour/wild_ale_sour_rustic_tulip_teku_-bottle_-can_-logo/000043.jpg,000043.jpg,750,600,2025-10-04T18:39:54Z
c85803f130d7220b73a1f63439bfb8a0e26f7ffa,sour,bing,,data/raw/bing/sour/wild_ale_sour_rustic_tulip_teku_-bottle_-can_-logo/000042.jpg,000042.jpg,1300,953,2025-10-04T18:39:54Z
338999154ec721b2a8c5c09a6604a713866ebf7b,sour,bing,,data/raw/bing/sour/wild_ale_sour_rustic_tulip_teku_-bottle_-can_-logo/000040.jpg,000040.jpg,1530,2040,2025-10-04T18:39:54Z
60769089602f098bd135d19aa14f85bd7d99a4d7,sour,bing,,data/raw/bing/sour/wild_ale_sour_rustic_tulip_teku_-bottle_-can_-logo/000048.jpg,000048.jpg,720,720,2025-10-04T18:39:54Z
335e05395ed79adc14a1a5dd064802416ec2c005,sour,bing,,data/raw/bing/sour/wild_ale_sour_rustic_tulip_teku_-bottle_-can_-logo/000007.jpg,000007.jpg,861,1390,2025-10-04T18:39:54Z
b5b2623ace5b47edf414d77addcc23465a99fe61,sour,bing,,data/raw/bing/sour/wild_ale_sour_rustic_tulip_teku_-bottle_-can_-logo/000013.jpg,000013.jpg,1066,1690,2025-10-04T18:39:54Z
955cee567711f9810c5a0e8043bee18965a4cea0,sour,bing,,data/raw/bing/sour/wild_ale_sour_rustic_tulip_teku_-bottle_-can_-logo/000006.jpg,000006.jpg,2000,1333,2025-10-04T18:39:54Z
e62c3510ecf9038ca4cfd304282d653dbf0f2765,sour,bing,,data/raw/bing/sour/wild_ale_sour_rustic_tulip_teku_-bottle_-can_-logo/000004.jpg,000004.jpg,2000,1334,2025-10-04T18:39:54Z
1466130073b8dfac89450ef017c554c51f2698a4,sour,bing,,data/raw/bing/sour/wild_ale_sour_rustic_tulip_teku_-bottle_-can_-logo/000005.jpg,000005.jpg,600,900,2025-10-04T18:39:54Z
5882e5ec16a7be24a5aeecdcbbb25f3f9fdde952,sour,bing,,data/raw/bing/sour/wild_ale_sour_rustic_tulip_teku_-bottle_-can_-logo/000011.jpg,000011.jpg,1600,1156,2025-10-04T18:39:54Z
884e753989ac714a3c5b3252af748466f3110140,sour,bing,,data/raw/bing/sour/wild_ale_sour_rustic_tulip_teku_-bottle_-can_-logo/000039.jpg,000039.jpg,721,721,2025-10-04T18:39:54Z
98568ebc9396d85113e9e82a0d790d67367a6d19,sour,bing,,data/raw/bing/sour/wild_ale_sour_rustic_tulip_teku_-bottle_-can_-logo/000015.jpg,000015.jpg,2000,1333,2025-10-04T18:39:54Z
e66e07b747ba58a73c6ad056923a26a831fdec19,sour,bing,,data/raw/bing/sour/wild_ale_sour_rustic_tulip_teku_-bottle_-can_-logo/000029.jpg,000029.jpg,650,750,2025-10-04T18:39:54Z
935cf52c6840339dcfe3ffff08fbec9cd9d9c0ab,sour,bing,,data/raw/bing/sour/wild_ale_sour_rustic_tulip_teku_-bottle_-can_-logo/000028.jpg,000028.jpg,1080,1080,2025-10-04T18:39:54Z
e1db67c397a04d1c81a788fdc100d4d006644fb2,sour,bing,,data/raw/bing/sour/wild_ale_sour_rustic_tulip_teku_-bottle_-can_-logo/000016.jpg,000016.jpg,540,720,2025-10-04T18:39:54Z
7146b8dd086b94471687dc2ebd6af011cd294393,sour,bing,,data/raw/bing/sour/wild_ale_sour_rustic_tulip_teku_-bottle_-can_-logo/000017.jpg,000017.jpg,621,619,2025-10-04T18:39:54Z
59289513e2c4b3ebf282d9f416560f9d2e8486f9,sour,bing,,data/raw/bing/sour/wild_ale_sour_rustic_tulip_teku_-bottle_-can_-logo/000003.jpg,000003.jpg,866,1390,2025-10-04T18:39:54Z
0dd8e7839f010fd68bbef558873b5db59c505f85,lager,bing,,/Users/ivantyshchenko/Projects/Python/Neural-Beer/data/raw/bing/lager/lager_beer_in_glass_at_bar_-bottle_-can_-logo_-mockup_-illustration/000049.jpg,000049.jpg,600,900,2025-10-04T19:58:43Z
b1933108f5559a2ebac4e62baa8a79685b43a41c,lager,bing,,/Users/ivantyshchenko/Projects/Python/Neural-Beer/data/raw/bing/lager/lager_beer_in_glass_at_bar_-bottle_-can_-logo_-mockup_-illustration/000054.jpg,000054.jpg,1000,667,2025-10-04T19:58:43Z
e484b16966d28e9274c6f11a20f2e0a05b3537f8,lager,bing,,/Users/ivantyshchenko/Projects/Python/Neural-Beer/data/raw/bing/lager/lager_beer_in_glass_at_bar_-bottle_-can_-logo_-mockup_-illustration/000077.jpg,000077.jpg,658,900,2025-10-04T19:58:43Z
bf312ea98c3c399f10126bdbba221cf366063f84,lager,bing,,/Users/ivantyshchenko/Projects/Python/Neural-Beer/data/raw/bing/lager/lager_beer_in_glass_at_bar_-bottle_-can_-logo_-mockup_-illustration/000087.jpg,000087.jpg,800,800,2025-10-04T19:58:43Z
83c9d89b10259e7f878a1d9be89825dfef25b0f9,lager,bing,,/Users/ivantyshchenko/Projects/Python/Neural-Beer/data/raw/bing/lager/lager_beer_in_glass_at_bar_-bottle_-can_-logo_-mockup_-illustration/000088.jpg,000088.jpg,1300,1272,2025-10-04T19:58:43Z
fbf74706fd3454e4a9cebe61a1a94ab3aba9247f,lager,bing,,/Users/ivantyshchenko/Projects/Python/Neural-Beer/data/raw/bing/lager/lager_beer_in_glass_at_bar_-bottle_-can_-logo_-mockup_-illustration/000089.jpg,000089.jpg,975,1390,2025-10-04T19:58:43Z
315813bc76f647c9dd7486e534aa4c1ab9dcefdc,lager,bing,,/Users/ivantyshchenko/Projects/Python/Neural-Beer/data/raw/bing/lager/lager_beer_in_glass_at_bar_-bottle_-can_-logo_-mockup_-illustration/000096.jpg,000096.jpg,598,900,2025-10-04T19:58:43Z
247ab19a238d992cf140ce699805439ebd0c344f,lager,bing,,/Users/ivantyshchenko/Projects/Python/Neural-Beer/data/raw/bing/lager/lager_beer_in_glass_at_bar_-bottle_-can_-logo_-mockup_-illustration/000097.jpg,000097.jpg,1194,1690,2025-10-04T19:58:43Z
f40ece68608a77a271f388b62972a1f60aaad83a,lager,bing,,/Users/ivantyshchenko/Projects/Python/Neural-Beer/data/raw/bing/lager/lager_beer_in_glass_at_bar_-bottle_-can_-logo_-mockup_-illustration/000098.jpg,000098.jpg,1046,1690,2025-10-04T19:58:43Z
1e443b370e53924fc7c0db593721ce262125baed,lager,bing,,/Users/ivantyshchenko/Projects/Python/Neural-Beer/data/raw/bing/lager/lager_beer_in_glass_at_bar_-bottle_-can_-logo_-mockup_-illustration/000099.jpg,000099.jpg,1067,1690,2025-10-04T19:58:43Z
34b2e35cb94bb93c040a37d8cf80ad8e8ca5d278,lager,bing,,/Users/ivantyshchenko/Projects/Python/Neural-Beer/data/raw/bing/lager/lager_beer_in_glass_at_bar_-bottle_-can_-logo_-mockup_-illustration/000100.jpg,000100.jpg,599,900,2025-10-04T19:58:43Z
e7f74b54fb4badf1d030ec59207285cadad9d18e,lager,bing,,/Users/ivantyshchenko/Projects/Python/Neural-Beer/data/raw/bing/lager/lager_beer_in_glass_at_bar_-bottle_-can_-logo_-mockup_-illustration/000102.jpg,000102.jpg,1600,1157,2025-10-04T19:58:43Z
c5f1e384fcbb5aa3a6d88eb895e8a5b4eace527f,lager,bing,,/Users/ivantyshchenko/Projects/Python/Neural-Beer/data/raw/bing/lager/lager_beer_in_glass_at_bar_-bottle_-can_-logo_-mockup_-illustration/000103.jpg,000103.jpg,923,1390,2025-10-04T19:58:43Z
e4569c68517cdb6a499dd6b1df4939f13b55e064,lager,bing,,/Users/ivantyshchenko/Projects/Python/Neural-Beer/data/raw/bing/lager/lager_beer_in_glass_at_bar_-bottle_-can_-logo_-mockup_-illustration/000106.jpg,000106.jpg,800,800,2025-10-04T19:58:43Z
594390e7ffbdceee5ca070e8b9715c0020fd37b0,lager,bing,,/Users/ivantyshchenko/Projects/Python/Neural-Beer/data/raw/bing/lager/lager_beer_in_glass_at_bar_-bottle_-can_-logo_-mockup_-illustration/000108.jpg,000108.jpg,1131,1390,2025-10-04T19:58:43Z
eacf3aaaa38180c5de95a246779020c4cc3fd50b,lager,bing,,/Users/ivantyshchenko/Projects/Python/Neural-Beer/data/raw/bing/lager/lager_beer_in_glass_at_bar_-bottle_-can_-logo_-mockup_-illustration/000109.jpg,000109.jpg,800,533,2025-10-04T19:58:43Z
bc2fb3e342f11993404c7d7574231ccf4ec99154,lager,bing,,/Users/ivantyshchenko/Projects/Python/Neural-Beer/data/raw/bing/lager/lager_beer_in_glass_at_bar_-bottle_-can_-logo_-mockup_-illustration/000110.jpg,000110.jpg,943,1390,2025-10-04T19:58:43Z
38507a537c30db5d1c087cfdf23c431a1ac87806,lager,bing,,/Users/ivantyshchenko/Projects/Python/Neural-Beer/data/raw/bing/lager/lager_beer_in_glass_at_bar_-bottle_-can_-logo_-mockup_-illustration/000111.jpg,000111.jpg,1300,956,2025-10-04T19:58:43Z
53eb9e18de70cf2f55d7edfddad566f400cb5f82,lager,bing,,/Users/ivantyshchenko/Projects/Python/Neural-Beer/data/raw/bing/lager/lager_beer_in_glass_at_bar_-bottle_-can_-logo_-mockup_-illustration/000112.jpg,000112.jpg,941,1390,2025-10-04T19:58:43Z
12ee937d1071136f949a4273a4bec7e473d48108,lager,bing,,/Users/ivantyshchenko/Projects/Python/Neural-Beer/data/raw/bing/lager/lager_beer_in_glass_at_bar_-bottle_-can_-logo_-mockup_-illustration/000113.jpg,000113.jpg,3130,2075,2025-10-04T19:58:43Z
b33af29cecc7f7e96591d9ec363e2de85a8f87e1,lager,bing,,/Users/ivantyshchenko/Projects/Python/Neural-Beer/data/raw/bing/lager/lager_beer_in_glass_at_bar_-bottle_-can_-logo_-mockup_-illustration/000115.jpg,000115.jpg,700,700,2025-10-04T19:58:43Z
a96ec15a23a65dd3bfbca27c9195b4e5a557e42c,lager,bing,,/Users/ivantyshchenko/Projects/Python/Neural-Beer/data/raw/bing/lager/lager_beer_in_glass_at_bar_-bottle_-can_-logo_-mockup_-illustration/000117.jpg,000117.jpg,1300,953,2025-10-04T19:58:43Z
6354eaaebdc6758a34a0e1ee84a46f899d268c16,lager,bing,,/Users/ivantyshchenko/Projects/Python/Neural-Beer/data/raw/bing/lager/pale_lager_pilsner_flute_glass_poured_draft_-bottle_-can_-logo_-mockup/000010.jpg,000010.jpg,1500,1101,2025-10-04T19:59:28Z
7c2f3ac0d38117d3d76fcc7dc9382a2e0f6424c2,lager,bing,,/Users/ivantyshchenko/Projects/Python/Neural-Beer/data/raw/bing/lager/pale_lager_pilsner_flute_glass_poured_draft_-bottle_-can_-logo_-mockup/000025.jpg,000025.jpg,800,800,2025-10-04T19:59:28Z
e0e512b12d0e05951c55e08e40cdff3c6a73df51,lager,bing,,/Users/ivantyshchenko/Projects/Python/Neural-Beer/data/raw/bing/lager/pale_lager_pilsner_flute_glass_poured_draft_-bottle_-can_-logo_-mockup/000030.jpg,000030.jpg,768,1024,2025-10-04T19:59:28Z
b08d1e42ba7c19fbd6d07ab9d221e486d5e87f08,lager,bing,,/Users/ivantyshchenko/Projects/Python/Neural-Beer/data/raw/bing/lager/pale_lager_pilsner_flute_glass_poured_draft_-bottle_-can_-logo_-mockup/000033.jpg,000033.jpg,533,800,2025-10-04T19:59:28Z
ec65208b803eaf6d9583662afcba78db15f01c93,lager,bing,,/Users/ivantyshchenko/Projects/Python/Neural-Beer/data/raw/bing/lager/pale_lager_pilsner_flute_glass_poured_draft_-bottle_-can_-logo_-mockup/000042.jpg,000042.jpg,520,1600,2025-10-04T19:59:28Z
a7ac137c0cd198a45fdff52ccc6faaee3a33b8f9,lager,bing,,/Users/ivantyshchenko/Projects/Python/Neural-Beer/data/raw/bing/lager/pale_lager_pilsner_flute_glass_poured_draft_-bottle_-can_-logo_-mockup/000043.jpg,000043.jpg,1500,1125,2025-10-04T19:59:28Z
cd0d1e5fb7016185bfed095c0afdcbcb0ce609ef,lager,bing,,/Users/ivantyshchenko/Projects/Python/Neural-Beer/data/raw/bing/lager/pale_lager_pilsner_flute_glass_poured_draft_-bottle_-can_-logo_-mockup/000044.jpg,000044.jpg,1000,1000,2025-10-04T19:59:28Z
45c5ed3f71da2876fd8963f677c3132dc6d2c315,lager,bing,,/Users/ivantyshchenko/Projects/Python/Neural-Beer/data/raw/bing/lager/pale_lager_pilsner_flute_glass_poured_draft_-bottle_-can_-logo_-mockup/000045.jpg,000045.jpg,1588,2117,2025-10-04T19:59:28Z
3b11ba46e530057438dfe09d778a47e0162e0a09,lager,bing,,/Users/ivantyshchenko/Projects/Python/Neural-Beer/data/raw/bing/lager/pale_lager_pilsner_flute_glass_poured_draft_-bottle_-can_-logo_-mockup/000050.jpg,000050.jpg,1600,1157,2025-10-04T19:59:28Z
38336e549a6bffdb3cf3d4582244409c02e1f07f,lager,bing,,/Users/ivantyshchenko/Projects/Python/Neural-Beer/data/raw/bing/lager/pale_lager_pilsner_flute_glass_poured_draft_-bottle_-can_-logo_-mockup/000051.jpg,000051.jpg,1000,1000,2025-10-04T19:59:28Z
90b274cfbc5f0a75a3e9dc45d8089efeca31aded,lager,bing,,/Users/ivantyshchenko/Projects/Python/Neural-Beer/data/raw/bing/lager/pale_lager_pilsner_flute_glass_poured_draft_-bottle_-can_-logo_-mockup/000054.jpg,000054.jpg,1400,1400,2025-10-04T19:59:28Z
21271d22787a30e16f02e417b0dd7769756e57c2,lager,bing,,/Users/ivantyshchenko/Projects/Python/Neural-Beer/data/raw/bing/lager/pale_lager_pilsner_flute_glass_poured_draft_-bottle_-can_-logo_-mockup/000057.jpg,000057.jpg,700,700,2025-10-04T19:59:28Z
627ea13300bf981c68fea972bdbab383a02fb02d,lager,bing,,/Users/ivantyshchenko/Projects/Python/Neural-Beer/data/raw/bing/lager/helles_lager_in_seidel_mug_pub_draft_-bottle_-can_-logo/000019.jpg,000019.jpg,1180,1475,2025-10-04T20:00:07Z
1477a0e67bd3953e5abf1ad7a2aa2f816175b3c8,lager,bing,,/Users/ivantyshchenko/Projects/Python/Neural-Beer/data/raw/bing/lager/helles_lager_in_seidel_mug_pub_draft_-bottle_-can_-logo/000025.jpg,000025.jpg,640,640,2025-10-04T20:00:07Z
ec0886aa31aabbfc59f396192a42a52e71743e7c,lager,bing,,/Users/ivantyshchenko/Projects/Python/Neural-Beer/data/raw/bing/lager/helles_lager_in_seidel_mug_pub_draft_-bottle_-can_-logo/000026.jpg,000026.jpg,640,640,2025-10-04T20:00:07Z
da4128949f3c089407e841d57d406bc58116e357,lager,bing,,/Users/ivantyshchenko/Projects/Python/Neural-Beer/data/raw/bing/lager/helles_lager_in_seidel_mug_pub_draft_-bottle_-can_-logo/000027.jpg,000027.jpg,640,640,2025-10-04T20:00:07Z
bb854fd27ef7e26dcb5bdbb5e537cbfa3051e600,lager,bing,,/Users/ivantyshchenko/Projects/Python/Neural-Beer/data/raw/bing/lager/helles_lager_in_seidel_mug_pub_draft_-bottle_-can_-logo/000030.jpg,000030.jpg,720,1280,2025-10-04T20:00:07Z
03984e95017af4d3d35c843e7980eeb1ec2e44b2,lager,bing,,/Users/ivantyshchenko/Projects/Python/Neural-Beer/data/raw/bing/lager/helles_lager_in_seidel_mug_pub_draft_-bottle_-can_-logo/000032.jpg,000032.jpg,1200,1200,2025-10-04T20:00:07Z
3c0422518b32c4a69f8c619aac24c68ec5ccb767,lager,bing,,/Users/ivantyshchenko/Projects/Python/Neural-Beer/data/raw/bing/lager/helles_lager_in_seidel_mug_pub_draft_-bottle_-can_-logo/000034.jpg,000034.jpg,1027,1390,2025-10-04T20:00:07Z
874076bf9c5ed11606c2db3c8e3ba04323b5bf41,lager,bing,,/Users/ivantyshchenko/Projects/Python/Neural-Beer/data/raw/bing/lager/helles_lager_in_seidel_mug_pub_draft_-bottle_-can_-logo/000035.jpg,000035.jpg,1920,2560,2025-10-04T20:00:07Z
443ff8abcaa9fb3c40cc139301257da30ba9418a,lager,bing,,/Users/ivantyshchenko/Projects/Python/Neural-Beer/data/raw/bing/lager/helles_lager_in_seidel_mug_pub_draft_-bottle_-can_-logo/000036.jpg,000036.jpg,1440,1920,2025-10-04T20:00:07Z
7ecc4ddbce14137966b78400596e1773dd875a38,lager,bing,,/Users/ivantyshchenko/Projects/Python/Neural-Beer/data/raw/bing/lager/helles_lager_in_seidel_mug_pub_draft_-bottle_-can_-logo/000039.jpg,000039.jpg,2560,2560,2025-10-04T20:00:07Z
a913a1d71776e764e3461f6f312d2a20ceafa348,lager,bing,,/Users/ivantyshchenko/Projects/Python/Neural-Beer/data/raw/bing/lager/helles_lager_in_seidel_mug_pub_draft_-bottle_-can_-logo/000043.jpg,000043.jpg,1280,720,2025-10-04T20:00:07Z
47b5bf7974aed09e72c3cdda8c32fefe435b8c7b,lager,bing,,/Users/ivantyshchenko/Projects/Python/Neural-Beer/data/raw/bing/lager/helles_lager_in_seidel_mug_pub_draft_-bottle_-can_-logo/000046.jpg,000046.jpg,768,978,2025-10-04T20:00:07Z
0df01852806710cdc55b7d55b83efa1e1c5f6413,lager,bing,,/Users/ivantyshchenko/Projects/Python/Neural-Beer/data/raw/bing/lager/helles_lager_in_seidel_mug_pub_draft_-bottle_-can_-logo/000052.jpg,000052.jpg,1092,728,2025-10-04T20:00:07Z
2ebead011f6b46d061e097f9a5e4e412db4a35d1,lager,bing,,/Users/ivantyshchenko/Projects/Python/Neural-Beer/data/raw/bing/lager/crystal_clear_lager_condensation_closeup_pub_-bottle_-can_-logo/000033.jpg,000033.jpg,1280,720,2025-10-04T20:00:35Z
1546e1211b3961fcd048f8692a6474b0c8bc2a61,lager,bing,,/Users/ivantyshchenko/Projects/Python/Neural-Beer/data/raw/bing/lager/crystal_clear_lager_condensation_closeup_pub_-bottle_-can_-logo/000045.jpg,000045.jpg,1600,1157,2025-10-04T20:00:35Z
9d79e9e0173130b9a5607eb43fc51cc4c895aca5,lager,bing,,/Users/ivantyshchenko/Projects/Python/Neural-Beer/data/raw/bing/lager/crystal_clear_lager_condensation_closeup_pub_-bottle_-can_-logo/000060.jpg,000060.jpg,1000,652,2025-10-04T20:00:35Z
2503a98ac44081323041d9e695aca77fed709a3f,lager,bing,,/Users/ivantyshchenko/Projects/Python/Neural-Beer/data/raw/bing/lager/crystal_clear_lager_condensation_closeup_pub_-bottle_-can_-logo/000067.jpg,000067.jpg,1600,1157,2025-10-04T20:00:35Z
fb0e4d4ee81bd4ddecbecdc9b4a0679b771a39e6,lager,bing,,/Users/ivantyshchenko/Projects/Python/Neural-Beer/data/raw/bing/lager/crystal_clear_lager_condensation_closeup_pub_-bottle_-can_-logo/000071.jpg,000071.jpg,1300,988,2025-10-04T20:00:35Z
d0129e49c1ff670bba39a7c275e08bdb2532e406,lager,bing,,/Users/ivantyshchenko/Projects/Python/Neural-Beer/data/raw/bing/lager/crystal_clear_lager_condensation_closeup_pub_-bottle_-can_-logo/000079.jpg,000079.jpg,975,1390,2025-10-04T20:00:35Z
804df1b58bfb093a1cc51c67c7eaea72ecf43121,lager,bing,,/Users/ivantyshchenko/Projects/Python/Neural-Beer/data/raw/bing/lager/crystal_clear_lager_condensation_closeup_pub_-bottle_-can_-logo/000081.jpg,000081.jpg,1280,720,2025-10-04T20:00:35Z
3f9026f2924b764f0572e47bdfe6b5f743c6aa8b,lager,bing,,/Users/ivantyshchenko/Projects/Python/Neural-Beer/data/raw/bing/lager/crystal_clear_lager_condensation_closeup_pub_-bottle_-can_-logo/000083.jpg,000083.jpg,720,900,2025-10-04T20:00:35Z
957154c6f95fef9a8880496ea1124e064617b3b8,lager,bing,,/Users/ivantyshchenko/Projects/Python/Neural-Beer/data/raw/bing/lager/crystal_clear_lager_condensation_closeup_pub_-bottle_-can_-logo/000088.jpg,000088.jpg,939,1390,2025-10-04T20:00:35Z
112d77b76896c33bb725d3af1e6e69517b89a568,lager,bing,,/Users/ivantyshchenko/Projects/Python/Neural-Beer/data/raw/bing/lager/crystal_clear_lager_condensation_closeup_pub_-bottle_-can_-logo/000089.jpg,000089.jpg,975,1390,2025-10-04T20:00:35Z
8d74be684339d1502e6082bab16d2bf844937091,lager,bing,,/Users/ivantyshchenko/Projects/Python/Neural-Beer/data/raw/bing/lager/crystal_clear_lager_condensation_closeup_pub_-bottle_-can_-logo/000094.jpg,000094.jpg,1300,956,2025-10-04T20:00:35Z
b596ba061b842128b28e264956f8bf4e5777f913,lager,bing,,/Users/ivantyshchenko/Projects/Python/Neural-Beer/data/raw/bing/lager/crystal_clear_lager_condensation_closeup_pub_-bottle_-can_-logo/000097.jpg,000097.jpg,961,1390,2025-10-04T20:00:35Z
5f3c856dc9eb29a2bfa2ab8d97759edfb1ee4d0a,lager,bing,,/Users/ivantyshchenko/Projects/Python/Neural-Beer/data/raw/bing/lager/crystal_clear_lager_condensation_closeup_pub_-bottle_-can_-logo/000099.jpg,000099.jpg,921,1390,2025-10-04T20:00:35Z
a1e359629d2040bf0a41d765936ce048bde715ff,lager,bing,,/Users/ivantyshchenko/Projects/Python/Neural-Beer/data/raw/bing/lager/crystal_clear_lager_condensation_closeup_pub_-bottle_-can_-logo/000101.jpg,000101.jpg,1000,667,2025-10-04T20:00:35Z
1c3c1adeab7ad5155e6ba9aefbd362909d8b792e,lager,bing,,/Users/ivantyshchenko/Projects/Python/Neural-Beer/data/raw/bing/lager/golden_lager_on_tap_pint_glass_foam_head_-bottle_-can_-logo/000019.jpg,000019.jpg,1600,1156,2025-10-04T20:00:59Z
c22ff042b7879fca95776afc7e6acd5263a63758,lager,bing,,/Users/ivantyshchenko/Projects/Python/Neural-Beer/data/raw/bing/lager/golden_lager_on_tap_pint_glass_foam_head_-bottle_-can_-logo/000038.jpg,000038.jpg,2940,1960,2025-10-04T20:00:59Z
34d4c095ab30417df1e394259a89625aa693c63b,lager,bing,,/Users/ivantyshchenko/Projects/Python/Neural-Beer/data/raw/bing/lager/golden_lager_on_tap_pint_glass_foam_head_-bottle_-can_-logo/000040.jpg,000040.jpg,1470,980,2025-10-04T20:00:59Z
6a306f138ef8474a83d28df040b2e99bb7605dc7,lager,bing,,/Users/ivantyshchenko/Projects/Python/Neural-Beer/data/raw/bing/lager/golden_lager_on_tap_pint_glass_foam_head_-bottle_-can_-logo/000047.jpg,000047.jpg,1307,1960,2025-10-04T20:00:59Z
3ad67abec053545ae9ba25d5b188317bfd02aac1,lager,bing,,/Users/ivantyshchenko/Projects/Python/Neural-Beer/data/raw/bing/lager/golden_lager_on_tap_pint_glass_foam_head_-bottle_-can_-logo/000053.jpg,000053.jpg,654,980,2025-10-04T20:00:59Z
6cfda99b07c0b604075da9c2e9a739cfe2e5b4a1,lager,bing,,/Users/ivantyshchenko/Projects/Python/Neural-Beer/data/raw/bing/lager/golden_lager_on_tap_pint_glass_foam_head_-bottle_-can_-logo/000060.jpg,000060.jpg,1600,1156,2025-10-04T20:00:59Z
b51775955d531532c887d567fc0bd8acf82bc426,lager,bing,,/Users/ivantyshchenko/Projects/Python/Neural-Beer/data/raw/bing/lager/golden_lager_on_tap_pint_glass_foam_head_-bottle_-can_-logo/000078.jpg,000078.jpg,1600,990,2025-10-04T20:00:59Z
e1fe2c89dec3e2aba00c222bc90f137161c19bd7,lager,bing,,/Users/ivantyshchenko/Projects/Python/Neural-Beer/data/raw/bing/lager/golden_lager_on_tap_pint_glass_foam_head_-bottle_-can_-logo/000079.jpg,000079.jpg,867,1390,2025-10-04T20:00:59Z
89521f3454e624bfc1caca3fedb0bc7d6f5433fd,lager,bing,,/Users/ivantyshchenko/Projects/Python/Neural-Beer/data/raw/bing/lager/golden_lager_on_tap_pint_glass_foam_head_-bottle_-can_-logo/000084.jpg,000084.jpg,867,1390,2025-10-04T20:00:59Z
6020dd28d0073dae9fdd95385a0a05bf7805f669,lager,bing,,/Users/ivantyshchenko/Projects/Python/Neural-Beer/data/raw/bing/lager/golden_lager_on_tap_pint_glass_foam_head_-bottle_-can_-logo/000087.jpg,000087.jpg,588,900,2025-10-04T20:00:59Z
2d572bbc79a45a7a583fdc35d441023e42781838,lager,bing,,/Users/ivantyshchenko/Projects/Python/Neural-Beer/data/raw/bing/lager/golden_lager_on_tap_pint_glass_foam_head_-bottle_-can_-logo/000089.jpg,000089.jpg,913,1390,2025-10-04T20:00:59Z
f5775f9b8c8fdddcfc0b3fb4fc5ec6fef900bddd,lager,bing,,/Users/ivantyshchenko/Projects/Python/Neural-Beer/data/raw/bing/lager/golden_lager_on_tap_pint_glass_foam_head_-bottle_-can_-logo/000091.jpg,000091.jpg,626,626,2025-10-04T20:00:59Z
949394cd2f00cafbd8a8b443e9f049af3b7b1023,lager,bing,,/Users/ivantyshchenko/Projects/Python/Neural-Beer/data/raw/bing/lager/golden_lager_on_tap_pint_glass_foam_head_-bottle_-can_-logo/000092.jpg,000092.jpg,626,626,2025-10-04T20:00:59Z
bd3b343725d9077f6e940964dcb5c9d897508bd8,wheat,bing,,/Users/ivantyshchenko/Projects/Python/Neural-Beer/data/raw/bing/wheat/wheat_beer_in_weizen_tall_glass_cloudy_-bottle_-can_-logo_-mockup/000069.jpg,000069.jpg,1067,1690,2025-10-04T20:01:19Z
c24895ad54e046db513523c92d1c031fcf0cd266,wheat,bing,,/Users/ivantyshchenko/Projects/Python/Neural-Beer/data/raw/bing/wheat/wheat_beer_in_weizen_tall_glass_cloudy_-bottle_-can_-logo_-mockup/000071.jpg,000071.jpg,600,600,2025-10-04T20:01:19Z
c98bf1de3be4115a2116b59ef987a633f5296b83,wheat,bing,,/Users/ivantyshchenko/Projects/Python/Neural-Beer/data/raw/bing/wheat/wheat_beer_in_weizen_tall_glass_cloudy_-bottle_-can_-logo_-mockup/000073.jpg,000073.jpg,980,980,2025-10-04T20:01:19Z
6a20679c734926446e035968274c0759699d0bb5,wheat,bing,,/Users/ivantyshchenko/Projects/Python/Neural-Beer/data/raw/bing/wheat/wheat_beer_in_weizen_tall_glass_cloudy_-bottle_-can_-logo_-mockup/000077.jpg,000077.jpg,1600,1150,2025-10-04T20:01:19Z
63135587cb832d108ed2bf8ea5934f833f4eba33,wheat,bing,,/Users/ivantyshchenko/Projects/Python/Neural-Beer/data/raw/bing/wheat/wheat_beer_in_weizen_tall_glass_cloudy_-bottle_-can_-logo_-mockup/000082.jpg,000082.jpg,1300,956,2025-10-04T20:01:19Z
d31068868adb251c86a0d36ed3a4a9dbf5fe2d47,wheat,bing,,/Users/ivantyshchenko/Projects/Python/Neural-Beer/data/raw/bing/wheat/hefeweizen_banana_clove_aroma_in_glass_-bottle_-can_-logo/000038.jpg,000038.jpg,3024,4032,2025-10-04T20:02:02Z
03ffd4f485ce08dff2944d4298b638cf247c2b34,wheat,bing,,/Users/ivantyshchenko/Projects/Python/Neural-Beer/data/raw/bing/wheat/hefeweizen_banana_clove_aroma_in_glass_-bottle_-can_-logo/000040.jpg,000040.jpg,900,1155,2025-10-04T20:02:02Z
7a4ac580effbe848667207b24c951f29ac819eee,wheat,bing,,/Users/ivantyshchenko/Projects/Python/Neural-Beer/data/raw/bing/wheat/hefeweizen_banana_clove_aroma_in_glass_-bottle_-can_-logo/000043.jpg,000043.jpg,1063,1690,2025-10-04T20:02:02Z
4a18e2fb47c0a5b5f40b51d8fd2d87e61c477660,wheat,bing,,/Users/ivantyshchenko/Projects/Python/Neural-Beer/data/raw/bing/wheat/hefeweizen_banana_clove_aroma_in_glass_-bottle_-can_-logo/000044.jpg,000044.jpg,768,576,2025-10-04T20:02:02Z
6698eecc26605359972b760d54d6583ac12d0a0f,wheat,bing,,/Users/ivantyshchenko/Projects/Python/Neural-Beer/data/raw/bing/wheat/hefeweizen_banana_clove_aroma_in_glass_-bottle_-can_-logo/000046.jpg,000046.jpg,1415,1415,2025-10-04T20:02:02Z
9a354fc979a2b1b6a5aefd348c0cefefc3d9fbe1,wheat,bing,,/Users/ivantyshchenko/Projects/Python/Neural-Beer/data/raw/bing/wheat/hefeweizen_banana_clove_aroma_in_glass_-bottle_-can_-logo/000047.jpg,000047.jpg,1500,1101,2025-10-04T20:02:02Z
db841cd2de036f8ff2b435b2596596a2cbbb362b,wheat,bing,,/Users/ivantyshchenko/Projects/Python/Neural-Beer/data/raw/bing/wheat/hefeweizen_banana_clove_aroma_in_glass_-bottle_-can_-logo/000049.jpg,000049.jpg,794,756,2025-10-04T20:02:02Z
52c4f59aa8dd6a5fdbb6e1dafa8e306c8ea2727f,wheat,bing,,/Users/ivantyshchenko/Projects/Python/Neural-Beer/data/raw/bing/wheat/hefeweizen_banana_clove_aroma_in_glass_-bottle_-can_-logo/000051.jpg,000051.jpg,1920,1080,2025-10-04T20:02:02Z
ccf6db2a60012eb046b34eb78efb72dc45241477,wheat,bing,,/Users/ivantyshchenko/Projects/Python/Neural-Beer/data/raw/bing/wheat/hefeweizen_banana_clove_aroma_in_glass_-bottle_-can_-logo/000053.jpg,000053.jpg,1300,956,2025-10-04T20:02:02Z
e4435a039a1900d022caff06caf0eda0dcd2984b,wheat,bing,,/Users/ivantyshchenko/Projects/Python/Neural-Beer/data/raw/bing/wheat/hefeweizen_banana_clove_aroma_in_glass_-bottle_-can_-logo/000055.jpg,000055.jpg,1068,559,2025-10-04T20:02:02Z
914a26b176e81ac56f838d47de0e01a0ad016f15,wheat,bing,,/Users/ivantyshchenko/Projects/Python/Neural-Beer/data/raw/bing/wheat/witbier_belgian_white_beer_tulip_glass_-bottle_-can_-logo/000015.jpg,000015.jpg,2500,3750,2025-10-04T20:02:43Z
2a97ccb17739734be7ec6d82ce484a2381d696e4,wheat,bing,,/Users/ivantyshchenko/Projects/Python/Neural-Beer/data/raw/bing/wheat/witbier_belgian_white_beer_tulip_glass_-bottle_-can_-logo/000037.jpg,000037.jpg,1521,2250,2025-10-04T20:02:43Z
fb4e729e5b0f1db511605c071a6a1b360ffd5ca2,wheat,bing,,/Users/ivantyshchenko/Projects/Python/Neural-Beer/data/raw/bing/wheat/witbier_belgian_white_beer_tulip_glass_-bottle_-can_-logo/000044.jpg,000044.jpg,1500,1267,2025-10-04T20:02:43Z
83030723a405e9b2dc635c32a5ccaecb076fcfa8,wheat,bing,,/Users/ivantyshchenko/Projects/Python/Neural-Beer/data/raw/bing/wheat/witbier_belgian_white_beer_tulip_glass_-bottle_-can_-logo/000048.jpg,000048.jpg,679,796,2025-10-04T20:02:43Z
4f7f5c31f4f91d8c0b109b627005f5659b2896ae,wheat,bing,,/Users/ivantyshchenko/Projects/Python/Neural-Beer/data/raw/bing/wheat/witbier_belgian_white_beer_tulip_glass_-bottle_-can_-logo/000052.jpg,000052.jpg,600,600,2025-10-04T20:02:43Z
08495a95ab3fb7f014150eeca1c3aa3dbdbd0c0c,wheat,bing,,/Users/ivantyshchenko/Projects/Python/Neural-Beer/data/raw/bing/wheat/witbier_belgian_white_beer_tulip_glass_-bottle_-can_-logo/000053.jpg,000053.jpg,1600,1600,2025-10-04T20:02:43Z
3f8d5e61d543be46bd3130549c5f8a6db80fd4ae,wheat,bing,,/Users/ivantyshchenko/Projects/Python/Neural-Beer/data/raw/bing/wheat/dunkelweizen_dark_wheat_beer_tall_glass_-bottle_-can_-logo/000010.jpg,000010.jpg,1280,720,2025-10-04T20:03:21Z
43de6ea887a7973ddbfff67b20fa7d48e81dd331,wheat,bing,,/Users/ivantyshchenko/Projects/Python/Neural-Beer/data/raw/bing/wheat/dunkelweizen_dark_wheat_beer_tall_glass_-bottle_-can_-logo/000045.jpg,000045.jpg,960,720,2025-10-04T20:03:21Z
6c02e1a5c2de82e5a216c37bc548d067edbf9b4c,wheat,bing,,/Users/ivantyshchenko/Projects/Python/Neural-Beer/data/raw/bing/wheat/dunkelweizen_dark_wheat_beer_tall_glass_-bottle_-can_-logo/000048.jpg,000048.jpg,597,920,2025-10-04T20:03:21Z
6c6fc4e80361e1fa9b34ce0981969c77b0c1a3dc,wheat,bing,,/Users/ivantyshchenko/Projects/Python/Neural-Beer/data/raw/bing/wheat/dunkelweizen_dark_wheat_beer_tall_glass_-bottle_-can_-logo/000049.jpg,000049.jpg,1100,600,2025-10-04T20:03:21Z
72434196bb29da359398f6e5f817c204271b34ab,wheat,bing,,/Users/ivantyshchenko/Projects/Python/Neural-Beer/data/raw/bing/wheat/dunkelweizen_dark_wheat_beer_tall_glass_-bottle_-can_-logo/000051.jpg,000051.jpg,1152,1536,2025-10-04T20:03:21Z
69af1348945dbedb9fca0232a468627f6bf17bd8,wheat,bing,,/Users/ivantyshchenko/Projects/Python/Neural-Beer/data/raw/bing/wheat/dunkelweizen_dark_wheat_beer_tall_glass_-bottle_-can_-logo/000052.jpg,000052.jpg,2000,1340,2025-10-04T20:03:21Z
bac95f8695257bcd520214cd74f9c3e384aa0cfc,wheat,bing,,/Users/ivantyshchenko/Projects/Python/Neural-Beer/data/raw/bing/wheat/dunkelweizen_dark_wheat_beer_tall_glass_-bottle_-can_-logo/000053.jpg,000053.jpg,600,600,2025-10-04T20:03:21Z
1c1e11f6bb6d2db0271858d847178d3b2ad4510a,wheat,bing,,/Users/ivantyshchenko/Projects/Python/Neural-Beer/data/raw/bing/wheat/dunkelweizen_dark_wheat_beer_tall_glass_-bottle_-can_-logo/000054.jpg,000054.jpg,1280,720,2025-10-04T20:03:21Z
50bd8e46a5cf7ea2116e2cdcf766cf7d9b877442,wheat,bing,,/Users/ivantyshchenko/Projects/Python/Neural-Beer/data/raw/bing/wheat/dunkelweizen_dark_wheat_beer_tall_glass_-bottle_-can_-logo/000058.jpg,000058.jpg,1067,1690,2025-10-04T20:03:21Z
7c9cb3d190e0cdb8b606701aa77d94d61b41af29,wheat,bing,,/Users/ivantyshchenko/Projects/Python/Neural-Beer/data/raw/bing/wheat/wheat_ale_hazy_golden_in_weizen_vase_-bottle_-can_-logo/000028.jpg,000028.jpg,1600,1600,2025-10-04T20:03:47Z
dc94bba6eca1fba7aa16e11b44f5cfbb53ad3a51,wheat,bing,,/Users/ivantyshchenko/Projects/Python/Neural-Beer/data/raw/bing/wheat/wheat_ale_hazy_golden_in_weizen_vase_-bottle_-can_-logo/000037.jpg,000037.jpg,626,626,2025-10-04T20:03:47Z
ecdec03835168c9357c1c12513b3b6e6d81ffb4e,wheat,bing,,/Users/ivantyshchenko/Projects/Python/Neural-Beer/data/raw/bing/wheat/wheat_ale_hazy_golden_in_weizen_vase_-bottle_-can_-logo/000042.jpg,000042.jpg,1200,1690,2025-10-04T20:03:47Z
32204420c7d5854839faddaac830ee16fc1d3ca4,wheat,bing,,/Users/ivantyshchenko/Projects/Python/Neural-Beer/data/raw/bing/wheat/wheat_ale_hazy_golden_in_weizen_vase_-bottle_-can_-logo/000047.jpg,000047.jpg,1920,1280,2025-10-04T20:03:47Z
ec9c68d042aa7debb382a7a4379c2c2a0ebddcfa,wheat,bing,,/Users/ivantyshchenko/Projects/Python/Neural-Beer/data/raw/bing/wheat/wheat_ale_hazy_golden_in_weizen_vase_-bottle_-can_-logo/000053.jpg,000053.jpg,626,626,2025-10-04T20:03:47Z
7710b8813a9e7ab419ffb1320ed2759a980cf501,wheat,bing,,/Users/ivantyshchenko/Projects/Python/Neural-Beer/data/raw/bing/wheat/wheat_ale_hazy_golden_in_weizen_vase_-bottle_-can_-logo/000054.jpg,000054.jpg,626,626,2025-10-04T20:03:47Z
7ab0ec1841bbdb178bc63c5e0218143f7718ae7b,wheat,bing,,/Users/ivantyshchenko/Projects/Python/Neural-Beer/data/raw/bing/wheat/wheat_ale_hazy_golden_in_weizen_vase_-bottle_-can_-logo/000062.jpg,000062.jpg,820,1316,2025-10-04T20:03:47Z
98d8277f7c28aba05223816e0ec2a050b3c27031,wheat,bing,,/Users/ivantyshchenko/Projects/Python/Neural-Beer/data/raw/bing/wheat/wheat_ale_hazy_golden_in_weizen_vase_-bottle_-can_-logo/000063.jpg,000063.jpg,1000,900,2025-10-04T20:03:47Z
74a4ed18eafa628f503dbbf582b9fc65d9a56262,wheat,bing,,/Users/ivantyshchenko/Projects/Python/Neural-Beer/data/raw/bing/wheat/wheat_ale_hazy_golden_in_weizen_vase_-bottle_-can_-logo/000074.jpg,000074.jpg,736,1308,2025-10-04T20:03:47Z
e07950e409f57b03422c08294c957a3ed37d2c0e,wheat,bing,,/Users/ivantyshchenko/Projects/Python/Neural-Beer/data/raw/bing/wheat/wheat_ale_hazy_golden_in_weizen_vase_-bottle_-can_-logo/000082.jpg,000082.jpg,626,626,2025-10-04T20:03:47Z
578a363ed31d4a13e0ee302aa59ad14256080288,ipa,bing,,/Users/ivantyshchenko/Projects/Python/Neural-Beer/data/raw/bing/ipa/ipa_beer_tulip_teku_glass_amber_hops_-bottle_-can_-logo_-mockup/000019.jpg,000019.jpg,1588,1588,2025-10-04T20:04:28Z
b8f7894b169d01047f40183ea19cb6cc8815a951,ipa,bing,,/Users/ivantyshchenko/Projects/Python/Neural-Beer/data/raw/bing/ipa/ipa_beer_tulip_teku_glass_amber_hops_-bottle_-can_-logo_-mockup/000026.jpg,000026.jpg,600,900,2025-10-04T20:04:28Z
ef8239ee5fc1d7709663a2dce1a50f1b553d3080,ipa,bing,,/Users/ivantyshchenko/Projects/Python/Neural-Beer/data/raw/bing/ipa/ipa_beer_tulip_teku_glass_amber_hops_-bottle_-can_-logo_-mockup/000035.jpg,000035.jpg,2048,1365,2025-10-04T20:04:28Z
ed1db6e320b1bad99140052f4ccb01c8c5a4c107,ipa,bing,,/Users/ivantyshchenko/Projects/Python/Neural-Beer/data/raw/bing/ipa/ipa_beer_tulip_teku_glass_amber_hops_-bottle_-can_-logo_-mockup/000045.jpg,000045.jpg,600,600,2025-10-04T20:04:28Z
0785008b33ecf23cb61d31997964eca02fa07d97,ipa,bing,,/Users/ivantyshchenko/Projects/Python/Neural-Beer/data/raw/bing/ipa/ipa_beer_tulip_teku_glass_amber_hops_-bottle_-can_-logo_-mockup/000048.jpg,000048.jpg,775,517,2025-10-04T20:04:28Z
fd018aa8bb84e3b4a24856d39bbe821fad6088b7,ipa,bing,,/Users/ivantyshchenko/Projects/Python/Neural-Beer/data/raw/bing/ipa/ipa_beer_tulip_teku_glass_amber_hops_-bottle_-can_-logo_-mockup/000049.jpg,000049.jpg,1200,630,2025-10-04T20:04:28Z
750a42ff184e08a7247adb3e3d3f0907695290f3,ipa,bing,,/Users/ivantyshchenko/Projects/Python/Neural-Beer/data/raw/bing/ipa/ipa_beer_tulip_teku_glass_amber_hops_-bottle_-can_-logo_-mockup/000050.jpg,000050.jpg,1140,1140,2025-10-04T20:04:28Z
006576bfe0e39d14099b9ff75ac51314bfc9af6d,ipa,bing,,/Users/ivantyshchenko/Projects/Python/Neural-Beer/data/raw/bing/ipa/ipa_beer_tulip_teku_glass_amber_hops_-bottle_-can_-logo_-mockup/000052.jpg,000052.jpg,700,700,2025-10-04T20:04:28Z
d798d266c7c11ed24f2f16a2eeca16118c21f7bb,ipa,bing,,/Users/ivantyshchenko/Projects/Python/Neural-Beer/data/raw/bing/ipa/ipa_beer_tulip_teku_glass_amber_hops_-bottle_-can_-logo_-mockup/000053.jpg,000053.jpg,1000,1000,2025-10-04T20:04:28Z
e1781dd659e9bf2bc5666c0aa47f7699fd07387c,ipa,bing,,/Users/ivantyshchenko/Projects/Python/Neural-Beer/data/raw/bing/ipa/ipa_beer_tulip_teku_glass_amber_hops_-bottle_-can_-logo_-mockup/000057.jpg,000057.jpg,800,534,2025-10-04T20:04:28Z
a43770ebc902b2d0d962f5fa8df6596a05bfd09f,ipa,bing,,/Users/ivantyshchenko/Projects/Python/Neural-Beer/data/raw/bing/ipa/ipa_beer_tulip_teku_glass_amber_hops_-bottle_-can_-logo_-mockup/000059.jpg,000059.jpg,800,800,2025-10-04T20:04:28Z
e4006e57b393a96d9a726e186a0706445ed870b6,ipa,bing,,/Users/ivantyshchenko/Projects/Python/Neural-Beer/data/raw/bing/ipa/ipa_beer_tulip_teku_glass_amber_hops_-bottle_-can_-logo_-mockup/000060.jpg,000060.jpg,1080,1440,2025-10-04T20:04:28Z
39cad51b4bb8102f79dc80e9ea8703822a4a839a,ipa,bing,,/Users/ivantyshchenko/Projects/Python/Neural-Beer/data/raw/bing/ipa/ipa_beer_tulip_teku_glass_amber_hops_-bottle_-can_-logo_-mockup/000063.jpg,000063.jpg,1240,1240,2025-10-04T20:04:28Z
356631234186a87c1277317e699f8b092f103849,ipa,bing,,/Users/ivantyshchenko/Projects/Python/Neural-Beer/data/raw/bing/ipa/ipa_beer_tulip_teku_glass_amber_hops_-bottle_-can_-logo_-mockup/000067.jpg,000067.jpg,1600,1157,2025-10-04T20:04:28Z
9f0db5e270fad55ffdb03f577e97c60b326fb38e,ipa,bing,,/Users/ivantyshchenko/Projects/Python/Neural-Beer/data/raw/bing/ipa/ipa_beer_tulip_teku_glass_amber_hops_-bottle_-can_-logo_-mockup/000069.jpg,000069.jpg,800,800,2025-10-04T20:04:28Z
58c51b4b10b7eb38a4289ee9d53289c36a5e4d87,ipa,bing,,/Users/ivantyshchenko/Projects/Python/Neural-Beer/data/raw/bing/ipa/ipa_beer_tulip_teku_glass_amber_hops_-bottle_-can_-logo_-mockup/000073.jpg,000073.jpg,736,920,2025-10-04T20:04:28Z
9807b274f912c606af212a89a7ad05a8e4395f10,ipa,bing,,/Users/ivantyshchenko/Projects/Python/Neural-Beer/data/raw/bing/ipa/ipa_beer_tulip_teku_glass_amber_hops_-bottle_-can_-logo_-mockup/000074.jpg,000074.jpg,1024,1024,2025-10-04T20:04:28Z
a77a31b646f70f3134d1f768cbdcd42504018dd1,ipa,bing,,/Users/ivantyshchenko/Projects/Python/Neural-Beer/data/raw/bing/ipa/ipa_beer_tulip_teku_glass_amber_hops_-bottle_-can_-logo_-mockup/000075.jpg,000075.jpg,2000,2000,2025-10-04T20:04:28Z
8060a48a9bd587f0596f948c0bf25a8cdcb8bfc6,ipa,bing,,/Users/ivantyshchenko/Projects/Python/Neural-Beer/data/raw/bing/ipa/west_coast_ipa_clear_golden_nonic_pint_-bottle_-can_-logo/000021.jpg,000021.jpg,1080,1080,2025-10-04T20:05:02Z
6348763a9dd0d38e0988a7d214c363d15d31c897,ipa,bing,,/Users/ivantyshchenko/Projects/Python/Neural-Beer/data/raw/bing/ipa/west_coast_ipa_clear_golden_nonic_pint_-bottle_-can_-logo/000028.jpg,000028.jpg,1200,1200,2025-10-04T20:05:02Z
74c1a04fa5964839856dd2c3c6f1811bc05c1c4e,ipa,bing,,/Users/ivantyshchenko/Projects/Python/Neural-Beer/data/raw/bing/ipa/west_coast_ipa_clear_golden_nonic_pint_-bottle_-can_-logo/000033.jpg,000033.jpg,1024,1024,2025-10-04T20:05:02Z
1897171bc4d7f2a5f85d8ed7575fe700ad32e8c9,ipa,bing,,/Users/ivantyshchenko/Projects/Python/Neural-Beer/data/raw/bing/ipa/west_coast_ipa_clear_golden_nonic_pint_-bottle_-can_-logo/000034.jpg,000034.jpg,600,600,2025-10-04T20:05:02Z
28b50a90593f9fa703dfbf63c677c494cf312893,ipa,bing,,/Users/ivantyshchenko/Projects/Python/Neural-Beer/data/raw/bing/ipa/west_coast_ipa_clear_golden_nonic_pint_-bottle_-can_-logo/000036.jpg,000036.jpg,1068,712,2025-10-04T20:05:02Z
b87060075caa92eaa269e6edd7bfd1d1bbf1ee90,ipa,bing,,/Users/ivantyshchenko/Projects/Python/Neural-Beer/data/raw/bing/ipa/west_coast_ipa_clear_golden_nonic_pint_-bottle_-can_-logo/000037.jpg,000037.jpg,878,1390,2025-10-04T20:05:02Z
6c5353799712562ee4400d7288086e3336027a69,ipa,bing,,/Users/ivantyshchenko/Projects/Python/Neural-Beer/data/raw/bing/ipa/west_coast_ipa_clear_golden_nonic_pint_-bottle_-can_-logo/000040.jpg,000040.jpg,1200,900,2025-10-04T20:05:02Z
75c72d5de9dbff1d338f40b6c3d49fc0a9f96a86,ipa,bing,,/Users/ivantyshchenko/Projects/Python/Neural-Beer/data/raw/bing/ipa/west_coast_ipa_clear_golden_nonic_pint_-bottle_-can_-logo/000041.jpg,000041.jpg,736,1683,2025-10-04T20:05:02Z
066548c0b1bb7b163e7ffd72a37fe459bab0112e,ipa,bing,,/Users/ivantyshchenko/Projects/Python/Neural-Beer/data/raw/bing/ipa/west_coast_ipa_clear_golden_nonic_pint_-bottle_-can_-logo/000044.jpg,000044.jpg,800,800,2025-10-04T20:05:02Z
bab2c624d5aa57dd7b09100d9a642bc45d6752f3,ipa,bing,,/Users/ivantyshchenko/Projects/Python/Neural-Beer/data/raw/bing/ipa/west_coast_ipa_clear_golden_nonic_pint_-bottle_-can_-logo/000047.jpg,000047.jpg,800,641,2025-10-04T20:05:02Z
39a2a3e56055fbca4209dfb8cd832d00316862ad,ipa,bing,,/Users/ivantyshchenko/Projects/Python/Neural-Beer/data/raw/bing/ipa/west_coast_ipa_clear_golden_nonic_pint_-bottle_-can_-logo/000049.jpg,000049.jpg,1200,900,2025-10-04T20:05:02Z
c6bb14e722230235ac736167a8b3c1e2bb37b454,ipa,bing,,/Users/ivantyshchenko/Projects/Python/Neural-Beer/data/raw/bing/ipa/west_coast_ipa_clear_golden_nonic_pint_-bottle_-can_-logo/000051.jpg,000051.jpg,1000,1077,2025-10-04T20:05:02Z
b51d8d264c101623f90aed7dbd6448c78f25140f,ipa,bing,,/Users/ivantyshchenko/Projects/Python/Neural-Beer/data/raw/bing/ipa/neipa_hazy_juicy_ipa_tulip_glass_-bottle_-can_-logo_-illustration/000012.jpg,000012.jpg,1280,720,2025-10-04T20:05:45Z
635cfe167818c4cf96720b3f54b60ddbc9d5052d,ipa,bing,,/Users/ivantyshchenko/Projects/Python/Neural-Beer/data/raw/bing/ipa/neipa_hazy_juicy_ipa_tulip_glass_-bottle_-can_-logo_-illustration/000048.jpg,000048.jpg,2268,4032,2025-10-04T20:05:45Z
f9aa9ef2b75e36f590dccfd70f26740f302d324b,ipa,bing,,/Users/ivantyshchenko/Projects/Python/Neural-Beer/data/raw/bing/ipa/neipa_hazy_juicy_ipa_tulip_glass_-bottle_-can_-logo_-illustration/000049.jpg,000049.jpg,1588,1135,2025-10-04T20:05:45Z
2ff187d93704388580219d44ac6c29a5f9680557,ipa,bing,,/Users/ivantyshchenko/Projects/Python/Neural-Beer/data/raw/bing/ipa/neipa_hazy_juicy_ipa_tulip_glass_-bottle_-can_-logo_-illustration/000053.jpg,000053.jpg,864,577,2025-10-04T20:05:45Z
d97123e44b3b79e46f12e59a72131910c5a44669,ipa,bing,,/Users/ivantyshchenko/Projects/Python/Neural-Beer/data/raw/bing/ipa/neipa_hazy_juicy_ipa_tulip_glass_-bottle_-can_-logo_-illustration/000056.jpg,000056.jpg,3024,4032,2025-10-04T20:05:45Z
74e2efc7d25ff5af21bab6fe1f5c318a9e0ca7bc,ipa,bing,,/Users/ivantyshchenko/Projects/Python/Neural-Beer/data/raw/bing/ipa/neipa_hazy_juicy_ipa_tulip_glass_-bottle_-can_-logo_-illustration/000057.jpg,000057.jpg,1140,761,2025-10-04T20:05:45Z
c5ad588a9ba673558744c12519cb6c50cb6dfc28,ipa,bing,,/Users/ivantyshchenko/Projects/Python/Neural-Beer/data/raw/bing/ipa/neipa_hazy_juicy_ipa_tulip_glass_-bottle_-can_-logo_-illustration/000058.jpg,000058.jpg,794,567,2025-10-04T20:05:45Z
f35b15e995bdeeb3dfae90d60a27b449bc4560ed,ipa,bing,,/Users/ivantyshchenko/Projects/Python/Neural-Beer/data/raw/bing/ipa/neipa_hazy_juicy_ipa_tulip_glass_-bottle_-can_-logo_-illustration/000059.jpg,000059.jpg,1920,784,2025-10-04T20:05:45Z
a5c10ce3901f7ce506455de4f3cda291fdddec51,ipa,bing,,/Users/ivantyshchenko/Projects/Python/Neural-Beer/data/raw/bing/ipa/double_ipa_dipa_in_snifter_glass_bar_-bottle_-can_-logo/000036.jpg,000036.jpg,736,736,2025-10-04T20:07:03Z
fa0d3a2dfb8cb29d90efbead39561c393b182f43,ipa,bing,,/Users/ivantyshchenko/Projects/Python/Neural-Beer/data/raw/bing/ipa/double_ipa_dipa_in_snifter_glass_bar_-bottle_-can_-logo/000039.jpg,000039.jpg,1024,576,2025-10-04T20:07:03Z
3406603f125843788b1b66645d715391e767dfbd,ipa,bing,,/Users/ivantyshchenko/Projects/Python/Neural-Beer/data/raw/bing/ipa/session_ipa_light_crisp_shaker_pint_-bottle_-can_-logo/000031.jpg,000031.jpg,1000,1000,2025-10-04T20:08:00Z
7adee668ae31372c982a83dff58bb34afe65c0b0,ipa,bing,,/Users/ivantyshchenko/Projects/Python/Neural-Beer/data/raw/bing/ipa/session_ipa_light_crisp_shaker_pint_-bottle_-can_-logo/000032.jpg,000032.jpg,2000,2000,2025-10-04T20:08:00Z
bef0e926aef413f2075edad7578209e9b513ed43,ipa,bing,,/Users/ivantyshchenko/Projects/Python/Neural-Beer/data/raw/bing/ipa/session_ipa_light_crisp_shaker_pint_-bottle_-can_-logo/000038.jpg,000038.jpg,1200,1200,2025-10-04T20:08:00Z
48b448f7eaccf34967f359474fa689cb6c842c7c,ipa,bing,,/Users/ivantyshchenko/Projects/Python/Neural-Beer/data/raw/bing/ipa/session_ipa_light_crisp_shaker_pint_-bottle_-can_-logo/000041.jpg,000041.jpg,1024,683,2025-10-04T20:08:00Z
dd078c7fbe7c369f9ed10e46dc22598b33c8b6b9,ipa,bing,,/Users/ivantyshchenko/Projects/Python/Neural-Beer/data/raw/bing/ipa/session_ipa_light_crisp_shaker_pint_-bottle_-can_-logo/000042.jpg,000042.jpg,768,513,2025-10-04T20:08:00Z
91dda3983ec512120c9d7f4db717026cb380a7e2,ipa,bing,,/Users/ivantyshchenko/Projects/Python/Neural-Beer/data/raw/bing/ipa/session_ipa_light_crisp_shaker_pint_-bottle_-can_-logo/000043.jpg,000043.jpg,800,1200,2025-10-04T20:08:00Z
b29ab693ddd405cc29e8797d49b4f435b910e537,ipa,bing,,/Users/ivantyshchenko/Projects/Python/Neural-Beer/data/raw/bing/ipa/session_ipa_light_crisp_shaker_pint_-bottle_-can_-logo/000046.jpg,000046.jpg,640,853,2025-10-04T20:08:00Z
fb3a925c11dd93444e57a020077adbc4ee78749d,ipa,bing,,/Users/ivantyshchenko/Projects/Python/Neural-Beer/data/raw/bing/ipa/session_ipa_light_crisp_shaker_pint_-bottle_-can_-logo/000048.jpg,000048.jpg,600,600,2025-10-04T20:08:00Z
313504225ddbcc0358275badc656f3fae76f6242,stout,bing,,/Users/ivantyshchenko/Projects/Python/Neural-Beer/data/raw/bing/stout/stout_beer_in_nonic_pint_creamy_head_-bottle_-can_-logo_-mockup/000007.jpg,000007.jpg,1300,1065,2025-10-04T20:08:34Z
412b1877b40e0668d6c37de85c2a11bdb9a3ef89,stout,bing,,/Users/ivantyshchenko/Projects/Python/Neural-Beer/data/raw/bing/stout/stout_beer_in_nonic_pint_creamy_head_-bottle_-can_-logo_-mockup/000009.jpg,000009.jpg,1500,1090,2025-10-04T20:08:34Z
dac1a757dc4bf45e1bfe1a25f7a7dddd328e73cc,stout,bing,,/Users/ivantyshchenko/Projects/Python/Neural-Beer/data/raw/bing/stout/stout_beer_in_nonic_pint_creamy_head_-bottle_-can_-logo_-mockup/000021.jpg,000021.jpg,1067,1690,2025-10-04T20:08:34Z
fed288257d8564c9d086f4976fc8bd56ba514164,stout,bing,,/Users/ivantyshchenko/Projects/Python/Neural-Beer/data/raw/bing/stout/stout_beer_in_nonic_pint_creamy_head_-bottle_-can_-logo_-mockup/000076.jpg,000076.jpg,587,1789,2025-10-04T20:08:34Z
74fcdc5a12b29bbe30df4203cca677b881f35ef7,stout,bing,,/Users/ivantyshchenko/Projects/Python/Neural-Beer/data/raw/bing/stout/stout_beer_in_nonic_pint_creamy_head_-bottle_-can_-logo_-mockup/000081.jpg,000081.jpg,1080,1080,2025-10-04T20:08:34Z
b04ac8e79513c135d013d4e3838e5b5bd5aadea5,stout,bing,,/Users/ivantyshchenko/Projects/Python/Neural-Beer/data/raw/bing/stout/stout_beer_in_nonic_pint_creamy_head_-bottle_-can_-logo_-mockup/000086.jpg,000086.jpg,890,900,2025-10-04T20:08:34Z
0a2bb90ab4d44d56b7a463fef60446361663daaa,stout,bing,,/Users/ivantyshchenko/Projects/Python/Neural-Beer/data/raw/bing/stout/stout_beer_in_nonic_pint_creamy_head_-bottle_-can_-logo_-mockup/000089.jpg,000089.jpg,1067,1690,2025-10-04T20:08:34Z
2a394013d90fa3ac92a3bf0b4c91ba8e1f89febb,stout,bing,,/Users/ivantyshchenko/Projects/Python/Neural-Beer/data/raw/bing/stout/imperial_stout_dark_in_snifter_pub_-bottle_-can_-logo/000008.jpg,000008.jpg,1124,1498,2025-10-04T20:09:08Z
bcf536ec08c28f19a0062fb53083a2afbbd8ecac,stout,bing,,/Users/ivantyshchenko/Projects/Python/Neural-Beer/data/raw/bing/stout/imperial_stout_dark_in_snifter_pub_-bottle_-can_-logo/000016.jpg,000016.jpg,3024,4032,2025-10-04T20:09:08Z
5018ef5088d9ce924d73207bd0d94d7b729136a4,stout,bing,,/Users/ivantyshchenko/Projects/Python/Neural-Beer/data/raw/bing/stout/imperial_stout_dark_in_snifter_pub_-bottle_-can_-logo/000037.jpg,000037.jpg,1600,1600,2025-10-04T20:09:08Z
d2d363917097ac4695665735d5ed5fbc9a1d4f34,stout,bing,,/Users/ivantyshchenko/Projects/Python/Neural-Beer/data/raw/bing/stout/imperial_stout_dark_in_snifter_pub_-bottle_-can_-logo/000054.jpg,000054.jpg,748,800,2025-10-04T20:09:08Z
f0b30329a88c2635a0e5075e382edaa1a430c839,stout,bing,,/Users/ivantyshchenko/Projects/Python/Neural-Beer/data/raw/bing/stout/imperial_stout_dark_in_snifter_pub_-bottle_-can_-logo/000057.jpg,000057.jpg,1023,811,2025-10-04T20:09:08Z
e8972f41b5348125d94e05fc527e64ff8d3eed76,stout,bing,,/Users/ivantyshchenko/Projects/Python/Neural-Beer/data/raw/bing/stout/imperial_stout_dark_in_snifter_pub_-bottle_-can_-logo/000060.jpg,000060.jpg,881,1024,2025-10-04T20:09:08Z
fec705f2b0bf7b48002f55c2223c1c07fb2c93c1,stout,bing,,/Users/ivantyshchenko/Projects/Python/Neural-Beer/data/raw/bing/stout/imperial_stout_dark_in_snifter_pub_-bottle_-can_-logo/000066.jpg,000066.jpg,1024,618,2025-10-04T20:09:08Z
238432ff70d26f62ed76b021fce11a35c9e84324,stout,bing,,/Users/ivantyshchenko/Projects/Python/Neural-Beer/data/raw/bing/stout/milk_stout_nitro_cascading_pour_glass_-bottle_-can_-logo/000012.jpg,000012.jpg,539,960,2025-10-04T20:09:46Z
7f075df4351deac7fcfffe5be6b39b31c017f34c,stout,bing,,/Users/ivantyshchenko/Projects/Python/Neural-Beer/data/raw/bing/stout/milk_stout_nitro_cascading_pour_glass_-bottle_-can_-logo/000017.jpg,000017.jpg,601,1600,2025-10-04T20:09:46Z
0d4725c5ff64ed272eb8a9c9d44de78a70f72fa7,stout,bing,,/Users/ivantyshchenko/Projects/Python/Neural-Beer/data/raw/bing/stout/milk_stout_nitro_cascading_pour_glass_-bottle_-can_-logo/000019.jpg,000019.jpg,900,1600,2025-10-04T20:09:46Z
a727acc13ec26d9500f7cdfdbfb01e9d3d1c5512,stout,bing,,/Users/ivantyshchenko/Projects/Python/Neural-Beer/data/raw/bing/stout/milk_stout_nitro_cascading_pour_glass_-bottle_-can_-logo/000024.jpg,000024.jpg,2048,3072,2025-10-04T20:09:46Z
2668f4906eb8d3f874470fa6fa4ecb2ce2a3d03d,stout,bing,,/Users/ivantyshchenko/Projects/Python/Neural-Beer/data/raw/bing/stout/milk_stout_nitro_cascading_pour_glass_-bottle_-can_-logo/000028.jpg,000028.jpg,960,539,2025-10-04T20:09:46Z
5d5601dc9e3bf66c4ecf077ff2eccebc5b063882,stout,bing,,/Users/ivantyshchenko/Projects/Python/Neural-Beer/data/raw/bing/stout/milk_stout_nitro_cascading_pour_glass_-bottle_-can_-logo/000029.jpg,000029.jpg,2700,1800,2025-10-04T20:09:46Z
8f15de07d32aa66b1224378e3bdedbcc8f5a4f66,stout,bing,,/Users/ivantyshchenko/Projects/Python/Neural-Beer/data/raw/bing/stout/milk_stout_nitro_cascading_pour_glass_-bottle_-can_-logo/000033.jpg,000033.jpg,2700,1796,2025-10-04T20:09:46Z
607e19c66f4dd9cd9b853c9dae97293878c8e4c7,stout,bing,,/Users/ivantyshchenko/Projects/Python/Neural-Beer/data/raw/bing/stout/milk_stout_nitro_cascading_pour_glass_-bottle_-can_-logo/000036.jpg,000036.jpg,678,1024,2025-10-04T20:09:46Z
16fcd1ab275424bf6b3b848bb99649ecac4a8484,stout,bing,,/Users/ivantyshchenko/Projects/Python/Neural-Beer/data/raw/bing/stout/milk_stout_nitro_cascading_pour_glass_-bottle_-can_-logo/000038.jpg,000038.jpg,1024,1365,2025-10-04T20:09:46Z
c383d63916f4db58f3ef58c7b3bf8c31615523be,stout,bing,,/Users/ivantyshchenko/Projects/Python/Neural-Beer/data/raw/bing/stout/milk_stout_nitro_cascading_pour_glass_-bottle_-can_-logo/000039.jpg,000039.jpg,768,1024,2025-10-04T20:09:46Z
571b02bd33429c3e5211009f2e8f19b1ac099ccc,stout,bing,,/Users/ivantyshchenko/Projects/Python/Neural-Beer/data/raw/bing/stout/milk_stout_nitro_cascading_pour_glass_-bottle_-can_-logo/000040.jpg,000040.jpg,800,1174,2025-10-04T20:09:46Z
746d2756cf0f1fd30266c2fd6b68a2c5ca614dff,stout,bing,,/Users/ivantyshchenko/Projects/Python/Neural-Beer/data/raw/bing/stout/milk_stout_nitro_cascading_pour_glass_-bottle_-can_-logo/000042.jpg,000042.jpg,600,600,2025-10-04T20:09:46Z
013b744469c606001c943a89060e1d921ebebfae,stout,bing,,/Users/ivantyshchenko/Projects/Python/Neural-Beer/data/raw/bing/stout/milk_stout_nitro_cascading_pour_glass_-bottle_-can_-logo/000043.jpg,000043.jpg,1600,900,2025-10-04T20:09:46Z
789b5ebd4fdf914d89749772805e5bae2367b2cb,stout,bing,,/Users/ivantyshchenko/Projects/Python/Neural-Beer/data/raw/bing/stout/milk_stout_nitro_cascading_pour_glass_-bottle_-can_-logo/000044.jpg,000044.jpg,798,1200,2025-10-04T20:09:46Z
6b633559cfd569e139f50c214cf5be42f4298bfd,stout,bing,,/Users/ivantyshchenko/Projects/Python/Neural-Beer/data/raw/bing/stout/milk_stout_nitro_cascading_pour_glass_-bottle_-can_-logo/000045.jpg,000045.jpg,918,1632,2025-10-04T20:09:46Z
a1c3956fc0661aa3b23894d41483705e61ac881f,stout,bing,,/Users/ivantyshchenko/Projects/Python/Neural-Beer/data/raw/bing/stout/dry_stout_guinness_style_pint_with_foam_-bottle_-can_-logo/000034.jpg,000034.jpg,634,781,2025-10-04T20:10:10Z
14c31c63218ea7831fdae8501872ca8dcfacde0a,stout,bing,,/Users/ivantyshchenko/Projects/Python/Neural-Beer/data/raw/bing/stout/dry_stout_guinness_style_pint_with_foam_-bottle_-can_-logo/000046.jpg,000046.jpg,800,800,2025-10-04T20:10:10Z
2274feed791975331f3379214927dc215e633c9a,stout,bing,,/Users/ivantyshchenko/Projects/Python/Neural-Beer/data/raw/bing/stout/dry_stout_guinness_style_pint_with_foam_-bottle_-can_-logo/000052.jpg,000052.jpg,1024,1024,2025-10-04T20:10:10Z
d62cefa3f523c83898dd3a6b3f17718fb2ce2aa3,stout,bing,,/Users/ivantyshchenko/Projects/Python/Neural-Beer/data/raw/bing/stout/dry_stout_guinness_style_pint_with_foam_-bottle_-can_-logo/000053.jpg,000053.jpg,1200,1690,2025-10-04T20:10:10Z
0014a0cdd968a47cd7dfc777abd0bc7b17b3a12c,stout,bing,,/Users/ivantyshchenko/Projects/Python/Neural-Beer/data/raw/bing/stout/dry_stout_guinness_style_pint_with_foam_-bottle_-can_-logo/000056.jpg,000056.jpg,540,590,2025-10-04T20:10:10Z
ee5850b6769842cf409dfc82361bd9cc5f4c5329,stout,bing,,/Users/ivantyshchenko/Projects/Python/Neural-Beer/data/raw/bing/stout/dry_stout_guinness_style_pint_with_foam_-bottle_-can_-logo/000060.jpg,000060.jpg,1600,1157,2025-10-04T20:10:10Z
a3d18bd68e20b2dd5060a69d8d807710d6486f13,stout,bing,,/Users/ivantyshchenko/Projects/Python/Neural-Beer/data/raw/bing/stout/oatmeal_stout_smooth_dark_pint_glass_-bottle_-can_-logo/000006.jpg,000006.jpg,1000,1000,2025-10-04T20:10:44Z
8aeebd833e858b566f25d4f226e20caa5c3e3847,stout,bing,,/Users/ivantyshchenko/Projects/Python/Neural-Beer/data/raw/bing/stout/oatmeal_stout_smooth_dark_pint_glass_-bottle_-can_-logo/000026.jpg,000026.jpg,1936,2592,2025-10-04T20:10:44Z
238ef006e2baead582d38e00fa83f1d63b6600e4,stout,bing,,/Users/ivantyshchenko/Projects/Python/Neural-Beer/data/raw/bing/stout/oatmeal_stout_smooth_dark_pint_glass_-bottle_-can_-logo/000036.jpg,000036.jpg,866,1390,2025-10-04T20:10:44Z
264471714e5e06240413ef782decb41ac36b1d39,stout,bing,,/Users/ivantyshchenko/Projects/Python/Neural-Beer/data/raw/bing/stout/oatmeal_stout_smooth_dark_pint_glass_-bottle_-can_-logo/000049.jpg,000049.jpg,811,541,2025-10-04T20:10:44Z
eff599fe1861e3d1fb4a6e133a1c4eecdc9c52a7,stout,bing,,/Users/ivantyshchenko/Projects/Python/Neural-Beer/data/raw/bing/stout/oatmeal_stout_smooth_dark_pint_glass_-bottle_-can_-logo/000053.jpg,000053.jpg,664,1000,2025-10-04T20:10:44Z
e5dc3f661267fb5d1947f26e6129b24e5c321315,stout,bing,,/Users/ivantyshchenko/Projects/Python/Neural-Beer/data/raw/bing/stout/oatmeal_stout_smooth_dark_pint_glass_-bottle_-can_-logo/000058.jpg,000058.jpg,1487,908,2025-10-04T20:10:44Z
395d17c1acbcb570790ed685e2ebd6c64c751cc4,stout,bing,,/Users/ivantyshchenko/Projects/Python/Neural-Beer/data/raw/bing/stout/oatmeal_stout_smooth_dark_pint_glass_-bottle_-can_-logo/000060.jpg,000060.jpg,736,552,2025-10-04T20:10:44Z
75e6695549a928b1226e1fb77b4a287bd3981abb,stout,bing,,/Users/ivantyshchenko/Projects/Python/Neural-Beer/data/raw/bing/stout/oatmeal_stout_smooth_dark_pint_glass_-bottle_-can_-logo/000064.jpg,000064.jpg,1024,768,2025-10-04T20:10:44Z
a4b1a4f5a903ccccc63eddfc93bed23946f9bb41,stout,bing,,/Users/ivantyshchenko/Projects/Python/Neural-Beer/data/raw/bing/stout/oatmeal_stout_smooth_dark_pint_glass_-bottle_-can_-logo/000067.jpg,000067.jpg,975,1390,2025-10-04T20:10:44Z
764b492b6adf90c86a9eaf1315cb33ff66484a43,porter,bing,,/Users/ivantyshchenko/Projects/Python/Neural-Beer/data/raw/bing/porter/porter_beer_nonic_pint_ruby_highlights_-bottle_-can_-logo_-mockup/000017.jpg,000017.jpg,1600,994,2025-10-04T20:11:22Z
5769412b34e92006ba1a3a194a37313967139ba2,porter,bing,,/Users/ivantyshchenko/Projects/Python/Neural-Beer/data/raw/bing/porter/porter_beer_nonic_pint_ruby_highlights_-bottle_-can_-logo_-mockup/000041.jpg,000041.jpg,1280,720,2025-10-04T20:11:22Z
d96f355eae5fe25072cb521b21d0226e6bd8dcfb,porter,bing,,/Users/ivantyshchenko/Projects/Python/Neural-Beer/data/raw/bing/porter/porter_beer_nonic_pint_ruby_highlights_-bottle_-can_-logo_-mockup/000048.jpg,000048.jpg,1600,1067,2025-10-04T20:11:22Z
c33467d1b42674b6e2aae3e7d8aaa221f9e43085,porter,bing,,/Users/ivantyshchenko/Projects/Python/Neural-Beer/data/raw/bing/porter/robust_porter_in_glass_bar_lighting_-bottle_-can_-logo/000009.jpg,000009.jpg,736,920,2025-10-04T20:12:01Z
2212ad6bff49f0bfb5661c95e785d49f059f10a5,porter,bing,,/Users/ivantyshchenko/Projects/Python/Neural-Beer/data/raw/bing/porter/robust_porter_in_glass_bar_lighting_-bottle_-can_-logo/000013.jpg,000013.jpg,600,600,2025-10-04T20:12:01Z
a1202db35370f06f41054cfc998dc1079c8a4499,porter,bing,,/Users/ivantyshchenko/Projects/Python/Neural-Beer/data/raw/bing/porter/robust_porter_in_glass_bar_lighting_-bottle_-can_-logo/000016.jpg,000016.jpg,2500,1666,2025-10-04T20:12:01Z
1260c5de7e6e9326b0ea001f7789957894450906,porter,bing,,/Users/ivantyshchenko/Projects/Python/Neural-Beer/data/raw/bing/porter/robust_porter_in_glass_bar_lighting_-bottle_-can_-logo/000035.jpg,000035.jpg,800,533,2025-10-04T20:12:01Z
5a0c0b64f78cac7e610af0e71ed26670bb45a855,porter,bing,,/Users/ivantyshchenko/Projects/Python/Neural-Beer/data/raw/bing/porter/robust_porter_in_glass_bar_lighting_-bottle_-can_-logo/000041.jpg,000041.jpg,1080,1080,2025-10-04T20:12:01Z
2e9d010f589020b7f7e1b5c25a5ffaf0c4f2552c,porter,bing,,/Users/ivantyshchenko/Projects/Python/Neural-Beer/data/raw/bing/porter/robust_porter_in_glass_bar_lighting_-bottle_-can_-logo/000042.jpg,000042.jpg,736,736,2025-10-04T20:12:01Z
f37cab7647ef6c09933762fe3c5b21272f4ed1e3,porter,bing,,/Users/ivantyshchenko/Projects/Python/Neural-Beer/data/raw/bing/porter/robust_porter_in_glass_bar_lighting_-bottle_-can_-logo/000043.jpg,000043.jpg,1000,667,2025-10-04T20:12:01Z
243426cdc86622777c36d99be34ed668bac2d859,porter,bing,,/Users/ivantyshchenko/Projects/Python/Neural-Beer/data/raw/bing/porter/robust_porter_in_glass_bar_lighting_-bottle_-can_-logo/000048.jpg,000048.jpg,800,619,2025-10-04T20:12:01Z
d5aa6d08029d003981bac68aa53a890189704e68,porter,bing,,/Users/ivantyshchenko/Projects/Python/Neural-Beer/data/raw/bing/porter/robust_porter_in_glass_bar_lighting_-bottle_-can_-logo/000049.jpg,000049.jpg,838,1200,2025-10-04T20:12:01Z
97d8dc54d4454f62fe9ebab1ce77f81d5950af57,porter,bing,,/Users/ivantyshchenko/Projects/Python/Neural-Beer/data/raw/bing/porter/robust_porter_in_glass_bar_lighting_-bottle_-can_-logo/000050.jpg,000050.jpg,800,640,2025-10-04T20:12:01Z
1f6d18262871377cd86b71c406a2cc2cc859fadf,porter,bing,,/Users/ivantyshchenko/Projects/Python/Neural-Beer/data/raw/bing/porter/robust_porter_in_glass_bar_lighting_-bottle_-can_-logo/000056.jpg,000056.jpg,736,920,2025-10-04T20:12:01Z
eb4a9195733ba029288e574e4c4bb7726d0e9829,porter,bing,,/Users/ivantyshchenko/Projects/Python/Neural-Beer/data/raw/bing/porter/robust_porter_in_glass_bar_lighting_-bottle_-can_-logo/000058.jpg,000058.jpg,650,650,2025-10-04T20:12:01Z
907b4b2378e9128ac40d5424c0fdf0753205454e,porter,bing,,/Users/ivantyshchenko/Projects/Python/Neural-Beer/data/raw/bing/porter/robust_porter_in_glass_bar_lighting_-bottle_-can_-logo/000060.jpg,000060.jpg,676,676,2025-10-04T20:12:01Z
81215c07253b2bf296ace753a013c09305b917eb,porter,bing,,/Users/ivantyshchenko/Projects/Python/Neural-Beer/data/raw/bing/porter/robust_porter_in_glass_bar_lighting_-bottle_-can_-logo/000062.jpg,000062.jpg,600,600,2025-10-04T20:12:01Z
74338fb2c7c3a9193a542e9edfa67d458119efa1,porter,bing,,/Users/ivantyshchenko/Projects/Python/Neural-Beer/data/raw/bing/porter/brown_porter_in_pint_smooth_head_-bottle_-can_-logo/000048.jpg,000048.jpg,1280,720,2025-10-04T20:12:43Z
d137bd1a2c63644e8e627f964d47f81ce81d0652,porter,bing,,/Users/ivantyshchenko/Projects/Python/Neural-Beer/data/raw/bing/porter/brown_porter_in_pint_smooth_head_-bottle_-can_-logo/000053.jpg,000053.jpg,1652,1652,2025-10-04T20:12:43Z
b1cbd0bfcc486c8418c8a14307f13a79d5084cfb,porter,bing,,/Users/ivantyshchenko/Projects/Python/Neural-Beer/data/raw/bing/porter/brown_porter_in_pint_smooth_head_-bottle_-can_-logo/000054.jpg,000054.jpg,1000,635,2025-10-04T20:12:43Z
c7374ae91d2b51c12bdb43889628d2059c6c84ae,porter,bing,,/Users/ivantyshchenko/Projects/Python/Neural-Beer/data/raw/bing/porter/brown_porter_in_pint_smooth_head_-bottle_-can_-logo/000057.jpg,000057.jpg,1000,1000,2025-10-04T20:12:43Z
d019e2f272f84215115d03d2f3fcfa1382dbf7fa,porter,bing,,/Users/ivantyshchenko/Projects/Python/Neural-Beer/data/raw/bing/porter/brown_porter_in_pint_smooth_head_-bottle_-can_-logo/000059.jpg,000059.jpg,2612,3584,2025-10-04T20:12:43Z
47b619c077533ea407f83019ead7cbd936b34e77,porter,bing,,/Users/ivantyshchenko/Projects/Python/Neural-Beer/data/raw/bing/porter/brown_porter_in_pint_smooth_head_-bottle_-can_-logo/000062.jpg,000062.jpg,1024,768,2025-10-04T20:12:43Z
5e5ff339a72fa338bdfb12460aba545cc17f73fe,porter,bing,,/Users/ivantyshchenko/Projects/Python/Neural-Beer/data/raw/bing/porter/baltic_porter_strong_dark_snifter_glass_-bottle_-can_-logo/000043.jpg,000043.jpg,873,873,2025-10-04T20:13:20Z
f7a503f2a3ba5372c0988fb102c71f11425c0083,porter,bing,,/Users/ivantyshchenko/Projects/Python/Neural-Beer/data/raw/bing/porter/baltic_porter_strong_dark_snifter_glass_-bottle_-can_-logo/000048.jpg,000048.jpg,1300,956,2025-10-04T20:13:20Z
ad7040be9602bc5770b229e4f7df715ccd96716e,porter,bing,,/Users/ivantyshchenko/Projects/Python/Neural-Beer/data/raw/bing/porter/baltic_porter_strong_dark_snifter_glass_-bottle_-can_-logo/000053.jpg,000053.jpg,1600,1290,2025-10-04T20:13:20Z
ba214be8d9a53662a6df2d249cf2277cc29a5b50,porter,bing,,/Users/ivantyshchenko/Projects/Python/Neural-Beer/data/raw/bing/porter/baltic_porter_strong_dark_snifter_glass_-bottle_-can_-logo/000058.jpg,000058.jpg,1600,1690,2025-10-04T20:13:20Z
1094ce98d504de4c2592f4d934cf8b6fc93444bd,porter,bing,,/Users/ivantyshchenko/Projects/Python/Neural-Beer/data/raw/bing/porter/porter_beer_amber_brown_pub_draft_-bottle_-can_-logo/000008.jpg,000008.jpg,1024,683,2025-10-04T20:14:04Z
25bb542b1532a844de6d92f6788e85c84eab34b0,porter,bing,,/Users/ivantyshchenko/Projects/Python/Neural-Beer/data/raw/bing/porter/porter_beer_amber_brown_pub_draft_-bottle_-can_-logo/000009.jpg,000009.jpg,1578,2357,2025-10-04T20:14:04Z
76003b8430b08f3ebca569e34a59452a0e27dcb4,porter,bing,,/Users/ivantyshchenko/Projects/Python/Neural-Beer/data/raw/bing/porter/porter_beer_amber_brown_pub_draft_-bottle_-can_-logo/000044.jpg,000044.jpg,736,1104,2025-10-04T20:14:04Z
0fa5904a0f6ee3a5bd743803e04a1eaf892ea966,porter,bing,,/Users/ivantyshchenko/Projects/Python/Neural-Beer/data/raw/bing/porter/porter_beer_amber_brown_pub_draft_-bottle_-can_-logo/000055.jpg,000055.jpg,792,650,2025-10-04T20:14:04Z
9efafb67ca9f51e1f66bd4d503ac1e62fe705d41,porter,bing,,/Users/ivantyshchenko/Projects/Python/Neural-Beer/data/raw/bing/porter/porter_beer_amber_brown_pub_draft_-bottle_-can_-logo/000059.jpg,000059.jpg,846,1024,2025-10-04T20:14:04Z
2a4de7766f4e704664c4d1fd5745f68c9086b674,porter,bing,,/Users/ivantyshchenko/Projects/Python/Neural-Beer/data/raw/bing/porter/porter_beer_amber_brown_pub_draft_-bottle_-can_-logo/000072.jpg,000072.jpg,1300,1390,2025-10-04T20:14:04Z
1131631f484adcd612dea38ae6491099182f8a86,porter,bing,,/Users/ivantyshchenko/Projects/Python/Neural-Beer/data/raw/bing/porter/porter_beer_amber_brown_pub_draft_-bottle_-can_-logo/000073.jpg,000073.jpg,860,600,2025-10-04T20:14:04Z
cc0a4ee21a60441f145ad851295af91fa98cf4e0,sour,bing,,/Users/ivantyshchenko/Projects/Python/Neural-Beer/data/raw/bing/sour/sour_beer_bright_color_in_tulip_glass_-bottle_-can_-logo_-mockup/000018.jpg,000018.jpg,626,626,2025-10-04T20:14:28Z
fc42c8cf4d06c924d50e7ed6dbeb9d84ddc32b4c,sour,bing,,/Users/ivantyshchenko/Projects/Python/Neural-Beer/data/raw/bing/sour/sour_beer_bright_color_in_tulip_glass_-bottle_-can_-logo_-mockup/000021.jpg,000021.jpg,626,626,2025-10-04T20:14:28Z
ffa1714a78ef8cb9895f758a6573baa416f0375d,sour,bing,,/Users/ivantyshchenko/Projects/Python/Neural-Beer/data/raw/bing/sour/sour_beer_bright_color_in_tulip_glass_-bottle_-can_-logo_-mockup/000028.jpg,000028.jpg,1068,1690,2025-10-04T20:14:28Z
1b6330b4330a6063eefdf6c53918d60122f171ce,sour,bing,,/Users/ivantyshchenko/Projects/Python/Neural-Beer/data/raw/bing/sour/sour_beer_bright_color_in_tulip_glass_-bottle_-can_-logo_-mockup/000063.jpg,000063.jpg,586,900,2025-10-04T20:14:28Z
3e54d7fda5dc967f2f777f77b3d04ad55d99bea8,sour,bing,,/Users/ivantyshchenko/Projects/Python/Neural-Beer/data/raw/bing/sour/sour_beer_bright_color_in_tulip_glass_-bottle_-can_-logo_-mockup/000064.jpg,000064.jpg,963,1200,2025-10-04T20:14:28Z
9e029aba55cacbf2017636344845b2130d49d89d,sour,bing,,/Users/ivantyshchenko/Projects/Python/Neural-Beer/data/raw/bing/sour/sour_beer_bright_color_in_tulip_glass_-bottle_-can_-logo_-mockup/000065.jpg,000065.jpg,800,800,2025-10-04T20:14:28Z
b158e993d1023941bcbc5410654d6034e3c27530,sour,bing,,/Users/ivantyshchenko/Projects/Python/Neural-Beer/data/raw/bing/sour/sour_beer_bright_color_in_tulip_glass_-bottle_-can_-logo_-mockup/000077.jpg,000077.jpg,600,600,2025-10-04T20:14:28Z
fdb06ca021e99a60227f8ea7d7980b0aeb362647,sour,bing,,/Users/ivantyshchenko/Projects/Python/Neural-Beer/data/raw/bing/sour/sour_beer_bright_color_in_tulip_glass_-bottle_-can_-logo_-mockup/000080.jpg,000080.jpg,963,1200,2025-10-04T20:14:28Z
52948ef16931ebc2051f4985c2a08f405c8ae81e,sour,bing,,/Users/ivantyshchenko/Projects/Python/Neural-Beer/data/raw/bing/sour/sour_beer_bright_color_in_tulip_glass_-bottle_-can_-logo_-mockup/000083.jpg,000083.jpg,800,600,2025-10-04T20:14:28Z
41aaecea93d5bb9061002304078b3575f8112c09,sour,bing,,/Users/ivantyshchenko/Projects/Python/Neural-Beer/data/raw/bing/sour/fruited_sour_raspberry_cherry_teku_glass_-bottle_-can_-logo/000016.jpg,000016.jpg,1200,1200,2025-10-04T20:15:08Z
d6205b637c74686a324c8ff1480f88ea958e5d96,sour,bing,,/Users/ivantyshchenko/Projects/Python/Neural-Beer/data/raw/bing/sour/fruited_sour_raspberry_cherry_teku_glass_-bottle_-can_-logo/000024.jpg,000024.jpg,1300,956,2025-10-04T20:15:08Z
90dbe8d980ad9df9ca011de33830d09ee1e9db82,sour,bing,,/Users/ivantyshchenko/Projects/Python/Neural-Beer/data/raw/bing/sour/fruited_sour_raspberry_cherry_teku_glass_-bottle_-can_-logo/000039.jpg,000039.jpg,1300,953,2025-10-04T20:15:08Z
5c52700582211500e0d8e4e1c2b327e754ed77db,sour,bing,,/Users/ivantyshchenko/Projects/Python/Neural-Beer/data/raw/bing/sour/fruited_sour_raspberry_cherry_teku_glass_-bottle_-can_-logo/000051.jpg,000051.jpg,1200,1690,2025-10-04T20:15:08Z
0e62764f6cb12d61af0362c8f036c8386aa314ef,sour,bing,,/Users/ivantyshchenko/Projects/Python/Neural-Beer/data/raw/bing/sour/fruited_sour_raspberry_cherry_teku_glass_-bottle_-can_-logo/000053.jpg,000053.jpg,596,900,2025-10-04T20:15:08Z
35bf9297359cc7a19868b0b1097b235f9a1dd6aa,sour,bing,,/Users/ivantyshchenko/Projects/Python/Neural-Beer/data/raw/bing/sour/fruited_sour_raspberry_cherry_teku_glass_-bottle_-can_-logo/000065.jpg,000065.jpg,800,534,2025-10-04T20:15:09Z
fd08538f624c844e75a153fcb65c103d829bd99d,sour,bing,,/Users/ivantyshchenko/Projects/Python/Neural-Beer/data/raw/bing/sour/fruited_sour_raspberry_cherry_teku_glass_-bottle_-can_-logo/000066.jpg,000066.jpg,675,900,2025-10-04T20:15:09Z
511fc0266e037149b38a2d40ab0e28d4f6295653,sour,bing,,/Users/ivantyshchenko/Projects/Python/Neural-Beer/data/raw/bing/sour/fruited_sour_raspberry_cherry_teku_glass_-bottle_-can_-logo/000080.jpg,000080.jpg,1536,1536,2025-10-04T20:15:09Z
2d3e1b684059e16a7c8bf2508daa018b12190dde,sour,bing,,/Users/ivantyshchenko/Projects/Python/Neural-Beer/data/raw/bing/sour/fruited_sour_raspberry_cherry_teku_glass_-bottle_-can_-logo/000081.jpg,000081.jpg,736,828,2025-10-04T20:15:09Z
7a15e7efde6550233042c5acfb0988d2d256372e,sour,bing,,/Users/ivantyshchenko/Projects/Python/Neural-Beer/data/raw/bing/sour/fruited_sour_raspberry_cherry_teku_glass_-bottle_-can_-logo/000082.jpg,000082.jpg,640,640,2025-10-04T20:15:09Z
f63cc5b822d00a52e30246e002f0cadae68a8484,sour,bing,,/Users/ivantyshchenko/Projects/Python/Neural-Beer/data/raw/bing/sour/fruited_sour_raspberry_cherry_teku_glass_-bottle_-can_-logo/000087.jpg,000087.jpg,564,651,2025-10-04T20:15:09Z
11838997bd1c26ca5c192ac2fd0c43d6dc9e630f,sour,bing,,/Users/ivantyshchenko/Projects/Python/Neural-Beer/data/raw/bing/sour/fruited_sour_raspberry_cherry_teku_glass_-bottle_-can_-logo/000088.jpg,000088.jpg,2560,1707,2025-10-04T20:15:09Z
705f6783e8236c275cd29823a5ca87d8bb0a9c6b,sour,bing,,/Users/ivantyshchenko/Projects/Python/Neural-Beer/data/raw/bing/sour/fruited_sour_raspberry_cherry_teku_glass_-bottle_-can_-logo/000090.jpg,000090.jpg,736,736,2025-10-04T20:15:09Z
f5c1001f053c5c36c71a69a475a827dcaa6d7132,sour,bing,,/Users/ivantyshchenko/Projects/Python/Neural-Beer/data/raw/bing/sour/fruited_sour_raspberry_cherry_teku_glass_-bottle_-can_-logo/000091.jpg,000091.jpg,736,555,2025-10-04T20:15:09Z
2debd06e89ed8819e193a17631f3dcf04f8e092c,sour,bing,,/Users/ivantyshchenko/Projects/Python/Neural-Beer/data/raw/bing/sour/kettle_sour_golden_in_goblet_foam_-bottle_-can_-logo/000014.jpg,000014.jpg,3024,4032,2025-10-04T20:15:41Z
2c9f6c7bbbc58e0351c675d4cff3b564c08635a7,sour,bing,,/Users/ivantyshchenko/Projects/Python/Neural-Beer/data/raw/bing/sour/kettle_sour_golden_in_goblet_foam_-bottle_-can_-logo/000036.jpg,000036.jpg,1500,843,2025-10-04T20:15:41Z
d91084b6813f9448a0055e880d78bc6c7fb56f87,sour,bing,,/Users/ivantyshchenko/Projects/Python/Neural-Beer/data/raw/bing/sour/kettle_sour_golden_in_goblet_foam_-bottle_-can_-logo/000049.jpg,000049.jpg,2000,2000,2025-10-04T20:15:41Z
b1daaa68f9897d93818e3ef8f1a7aa51c1c84984,sour,bing,,/Users/ivantyshchenko/Projects/Python/Neural-Beer/data/raw/bing/sour/kettle_sour_golden_in_goblet_foam_-bottle_-can_-logo/000054.jpg,000054.jpg,798,795,2025-10-04T20:15:41Z
ea8a1bbce6984b328be8de4cde39692edb39252c,sour,bing,,/Users/ivantyshchenko/Projects/Python/Neural-Beer/data/raw/bing/sour/kettle_sour_golden_in_goblet_foam_-bottle_-can_-logo/000056.jpg,000056.jpg,1300,956,2025-10-04T20:15:41Z
82c2fcca5f9246ee979bb590635262cd5e587716,sour,bing,,/Users/ivantyshchenko/Projects/Python/Neural-Beer/data/raw/bing/sour/kettle_sour_golden_in_goblet_foam_-bottle_-can_-logo/000063.jpg,000063.jpg,1470,980,2025-10-04T20:15:41Z
c0efbbaad6255b59c32a75b05ddec69d7fffd255,sour,bing,,/Users/ivantyshchenko/Projects/Python/Neural-Beer/data/raw/bing/sour/kettle_sour_golden_in_goblet_foam_-bottle_-can_-logo/000065.jpg,000065.jpg,1200,1200,2025-10-04T20:15:41Z
67d27948e3b5b03a88233028c0f313fa27d8fbb1,sour,bing,,/Users/ivantyshchenko/Projects/Python/Neural-Beer/data/raw/bing/sour/kettle_sour_golden_in_goblet_foam_-bottle_-can_-logo/000067.jpg,000067.jpg,1300,1390,2025-10-04T20:15:41Z
0064788139bdeaf80a92425b6e09d7f81def3490,sour,bing,,/Users/ivantyshchenko/Projects/Python/Neural-Beer/data/raw/bing/sour/kettle_sour_golden_in_goblet_foam_-bottle_-can_-logo/000068.jpg,000068.jpg,1920,1280,2025-10-04T20:15:41Z
246be52f77a9b9a5e8cfa3abc82343b73891d4fa,sour,bing,,/Users/ivantyshchenko/Projects/Python/Neural-Beer/data/raw/bing/sour/kettle_sour_golden_in_goblet_foam_-bottle_-can_-logo/000070.jpg,000070.jpg,1470,980,2025-10-04T20:15:41Z
e00a2b2cb97495f061ad65be1b20fe1a906831e8,sour,bing,,/Users/ivantyshchenko/Projects/Python/Neural-Beer/data/raw/bing/sour/kettle_sour_golden_in_goblet_foam_-bottle_-can_-logo/000072.jpg,000072.jpg,1920,1280,2025-10-04T20:15:41Z
cf8f3328802dcb187be8004720a50a501a216d7e,sour,bing,,/Users/ivantyshchenko/Projects/Python/Neural-Beer/data/raw/bing/sour/kettle_sour_golden_in_goblet_foam_-bottle_-can_-logo/000073.jpg,000073.jpg,1470,980,2025-10-04T20:15:41Z
71ff83edb08c75ee436cfb6a6262278bcfd4cdaa,sour,bing,,/Users/ivantyshchenko/Projects/Python/Neural-Beer/data/raw/bing/sour/kettle_sour_golden_in_goblet_foam_-bottle_-can_-logo/000074.jpg,000074.jpg,1470,980,2025-10-04T20:15:41Z
3b1c69ab55e54988bcea8828d434937c9eefc1b7,sour,bing,,/Users/ivantyshchenko/Projects/Python/Neural-Beer/data/raw/bing/sour/kettle_sour_golden_in_goblet_foam_-bottle_-can_-logo/000078.jpg,000078.jpg,710,756,2025-10-04T20:15:41Z
718adca4af2ad611ce9f2439beceda1f3150e2a8,sour,bing,,/Users/ivantyshchenko/Projects/Python/Neural-Beer/data/raw/bing/sour/kettle_sour_golden_in_goblet_foam_-bottle_-can_-logo/000079.jpg,000079.jpg,1500,1099,2025-10-04T20:15:41Z
398d910bcbfbc9e16d28371de5373d7c4d563a00,sour,bing,,/Users/ivantyshchenko/Projects/Python/Neural-Beer/data/raw/bing/sour/kettle_sour_golden_in_goblet_foam_-bottle_-can_-logo/000082.jpg,000082.jpg,1920,1920,2025-10-04T20:15:41Z
839fab5288ac3e10764344e780e6736bc98b789e,sour,bing,,/Users/ivantyshchenko/Projects/Python/Neural-Beer/data/raw/bing/sour/kettle_sour_golden_in_goblet_foam_-bottle_-can_-logo/000084.jpg,000084.jpg,1920,1280,2025-10-04T20:15:41Z
5fff2db02fc4d642e89511753853ac75e617f767,sour,bing,,/Users/ivantyshchenko/Projects/Python/Neural-Beer/data/raw/bing/sour/kettle_sour_golden_in_goblet_foam_-bottle_-can_-logo/000085.jpg,000085.jpg,1470,980,2025-10-04T20:15:41Z
3801edc7529de1070b78b5679916668647b39cde,sour,bing,,/Users/ivantyshchenko/Projects/Python/Neural-Beer/data/raw/bing/sour/berliner_weisse_style_sour_colorful_glass_-bottle_-can_-logo/000014.jpg,000014.jpg,1280,720,2025-10-04T20:16:25Z
f21ab3bb5e36ef0737a6a2f09a73760c624a031a,sour,bing,,/Users/ivantyshchenko/Projects/Python/Neural-Beer/data/raw/bing/sour/berliner_weisse_style_sour_colorful_glass_-bottle_-can_-logo/000016.jpg,000016.jpg,1300,1064,2025-10-04T20:16:25Z
d6079396323386d8968b2def77c4c4df3dd6d13f,sour,bing,,/Users/ivantyshchenko/Projects/Python/Neural-Beer/data/raw/bing/sour/berliner_weisse_style_sour_colorful_glass_-bottle_-can_-logo/000017.jpg,000017.jpg,800,933,2025-10-04T20:16:25Z
0617ad2a35463c48d48f33a8e2768eede616b33f,sour,bing,,/Users/ivantyshchenko/Projects/Python/Neural-Beer/data/raw/bing/sour/berliner_weisse_style_sour_colorful_glass_-bottle_-can_-logo/000020.jpg,000020.jpg,600,594,2025-10-04T20:16:25Z
bb8cb34bb176e2e66030dc3a074aded10c71af27,sour,bing,,/Users/ivantyshchenko/Projects/Python/Neural-Beer/data/raw/bing/sour/berliner_weisse_style_sour_colorful_glass_-bottle_-can_-logo/000024.jpg,000024.jpg,716,943,2025-10-04T20:16:25Z
2b592ac216c9fc69a3e615ddc822b176bc06de0e,sour,bing,,/Users/ivantyshchenko/Projects/Python/Neural-Beer/data/raw/bing/sour/berliner_weisse_style_sour_colorful_glass_-bottle_-can_-logo/000038.jpg,000038.jpg,1795,1795,2025-10-04T20:16:25Z
952bed02aebec645d73586b18e41dd36952a210b,sour,bing,,/Users/ivantyshchenko/Projects/Python/Neural-Beer/data/raw/bing/sour/berliner_weisse_style_sour_colorful_glass_-bottle_-can_-logo/000039.jpg,000039.jpg,2400,1200,2025-10-04T20:16:25Z
c128aa4f92c5089ce005e4a7fcf3791351968838,sour,bing,,/Users/ivantyshchenko/Projects/Python/Neural-Beer/data/raw/bing/sour/berliner_weisse_style_sour_colorful_glass_-bottle_-can_-logo/000040.jpg,000040.jpg,863,1390,2025-10-04T20:16:25Z
2a5734afd7252714057f5610069e7ad5a8117025,sour,bing,,/Users/ivantyshchenko/Projects/Python/Neural-Beer/data/raw/bing/sour/berliner_weisse_style_sour_colorful_glass_-bottle_-can_-logo/000041.jpg,000041.jpg,1944,1296,2025-10-04T20:16:25Z
279bcf1aee95e10b677d504d9fd948921e1f7ce9,sour,bing,,/Users/ivantyshchenko/Projects/Python/Neural-Beer/data/raw/bing/sour/berliner_weisse_style_sour_colorful_glass_-bottle_-can_-logo/000043.jpg,000043.jpg,720,540,2025-10-04T20:16:25Z
1c91e76d93c777522af1ba2daa4dccac1c0acd21,sour,bing,,/Users/ivantyshchenko/Projects/Python/Neural-Beer/data/raw/bing/sour/berliner_weisse_style_sour_colorful_glass_-bottle_-can_-logo/000045.jpg,000045.jpg,1300,1005,2025-10-04T20:16:25Z
30174283a0c5ac4b6a7fdc4ddfeb4e5825f6ef9c,sour,bing,,/Users/ivantyshchenko/Projects/Python/Neural-Beer/data/raw/bing/sour/berliner_weisse_style_sour_colorful_glass_-bottle_-can_-logo/000048.jpg,000048.jpg,600,528,2025-10-04T20:16:25Z
2e4e0c4f3d5ede6d45d02496c93c35ba511ddadd,sour,bing,,/Users/ivantyshchenko/Projects/Python/Neural-Beer/data/raw/bing/sour/berliner_weisse_style_sour_colorful_glass_-bottle_-can_-logo/000049.jpg,000049.jpg,600,800,2025-10-04T20:16:25Z
a04f699e92a0e5297c4d4291ab1c23f50ee281c3,sour,bing,,/Users/ivantyshchenko/Projects/Python/Neural-Beer/data/raw/bing/sour/berliner_weisse_style_sour_colorful_glass_-bottle_-can_-logo/000050.jpg,000050.jpg,1367,2160,2025-10-04T20:16:25Z
7ed6478256bede9c2f4cc39a64543a42c018a463,sour,bing,,/Users/ivantyshchenko/Projects/Python/Neural-Beer/data/raw/bing/sour/berliner_weisse_style_sour_colorful_glass_-bottle_-can_-logo/000057.jpg,000057.jpg,2263,2160,2025-10-04T20:16:25Z
479e3a4fa2c80bdfb4df2398b62f7438e2011fa6,sour,bing,,/Users/ivantyshchenko/Projects/Python/Neural-Beer/data/raw/bing/sour/wild_ale_sour_rustic_tulip_teku_-bottle_-can_-logo/000032.jpg,000032.jpg,750,600,2025-10-04T20:17:06Z
82611d41777643b7844058359bf5d0fa9c0f6e8d,sour,bing,,/Users/ivantyshchenko/Projects/Python/Neural-Beer/data/raw/bing/sour/wild_ale_sour_rustic_tulip_teku_-bottle_-can_-logo/000037.jpg,000037.jpg,2158,2544,2025-10-04T20:17:06Z
17887ac983ff7a053e0ca7931519a6e291121e99,sour,bing,,/Users/ivantyshchenko/Projects/Python/Neural-Beer/data/raw/bing/sour/wild_ale_sour_rustic_tulip_teku_-bottle_-can_-logo/000049.jpg,000049.jpg,800,800,2025-10-04T20:17:06Z
e2c393ec1f4de3e6c3503059facd637762d3713e,sour,bing,,/Users/ivantyshchenko/Projects/Python/Neural-Beer/data/raw/bing/sour/wild_ale_sour_rustic_tulip_teku_-bottle_-can_-logo/000051.jpg,000051.jpg,1300,959,2025-10-04T20:17:06Z
350fff0818e6fec44598be22b25c113b14b592b5,sour,bing,,/Users/ivantyshchenko/Projects/Python/Neural-Beer/data/raw/bing/sour/wild_ale_sour_rustic_tulip_teku_-bottle_-can_-logo/000052.jpg,000052.jpg,1300,959,2025-10-04T20:17:06Z
2dc25f01bd9d4878101c05a3ada9c187f4b73d81,sour,bing,,/Users/ivantyshchenko/Projects/Python/Neural-Beer/data/raw/bing/sour/wild_ale_sour_rustic_tulip_teku_-bottle_-can_-logo/000055.jpg,000055.jpg,827,960,2025-10-04T20:17:06Z
55a1b2aa4fb2f50163da25a1fa53f4fed2d9c5c1,sour,bing,,/Users/ivantyshchenko/Projects/Python/Neural-Beer/data/raw/bing/sour/wild_ale_sour_rustic_tulip_teku_-bottle_-can_-logo/000059.jpg,000059.jpg,1000,612,2025-10-04T20:17:06Z
cca361628786ff71a8b875e671ad4fef48af6d9c,lager,bing,,/Users/ivantyshchenko/Projects/Python/Neural-Beer/data/raw/bing/lager/lager_beer_in_glass_at_bar_-bottle_-can_-logo_-mockup_-illustration/000116.jpg,000116.jpg,942,1390,2025-10-05T08:54:01Z
062ba561215fb0ea285002145c6e91b346244366,lager,bing,,/Users/ivantyshchenko/Projects/Python/Neural-Beer/data/raw/bing/lager/lager_beer_in_glass_at_bar_-bottle_-can_-logo_-mockup_-illustration/000120.jpg,000120.jpg,853,569,2025-10-05T08:54:01Z
ecbd3cfa7ace07e31e1b7750d2a233c9160d69f8,lager,bing,,/Users/ivantyshchenko/Projects/Python/Neural-Beer/data/raw/bing/lager/lager_beer_in_glass_at_bar_-bottle_-can_-logo_-mockup_-illustration/000123.jpg,000123.jpg,1000,1278,2025-10-05T08:54:01Z
0316de74ff82715e9f7da61a66e98ded6fd92067,lager,bing,,/Users/ivantyshchenko/Projects/Python/Neural-Beer/data/raw/bing/lager/helles_lager_in_seidel_mug_pub_draft_-bottle_-can_-logo/000044.jpg,000044.jpg,600,600,2025-10-05T08:55:39Z
f0941fe0ae75447a1e1ed1c62a9aac7c174db59e,lager,bing,,/Users/ivantyshchenko/Projects/Python/Neural-Beer/data/raw/bing/lager/golden_lager_on_tap_pint_glass_foam_head_-bottle_-can_-logo/000073.jpg,000073.jpg,626,626,2025-10-05T08:56:44Z
66773aaaaff11acb1a546a44a573f5effdc9096d,lager,bing,,/Users/ivantyshchenko/Projects/Python/Neural-Beer/data/raw/bing/lager/lager_beer_in_glass_at_bar_-bottle_-can_-logo_-mockup_-illustration/000127.jpg,000127.jpg,600,600,2025-10-05T08:57:08Z
7206dd1145590873b2572dd31e8a8f99ef683dd8,wheat,bing,,/Users/ivantyshchenko/Projects/Python/Neural-Beer/data/raw/bing/wheat/witbier_belgian_white_beer_tulip_glass_-bottle_-can_-logo/000017.jpg,000017.jpg,1000,1000,2025-10-05T09:00:18Z
3e9408a5163fd8f2dbd347cae27dad4f3216d1ec,wheat,bing,,/Users/ivantyshchenko/Projects/Python/Neural-Beer/data/raw/bing/wheat/witbier_belgian_white_beer_tulip_glass_-bottle_-can_-logo/000050.jpg,000050.jpg,665,665,2025-10-05T09:00:18Z
df0674004699196a00372a5121eba0e047a40458,wheat,bing,,/Users/ivantyshchenko/Projects/Python/Neural-Beer/data/raw/bing/wheat/witbier_belgian_white_beer_tulip_glass_-bottle_-can_-logo/000051.jpg,000051.jpg,622,900,2025-10-05T09:00:18Z
cc8fa777a091fd315f507fbb3cce9fcd1ccbbd9b,wheat,bing,,/Users/ivantyshchenko/Projects/Python/Neural-Beer/data/raw/bing/wheat/witbier_belgian_white_beer_tulip_glass_-bottle_-can_-logo/000063.jpg,000063.jpg,1262,1600,2025-10-05T09:00:18Z
870ca1d646ad2bb3bafb864a0ccc6f6c570a79f9,wheat,bing,,/Users/ivantyshchenko/Projects/Python/Neural-Beer/data/raw/bing/wheat/dunkelweizen_dark_wheat_beer_tall_glass_-bottle_-can_-logo/000063.jpg,000063.jpg,600,900,2025-10-05T09:00:38Z
8f54624e3a5840bb60e663b261af7d190ce10f9c,wheat,bing,,/Users/ivantyshchenko/Projects/Python/Neural-Beer/data/raw/bing/wheat/wheat_ale_hazy_golden_in_weizen_vase_-bottle_-can_-logo/000045.jpg,000045.jpg,600,600,2025-10-05T09:00:57Z
66d2088668b85c12f839ab1afdf0da0faa5f0c0f,wheat,bing,,/Users/ivantyshchenko/Projects/Python/Neural-Beer/data/raw/bing/wheat/wheat_ale_hazy_golden_in_weizen_vase_-bottle_-can_-logo/000083.jpg,000083.jpg,626,626,2025-10-05T09:00:57Z
59cbe5fc361924cf036804408b030e5e4d8d1650,ipa,bing,,/Users/ivantyshchenko/Projects/Python/Neural-Beer/data/raw/bing/ipa/ipa_beer_tulip_teku_glass_amber_hops_-bottle_-can_-logo_-mockup/000032.jpg,000032.jpg,1500,1000,2025-10-05T09:02:49Z
ca7b24499667a04b87fc51a27fe31d39d95f7dd9,ipa,bing,,/Users/ivantyshchenko/Projects/Python/Neural-Beer/data/raw/bing/ipa/ipa_beer_tulip_teku_glass_amber_hops_-bottle_-can_-logo_-mockup/000040.jpg,000040.jpg,1000,600,2025-10-05T09:02:49Z
377e685fc9ccb87535c032508213786e3790e901,ipa,bing,,/Users/ivantyshchenko/Projects/Python/Neural-Beer/data/raw/bing/ipa/ipa_beer_tulip_teku_glass_amber_hops_-bottle_-can_-logo_-mockup/000068.jpg,000068.jpg,736,736,2025-10-05T09:02:49Z
9fcecd1ea0ca1e04e660c324e065381a1f3be4c6,ipa,bing,,/Users/ivantyshchenko/Projects/Python/Neural-Beer/data/raw/bing/ipa/west_coast_ipa_clear_golden_nonic_pint_-bottle_-can_-logo/000039.jpg,000039.jpg,1300,1300,2025-10-05T09:03:11Z
677e0406e6d13335aab8e1b3e6999efbaa1dd098,ipa,bing,,/Users/ivantyshchenko/Projects/Python/Neural-Beer/data/raw/bing/ipa/west_coast_ipa_clear_golden_nonic_pint_-bottle_-can_-logo/000060.jpg,000060.jpg,768,512,2025-10-05T09:03:11Z
4d2f0dc61c607c091bec13795b36cd60950ec511,ipa,bing,,/Users/ivantyshchenko/Projects/Python/Neural-Beer/data/raw/bing/ipa/neipa_hazy_juicy_ipa_tulip_glass_-bottle_-can_-logo_-illustration/000062.jpg,000062.jpg,1140,761,2025-10-05T09:03:33Z
4c3fdf16b86966abe80b0d2c166126e3035e5d9e,ipa,bing,,/Users/ivantyshchenko/Projects/Python/Neural-Beer/data/raw/bing/ipa/double_ipa_dipa_in_snifter_glass_bar_-bottle_-can_-logo/000042.jpg,000042.jpg,1280,720,2025-10-05T09:04:03Z
4d1104c8cc7cb5322f3e8a9dee6565378d7deaab,ipa,bing,,/Users/ivantyshchenko/Projects/Python/Neural-Beer/data/raw/bing/ipa/double_ipa_dipa_in_snifter_glass_bar_-bottle_-can_-logo/000044.jpg,000044.jpg,3120,3900,2025-10-05T09:04:03Z
a2c866676ac9249e081a077be3ff1cb0b5b41a4c,ipa,bing,,/Users/ivantyshchenko/Projects/Python/Neural-Beer/data/raw/bing/ipa/double_ipa_dipa_in_snifter_glass_bar_-bottle_-can_-logo/000046.jpg,000046.jpg,655,683,2025-10-05T09:04:03Z
91946d93eaa63d5bce50f07617b03bd98ba1e07c,ipa,bing,,/Users/ivantyshchenko/Projects/Python/Neural-Beer/data/raw/bing/ipa/double_ipa_dipa_in_snifter_glass_bar_-bottle_-can_-logo/000049.jpg,000049.jpg,855,570,2025-10-05T09:04:03Z
6e267e19c22e9898fcaa49da8ffb31baac07b4e0,ipa,bing,,/Users/ivantyshchenko/Projects/Python/Neural-Beer/data/raw/bing/ipa/double_ipa_dipa_in_snifter_glass_bar_-bottle_-can_-logo/000050.jpg,000050.jpg,1280,720,2025-10-05T09:04:03Z
ce971d4656242b3eb072fe04565a5e775f5eba74,ipa,bing,,/Users/ivantyshchenko/Projects/Python/Neural-Beer/data/raw/bing/ipa/double_ipa_dipa_in_snifter_glass_bar_-bottle_-can_-logo/000055.jpg,000055.jpg,1242,2208,2025-10-05T09:04:03Z
b9389355542d6bc6a139cf7659c55b699c190005,ipa,bing,,/Users/ivantyshchenko/Projects/Python/Neural-Beer/data/raw/bing/ipa/double_ipa_dipa_in_snifter_glass_bar_-bottle_-can_-logo/000057.jpg,000057.jpg,2304,3456,2025-10-05T09:04:03Z
96d5f0fee4f122ab809ff2276360a2005aacc22a,ipa,bing,,/Users/ivantyshchenko/Projects/Python/Neural-Beer/data/raw/bing/ipa/session_ipa_light_crisp_shaker_pint_-bottle_-can_-logo/000036.jpg,000036.jpg,2000,2000,2025-10-05T09:04:30Z
a81bb10144b62e718c35b27a570929abb0cd7c2a,ipa,bing,,/Users/ivantyshchenko/Projects/Python/Neural-Beer/data/raw/bing/ipa/session_ipa_light_crisp_shaker_pint_-bottle_-can_-logo/000051.jpg,000051.jpg,800,800,2025-10-05T09:04:30Z
9bb509270929f6e05f82aba848fdab18c31a20f0,ipa,bing,,/Users/ivantyshchenko/Projects/Python/Neural-Beer/data/raw/bing/ipa/session_ipa_light_crisp_shaker_pint_-bottle_-can_-logo/000056.jpg,000056.jpg,800,1024,2025-10-05T09:04:30Z
73672cc778d2cab1535bcd7a98c3a5a6cb078653,ipa,bing,,/Users/ivantyshchenko/Projects/Python/Neural-Beer/data/raw/bing/ipa/double_ipa_dipa_in_snifter_glass_bar_-bottle_-can_-logo/000060.jpg,000060.jpg,750,688,2025-10-05T09:05:37Z
3a375632a26cf18a6bcedd036d8dfaf16f626364,ipa,bing,,/Users/ivantyshchenko/Projects/Python/Neural-Beer/data/raw/bing/ipa/session_ipa_light_crisp_shaker_pint_-bottle_-can_-logo/000059.jpg,000059.jpg,1000,1000,2025-10-05T09:05:57Z
0d0b9c089fb3ed81a706fb41b4ba939f5421234c,stout,bing,,/Users/ivantyshchenko/Projects/Python/Neural-Beer/data/raw/bing/stout/imperial_stout_dark_in_snifter_pub_-bottle_-can_-logo/000006.jpg,000006.jpg,900,600,2025-10-05T09:07:11Z
ed9b09157c1c47c28a80ebaf3142e0a0f33488bc,stout,bing,,/Users/ivantyshchenko/Projects/Python/Neural-Beer/data/raw/bing/stout/imperial_stout_dark_in_snifter_pub_-bottle_-can_-logo/000056.jpg,000056.jpg,720,720,2025-10-05T09:07:11Z
f38e03776dc01376673e2f53d973f151d7893d83,stout,bing,,/Users/ivantyshchenko/Projects/Python/Neural-Beer/data/raw/bing/stout/dry_stout_guinness_style_pint_with_foam_-bottle_-can_-logo/000051.jpg,000051.jpg,600,840,2025-10-05T09:08:10Z
fe404c977476b60ea8e0f92de744ed2eb5979cfa,stout,bing,,/Users/ivantyshchenko/Projects/Python/Neural-Beer/data/raw/bing/stout/dry_stout_guinness_style_pint_with_foam_-bottle_-can_-logo/000054.jpg,000054.jpg,1800,1800,2025-10-05T09:08:10Z
230bd980033546425fb0ea00e1fa055eb06ec67a,stout,bing,,/Users/ivantyshchenko/Projects/Python/Neural-Beer/data/raw/bing/stout/imperial_stout_dark_in_snifter_pub_-bottle_-can_-logo/000031.jpg,000031.jpg,800,1000,2025-10-05T09:09:28Z
39c4a94010eb199ce0e22be97a8525126fa5f6e9,stout,bing,,/Users/ivantyshchenko/Projects/Python/Neural-Beer/data/raw/bing/stout/milk_stout_nitro_cascading_pour_glass_-bottle_-can_-logo/000063.jpg,000063.jpg,600,800,2025-10-05T09:10:14Z
50b36965fb2c7a3b8f7a444d7639810e0631f6fe,porter,bing,,/Users/ivantyshchenko/Projects/Python/Neural-Beer/data/raw/bing/porter/porter_beer_nonic_pint_ruby_highlights_-bottle_-can_-logo_-mockup/000037.jpg,000037.jpg,600,600,2025-10-05T09:11:16Z
bcbb85846394a49de4fefb4057447bf91d064489,porter,bing,,/Users/ivantyshchenko/Projects/Python/Neural-Beer/data/raw/bing/porter/porter_beer_nonic_pint_ruby_highlights_-bottle_-can_-logo_-mockup/000056.jpg,000056.jpg,1000,1080,2025-10-05T09:11:16Z
7b268d31f283e74dc389645a7b9a88c596c46473,porter,bing,,/Users/ivantyshchenko/Projects/Python/Neural-Beer/data/raw/bing/porter/brown_porter_in_pint_smooth_head_-bottle_-can_-logo/000038.jpg,000038.jpg,1280,720,2025-10-05T09:12:15Z
03834f441ea81a0d2e79c93fb7b35dafe0ed5c66,porter,bing,,/Users/ivantyshchenko/Projects/Python/Neural-Beer/data/raw/bing/porter/brown_porter_in_pint_smooth_head_-bottle_-can_-logo/000061.jpg,000061.jpg,1000,562,2025-10-05T09:12:15Z
f42add965445e9d22b02b85770548fb31318d772,porter,bing,,/Users/ivantyshchenko/Projects/Python/Neural-Beer/data/raw/bing/porter/brown_porter_in_pint_smooth_head_-bottle_-can_-logo/000024.jpg,000024.jpg,1920,1080,2025-10-05T09:14:14Z
86a000c49accbd6aa90a4aa4128e0c00189f9cd3,porter,bing,,/Users/ivantyshchenko/Projects/Python/Neural-Beer/data/raw/bing/porter/brown_porter_in_pint_smooth_head_-bottle_-can_-logo/000030.jpg,000030.jpg,1280,720,2025-10-05T09:14:14Z
d9c10b61fa1b3f33951504c74f2e41d2b83ac5a0,porter,bing,,/Users/ivantyshchenko/Projects/Python/Neural-Beer/data/raw/bing/porter/brown_porter_in_pint_smooth_head_-bottle_-can_-logo/000032.jpg,000032.jpg,626,626,2025-10-05T09:14:14Z
66afb5380aa105bbbf0364be4cc306e86348dfb4,sour,bing,,/Users/ivantyshchenko/Projects/Python/Neural-Beer/data/raw/bing/sour/berliner_weisse_style_sour_colorful_glass_-bottle_-can_-logo/000007.jpg,000007.jpg,943,694,2025-10-05T09:17:13Z
9ca409555bd256af367ae57eb7af18174ea5ad2f,sour,bing,,/Users/ivantyshchenko/Projects/Python/Neural-Beer/data/raw/bing/sour/berliner_weisse_style_sour_colorful_glass_-bottle_-can_-logo/000028.jpg,000028.jpg,720,1080,2025-10-05T09:17:13Z
e7c225e7e0ac6706d234b4e77ec42ab9e0ddb53d,sour,bing,,/Users/ivantyshchenko/Projects/Python/Neural-Beer/data/raw/bing/sour/kettle_sour_golden_in_goblet_foam_-bottle_-can_-logo/000091.jpg,000091.jpg,1470,980,2025-10-05T09:18:42Z
df9618ec171441abbed90ff06ba6fe3dbd5a7a06,sour,bing,,/Users/ivantyshchenko/Projects/Python/Neural-Beer/data/raw/bing/sour/berliner_weisse_style_sour_colorful_glass_-bottle_-can_-logo/000068.jpg,000068.jpg,2736,3648,2025-10-05T09:19:35Z
