image_id,klass,source,source_url,orig_path,orig_filename,width,height,added_at,phash,cropped_path,crop_method,crop_info
5c157ab6250368ab3e9947b4a07614644f8e8794,lager,bing,,data/raw/bing/lager/lager_beer_in_glass_at_bar_-bottle_-can_-logo_-mockup_-illustration/000026.jpg,000026.jpg,1000,667,2025-10-04T18:00:21Z,cb5be8243036a6e7,data/smart_cropped/5c157ab6250368ab3e9947b4a07614644f8e8794.jpg,detr_object_crop,"{""method"": ""detr_object_crop"", ""label"": ""cup"", ""score"": 0.9987687468528748, ""box"": [379, 49, 699, 636]}"
f5919fa1605f852dcc8b4d80ac4dc1376c57a8e7,lager,bing,,data/raw/bing/lager/lager_beer_in_glass_at_bar_-bottle_-can_-logo_-mockup_-illustration/000032.jpg,000032.jpg,800,533,2025-10-04T18:00:21Z,e69cc99c89939933,data/smart_cropped/f5919fa1605f852dcc8b4d80ac4dc1376c57a8e7.jpg,center_square_fallback,"{""method"": ""center_square_fallback"", ""label"": null, ""score"": null, ""box"": [133, 0, 666, 533]}"
8960123252d5bbd4c251a3d452e955553701228a,lager,bing,,data/raw/bing/lager/lager_beer_in_glass_at_bar_-bottle_-can_-logo_-mockup_-illustration/000033.jpg,000033.jpg,1000,667,2025-10-04T18:00:21Z,e499cb9999629a66,data/smart_cropped/8960123252d5bbd4c251a3d452e955553701228a.jpg,detr_object_crop,"{""method"": ""detr_object_crop"", ""label"": ""cup"", ""score"": 0.8997564911842346, ""box"": [329, 83, 730, 667]}"
a50a5b43662152fcd023af3e1600abe6bdf3c17d,lager,bing,,data/raw/bing/lager/lager_beer_in_glass_at_bar_-bottle_-can_-logo_-mockup_-illustration/000019.jpg,000019.jpg,1300,1040,2025-10-04T18:00:21Z,adf852842ec37d8a,data/smart_cropped/a50a5b43662152fcd023af3e1600abe6bdf3c17d.jpg,detr_object_crop,"{""method"": ""detr_object_crop"", ""label"": ""cup"", ""score"": 0.9821876287460327, ""box"": [455, 0, 1158, 994]}"
0b56d01b6d13c3e2361719466d985296721e4aa8,lager,bing,,data/raw/bing/lager/lager_beer_in_glass_at_bar_-bottle_-can_-logo_-mockup_-illustration/000031.jpg,000031.jpg,1000,667,2025-10-04T18:00:21Z,b0c6ce36c9999999,data/smart_cropped/0b56d01b6d13c3e2361719466d985296721e4aa8.jpg,center_square_fallback,"{""method"": ""center_square_fallback"", ""label"": null, ""score"": null, ""box"": [166, 0, 833, 667]}"
0fbf394be675111ac5d0872e2b0df344d2bf9c85,lager,bing,,data/raw/bing/lager/lager_beer_in_glass_at_bar_-bottle_-can_-logo_-mockup_-illustration/000025.jpg,000025.jpg,1067,1690,2025-10-04T18:00:21Z,e5ed58961a93119e,data/smart_cropped/0fbf394be675111ac5d0872e2b0df344d2bf9c85.jpg,detr_object_crop,"{""method"": ""detr_object_crop"", ""label"": ""cup"", ""score"": 0.8574167490005493, ""box"": [223, 115, 852, 1445]}"
b4d072ae6a09f3dd82bbefe7fa853d31393e8101,lager,bing,,data/raw/bing/lager/lager_beer_in_glass_at_bar_-bottle_-can_-logo_-mockup_-illustration/000024.jpg,000024.jpg,866,1390,2025-10-04T18:00:21Z,f48d58835bb252b9,data/smart_cropped/b4d072ae6a09f3dd82bbefe7fa853d31393e8101.jpg,center_square_fallback,"{""method"": ""center_square_fallback"", ""label"": null, ""score"": null, ""box"": [0, 262, 866, 1128]}"
11d73ed1b1f720421c36e904417d53c76b151272,lager,bing,,data/raw/bing/lager/lager_beer_in_glass_at_bar_-bottle_-can_-logo_-mockup_-illustration/000030.jpg,000030.jpg,667,1000,2025-10-04T18:00:21Z,ed6f96c792189238,data/smart_cropped/11d73ed1b1f720421c36e904417d53c76b151272.jpg,center_square_fallback,"{""method"": ""center_square_fallback"", ""label"": null, ""score"": null, ""box"": [0, 166, 667, 833]}"
232769fc663db16c9055a87cc93d3ac2ac5202d6,lager,bing,,data/raw/bing/lager/lager_beer_in_glass_at_bar_-bottle_-can_-logo_-mockup_-illustration/000018.jpg,000018.jpg,942,1390,2025-10-04T18:00:21Z,d3cb4c7534890f87,data/smart_cropped/232769fc663db16c9055a87cc93d3ac2ac5202d6.jpg,detr_object_crop,"{""method"": ""detr_object_crop"", ""label"": ""cup"", ""score"": 0.9991756081581116, ""box"": [103, 123, 809, 1210]}"
47f2517445a2231d3429fa142017c302d22ce579,lager,bing,,data/raw/bing/lager/lager_beer_in_glass_at_bar_-bottle_-can_-logo_-mockup_-illustration/000034.jpg,000034.jpg,1000,667,2025-10-04T18:00:21Z,9496e5b115e11cf5,data/smart_cropped/47f2517445a2231d3429fa142017c302d22ce579.jpg,detr_object_crop,"{""method"": ""detr_object_crop"", ""label"": ""cup"", ""score"": 0.992845356464386, ""box"": [442, 55, 839, 618]}"
82c11d77c156eb17654562cb359d58ba24dda19b,lager,bing,,data/raw/bing/lager/lager_beer_in_glass_at_bar_-bottle_-can_-logo_-mockup_-illustration/000020.jpg,000020.jpg,866,1390,2025-10-04T18:00:21Z,8e8f65653139b296,data/smart_cropped/82c11d77c156eb17654562cb359d58ba24dda19b.jpg,detr_object_crop,"{""method"": ""detr_object_crop"", ""label"": ""cup"", ""score"": 0.9982972741127014, ""box"": [147, 117, 761, 1066]}"
adc5d0bb783efe98fc77dff499059ef150ed9ef0,lager,bing,,data/raw/bing/lager/lager_beer_in_glass_at_bar_-bottle_-can_-logo_-mockup_-illustration/000008.jpg,000008.jpg,1300,941,2025-10-04T18:00:21Z,ac68739736e25385,data/smart_cropped/adc5d0bb783efe98fc77dff499059ef150ed9ef0.jpg,detr_object_crop,"{""method"": ""detr_object_crop"", ""label"": ""wine glass"", ""score"": 0.9984795451164246, ""box"": [422, 30, 838, 884]}"
46a21a5291dc37a37abe8e5b1354dd7ff0268ab0,lager,bing,,data/raw/bing/lager/lager_beer_in_glass_at_bar_-bottle_-can_-logo_-mockup_-illustration/000021.jpg,000021.jpg,853,1390,2025-10-04T18:00:21Z,c6cb3897391a3726,data/smart_cropped/46a21a5291dc37a37abe8e5b1354dd7ff0268ab0.jpg,detr_object_crop,"{""method"": ""detr_object_crop"", ""label"": ""wine glass"", ""score"": 0.9988731741905212, ""box"": [51, 397, 423, 1097]}"
aab1d9b41dba3e55b539afb5c54ef37482d54e07,lager,bing,,data/raw/bing/lager/lager_beer_in_glass_at_bar_-bottle_-can_-logo_-mockup_-illustration/000035.jpg,000035.jpg,1300,956,2025-10-04T18:00:21Z,901b3bc66bdc4ce2,data/smart_cropped/aab1d9b41dba3e55b539afb5c54ef37482d54e07.jpg,detr_object_crop,"{""method"": ""detr_object_crop"", ""label"": ""cup"", ""score"": 0.9984329342842102, ""box"": [0, 413, 328, 789]}"
e720b60e36ff77d4d3a8d095fb2fac071caae76e,lager,bing,,data/raw/bing/lager/lager_beer_in_glass_at_bar_-bottle_-can_-logo_-mockup_-illustration/000023.jpg,000023.jpg,1500,1500,2025-10-04T18:00:21Z,d8d7d7180147b768,data/smart_cropped/e720b60e36ff77d4d3a8d095fb2fac071caae76e.jpg,detr_object_crop,"{""method"": ""detr_object_crop"", ""label"": ""wine glass"", ""score"": 0.8748945593833923, ""box"": [777, 274, 1355, 1320]}"
a57ed5db6f2e9dadc600d4dde4cf5abe8ac8e4b5,lager,bing,,data/raw/bing/lager/lager_beer_in_glass_at_bar_-bottle_-can_-logo_-mockup_-illustration/000037.jpg,000037.jpg,1000,667,2025-10-04T18:00:21Z,ede7929b92300b69,data/smart_cropped/a57ed5db6f2e9dadc600d4dde4cf5abe8ac8e4b5.jpg,center_square_fallback,"{""method"": ""center_square_fallback"", ""label"": null, ""score"": null, ""box"": [166, 0, 833, 667]}"
dedc6e93b932d7481b933c7eb30386f26944f5a4,lager,bing,,data/raw/bing/lager/lager_beer_in_glass_at_bar_-bottle_-can_-logo_-mockup_-illustration/000036.jpg,000036.jpg,1000,667,2025-10-04T18:00:21Z,b143c7ce4c384bcb,data/smart_cropped/dedc6e93b932d7481b933c7eb30386f26944f5a4.jpg,center_square_fallback,"{""method"": ""center_square_fallback"", ""label"": null, ""score"": null, ""box"": [166, 0, 833, 667]}"
d2a4c8a43e1f91be0e15ed13e787b3da9d8a6032,lager,bing,,data/raw/bing/lager/lager_beer_in_glass_at_bar_-bottle_-can_-logo_-mockup_-illustration/000022.jpg,000022.jpg,1000,667,2025-10-04T18:00:21Z,b3b3ce92cc4c9c4c,data/smart_cropped/d2a4c8a43e1f91be0e15ed13e787b3da9d8a6032.jpg,detr_object_crop,"{""method"": ""detr_object_crop"", ""label"": ""surfboard"", ""score"": 0.8178747296333313, ""box"": [285, 148, 469, 578]}"
f46feac1538f963c4e7c4a8accc8c9a1eb7503d2,lager,bing,,data/raw/bing/lager/lager_beer_in_glass_at_bar_-bottle_-can_-logo_-mockup_-illustration/000079.jpg,000079.jpg,1024,1024,2025-10-04T18:00:21Z,a33878803e6fe1dc,data/smart_cropped/f46feac1538f963c4e7c4a8accc8c9a1eb7503d2.jpg,detr_object_crop,"{""method"": ""detr_object_crop"", ""label"": ""bottle"", ""score"": 0.9936596751213074, ""box"": [0, 0, 431, 739]}"
919ef0552dd2689e8d307edc70773766fcb16e8e,lager,bing,,data/raw/bing/lager/lager_beer_in_glass_at_bar_-bottle_-can_-logo_-mockup_-illustration/000045.jpg,000045.jpg,1000,667,2025-10-04T18:00:21Z,b3cecc31cc3033ce,data/smart_cropped/919ef0552dd2689e8d307edc70773766fcb16e8e.jpg,detr_object_crop,"{""method"": ""detr_object_crop"", ""label"": ""cup"", ""score"": 0.9171035885810852, ""box"": [285, 72, 681, 585]}"
6e8856802a4603a93ed1295dda2f2651a4512d5a,lager,bing,,data/raw/bing/lager/lager_beer_in_glass_at_bar_-bottle_-can_-logo_-mockup_-illustration/000051.jpg,000051.jpg,1200,1690,2025-10-04T18:00:21Z,b6c1c9be0ae060bf,data/smart_cropped/6e8856802a4603a93ed1295dda2f2651a4512d5a.jpg,detr_object_crop,"{""method"": ""detr_object_crop"", ""label"": ""vase"", ""score"": 0.9005770087242126, ""box"": [31, 85, 1120, 1584]}"
7672cc147ccbe63d47e6a1bccc69b194524fe0d0,lager,bing,,data/raw/bing/lager/lager_beer_in_glass_at_bar_-bottle_-can_-logo_-mockup_-illustration/000044.jpg,000044.jpg,1300,956,2025-10-04T18:00:21Z,d6907b6f288627d1,data/smart_cropped/7672cc147ccbe63d47e6a1bccc69b194524fe0d0.jpg,detr_object_crop,"{""method"": ""detr_object_crop"", ""label"": ""wine glass"", ""score"": 0.9924386143684387, ""box"": [197, 41, 731, 936]}"
ad40a86c596c44deeab3ddf65dfb547b86ab81dd,lager,bing,,data/raw/bing/lager/lager_beer_in_glass_at_bar_-bottle_-can_-logo_-mockup_-illustration/000052.jpg,000052.jpg,1000,667,2025-10-04T18:00:21Z,b39999cccc668c66,data/smart_cropped/ad40a86c596c44deeab3ddf65dfb547b86ab81dd.jpg,center_square_fallback,"{""method"": ""center_square_fallback"", ""label"": null, ""score"": null, ""box"": [166, 0, 833, 667]}"
5e3dc5f6599d24c2ec3d5d1d260639aa3a4b238b,lager,bing,,data/raw/bing/lager/lager_beer_in_glass_at_bar_-bottle_-can_-logo_-mockup_-illustration/000046.jpg,000046.jpg,1000,667,2025-10-04T18:00:21Z,a68dd99959231967,data/smart_cropped/5e3dc5f6599d24c2ec3d5d1d260639aa3a4b238b.jpg,detr_object_crop,"{""method"": ""detr_object_crop"", ""label"": ""cup"", ""score"": 0.9989664554595947, ""box"": [328, 0, 668, 661]}"
43f982f3e0cbbfc7c72879c7a2b9c7b7a1127e73,lager,bing,,data/raw/bing/lager/lager_beer_in_glass_at_bar_-bottle_-can_-logo_-mockup_-illustration/000085.jpg,000085.jpg,600,900,2025-10-04T18:00:21Z,df0b3df0313042cf,data/smart_cropped/43f982f3e0cbbfc7c72879c7a2b9c7b7a1127e73.jpg,detr_object_crop,"{""method"": ""detr_object_crop"", ""label"": ""cup"", ""score"": 0.9838874936103821, ""box"": [108, 92, 590, 839]}"
dfd582c4293b8d30cb7d66989b9413322fb7c1fb,lager,bing,,data/raw/bing/lager/lager_beer_in_glass_at_bar_-bottle_-can_-logo_-mockup_-illustration/000084.jpg,000084.jpg,1600,1155,2025-10-04T18:00:21Z,e4c0f80f6fc613b4,data/smart_cropped/dfd582c4293b8d30cb7d66989b9413322fb7c1fb.jpg,detr_object_crop,"{""method"": ""detr_object_crop"", ""label"": ""parking meter"", ""score"": 0.9519891738891602, ""box"": [322, 0, 858, 1048]}"
b3f9ea75a5312b8a3aafd64dfdadc55a06842217,lager,bing,,data/raw/bing/lager/lager_beer_in_glass_at_bar_-bottle_-can_-logo_-mockup_-illustration/000047.jpg,000047.jpg,960,960,2025-10-04T18:00:21Z,b26ccb93cc338c93,data/smart_cropped/b3f9ea75a5312b8a3aafd64dfdadc55a06842217.jpg,detr_object_crop,"{""method"": ""detr_object_crop"", ""label"": ""vase"", ""score"": 0.9968771934509277, ""box"": [241, 28, 713, 941]}"
e083bd1af59f1dd318fb300d831e0b08906fca68,lager,bing,,data/raw/bing/lager/lager_beer_in_glass_at_bar_-bottle_-can_-logo_-mockup_-illustration/000053.jpg,000053.jpg,960,960,2025-10-04T18:00:21Z,b26c8b93cc338967,data/smart_cropped/e083bd1af59f1dd318fb300d831e0b08906fca68.jpg,detr_object_crop,"{""method"": ""detr_object_crop"", ""label"": ""vase"", ""score"": 0.9993804693222046, ""box"": [242, 17, 721, 948]}"
74bb24854d50eaa4fd6ea9dcae6b0602b1903a37,lager,bing,,data/raw/bing/lager/lager_beer_in_glass_at_bar_-bottle_-can_-logo_-mockup_-illustration/000057.jpg,000057.jpg,1300,956,2025-10-04T18:00:21Z,95a16a4a6d3575c5,data/smart_cropped/74bb24854d50eaa4fd6ea9dcae6b0602b1903a37.jpg,detr_object_crop,"{""method"": ""detr_object_crop"", ""label"": ""suitcase"", ""score"": 0.9923267960548401, ""box"": [80, 70, 1246, 946]}"
637c759a395a7e1c029a222680f494c1af284ee3,lager,bing,,data/raw/bing/lager/lager_beer_in_glass_at_bar_-bottle_-can_-logo_-mockup_-illustration/000043.jpg,000043.jpg,1000,667,2025-10-04T18:00:21Z,b3c6cc899933334e,data/smart_cropped/637c759a395a7e1c029a222680f494c1af284ee3.jpg,center_square_fallback,"{""method"": ""center_square_fallback"", ""label"": null, ""score"": null, ""box"": [166, 0, 833, 667]}"
217044e726d5cd01214873ab9ad923deb570bc46,lager,bing,,data/raw/bing/lager/lager_beer_in_glass_at_bar_-bottle_-can_-logo_-mockup_-illustration/000080.jpg,000080.jpg,800,600,2025-10-04T18:00:21Z,cccc336633333693,data/smart_cropped/217044e726d5cd01214873ab9ad923deb570bc46.jpg,detr_object_crop,"{""method"": ""detr_object_crop"", ""label"": ""vase"", ""score"": 0.9365413188934326, ""box"": [252, 3, 544, 600]}"
9a071a445d5166983d56e0dec2826f0f7c8d6a98,lager,bing,,data/raw/bing/lager/lager_beer_in_glass_at_bar_-bottle_-can_-logo_-mockup_-illustration/000081.jpg,000081.jpg,599,900,2025-10-04T18:00:21Z,91291946e7c6e6e6,data/smart_cropped/9a071a445d5166983d56e0dec2826f0f7c8d6a98.jpg,detr_object_crop,"{""method"": ""detr_object_crop"", ""label"": ""wine glass"", ""score"": 0.7396382093429565, ""box"": [104, 52, 599, 900]}"
618842eae033c96955a070200a509342932ce560,lager,bing,,data/raw/bing/lager/lager_beer_in_glass_at_bar_-bottle_-can_-logo_-mockup_-illustration/000042.jpg,000042.jpg,1000,667,2025-10-04T18:00:21Z,e666ccd999199931,data/smart_cropped/618842eae033c96955a070200a509342932ce560.jpg,center_square_fallback,"{""method"": ""center_square_fallback"", ""label"": null, ""score"": null, ""box"": [166, 0, 833, 667]}"
1141adf9f40515e839e0fe6fcc3749677b5f5899,lager,bing,,data/raw/bing/lager/lager_beer_in_glass_at_bar_-bottle_-can_-logo_-mockup_-illustration/000056.jpg,000056.jpg,866,1390,2025-10-04T18:00:21Z,d5dd41f26a8f2461,data/smart_cropped/1141adf9f40515e839e0fe6fcc3749677b5f5899.jpg,detr_object_crop,"{""method"": ""detr_object_crop"", ""label"": ""wine glass"", ""score"": 0.8340239524841309, ""box"": [39, 27, 844, 1231]}"
c511b521779cb224c23aad6f4fdab92abe66491c,lager,bing,,data/raw/bing/lager/lager_beer_in_glass_at_bar_-bottle_-can_-logo_-mockup_-illustration/000040.jpg,000040.jpg,1000,667,2025-10-04T18:00:21Z,bb91c82e966aa173,data/smart_cropped/c511b521779cb224c23aad6f4fdab92abe66491c.jpg,center_square_fallback,"{""method"": ""center_square_fallback"", ""label"": null, ""score"": null, ""box"": [166, 0, 833, 667]}"
01e9f45f3b78346b7528cf9bb475d2d49cf0914a,lager,bing,,data/raw/bing/lager/lager_beer_in_glass_at_bar_-bottle_-can_-logo_-mockup_-illustration/000068.jpg,000068.jpg,600,900,2025-10-04T18:00:21Z,cece993966666132,data/smart_cropped/01e9f45f3b78346b7528cf9bb475d2d49cf0914a.jpg,detr_object_crop,"{""method"": ""detr_object_crop"", ""label"": ""wine glass"", ""score"": 0.9932512640953064, ""box"": [130, 24, 483, 857]}"
2f99a4e5249c2510217422dbf96e83de83dbcffb,lager,bing,,data/raw/bing/lager/lager_beer_in_glass_at_bar_-bottle_-can_-logo_-mockup_-illustration/000083.jpg,000083.jpg,867,1390,2025-10-04T18:00:21Z,af2575c243cb64a6,data/smart_cropped/2f99a4e5249c2510217422dbf96e83de83dbcffb.jpg,detr_object_crop,"{""method"": ""detr_object_crop"", ""label"": ""bottle"", ""score"": 0.9977210164070129, ""box"": [20, 509, 346, 1307]}"
c8e1843f614c85ed761c040882174b182465f860,lager,bing,,data/raw/bing/lager/lager_beer_in_glass_at_bar_-bottle_-can_-logo_-mockup_-illustration/000082.jpg,000082.jpg,600,600,2025-10-04T18:00:21Z,e699996c99649966,data/smart_cropped/c8e1843f614c85ed761c040882174b182465f860.jpg,detr_object_crop,"{""method"": ""detr_object_crop"", ""label"": ""bottle"", ""score"": 0.9992044568061829, ""box"": [179, 0, 417, 600]}"
6c6d7e3d8f12347775b8e3489620234ea23424c6,lager,bing,,data/raw/bing/lager/lager_beer_in_glass_at_bar_-bottle_-can_-logo_-mockup_-illustration/000069.jpg,000069.jpg,2500,1970,2025-10-04T18:00:21Z,d82aab88d0f5d4d5,data/smart_cropped/6c6d7e3d8f12347775b8e3489620234ea23424c6.jpg,center_square_fallback,"{""method"": ""center_square_fallback"", ""label"": null, ""score"": null, ""box"": [265, 0, 2235, 1970]}"
40dea5144bcd8c3180fc92e6008ae98bda51b467,lager,bing,,data/raw/bing/lager/lager_beer_in_glass_at_bar_-bottle_-can_-logo_-mockup_-illustration/000055.jpg,000055.jpg,1300,821,2025-10-04T18:00:21Z,9690694b694df5b4,data/smart_cropped/40dea5144bcd8c3180fc92e6008ae98bda51b467.jpg,detr_object_crop,"{""method"": ""detr_object_crop"", ""label"": ""cup"", ""score"": 0.8843054175376892, ""box"": [709, 79, 1154, 690]}"
57ca935b886ee61ccf339cbac9777194d7a387a6,lager,bing,,data/raw/bing/lager/lager_beer_in_glass_at_bar_-bottle_-can_-logo_-mockup_-illustration/000041.jpg,000041.jpg,1000,667,2025-10-04T18:00:21Z,e799996666669330,data/smart_cropped/57ca935b886ee61ccf339cbac9777194d7a387a6.jpg,center_square_fallback,"{""method"": ""center_square_fallback"", ""label"": null, ""score"": null, ""box"": [166, 0, 833, 667]}"
ce9ba9eada999a77be04068a0df001826a2b2452,lager,bing,,data/raw/bing/lager/lager_beer_in_glass_at_bar_-bottle_-can_-logo_-mockup_-illustration/000058.jpg,000058.jpg,1067,1690,2025-10-04T18:00:21Z,f7a04c57a25528de,data/smart_cropped/ce9ba9eada999a77be04068a0df001826a2b2452.jpg,center_square_fallback,"{""method"": ""center_square_fallback"", ""label"": null, ""score"": null, ""box"": [0, 311, 1067, 1378]}"
7d813180dac88a4646b8906fbb795d95fcf8e5a7,lager,bing,,data/raw/bing/lager/lager_beer_in_glass_at_bar_-bottle_-can_-logo_-mockup_-illustration/000064.jpg,000064.jpg,1000,1000,2025-10-04T18:00:21Z,b0c936cec334cb36,data/smart_cropped/7d813180dac88a4646b8906fbb795d95fcf8e5a7.jpg,detr_object_crop,"{""method"": ""detr_object_crop"", ""label"": ""vase"", ""score"": 0.9760419130325317, ""box"": [242, 0, 752, 1000]}"
15b77b27e81f540cc521a128327bf3f7249766f8,lager,bing,,data/raw/bing/lager/lager_beer_in_glass_at_bar_-bottle_-can_-logo_-mockup_-illustration/000070.jpg,000070.jpg,716,1690,2025-10-04T18:00:21Z,afbf92d061d650e0,data/smart_cropped/15b77b27e81f540cc521a128327bf3f7249766f8.jpg,detr_object_crop,"{""method"": ""detr_object_crop"", ""label"": ""vase"", ""score"": 0.7049517631530762, ""box"": [23, 0, 691, 1103]}"
bfc39cbfcbb9f44b799c53aa7f6970cbbefb804c,lager,bing,,data/raw/bing/lager/lager_beer_in_glass_at_bar_-bottle_-can_-logo_-mockup_-illustration/000071.jpg,000071.jpg,1000,667,2025-10-04T18:00:21Z,90c13e1f637c3b62,data/smart_cropped/bfc39cbfcbb9f44b799c53aa7f6970cbbefb804c.jpg,detr_object_crop,"{""method"": ""detr_object_crop"", ""label"": ""cup"", ""score"": 0.7874186635017395, ""box"": [15, 0, 738, 667]}"
9265036782975efab83dfc5ddeed18d9391552fa,lager,bing,,data/raw/bing/lager/lager_beer_in_glass_at_bar_-bottle_-can_-logo_-mockup_-illustration/000065.jpg,000065.jpg,1067,1690,2025-10-04T18:00:21Z,ce4b995c21f47233,data/smart_cropped/9265036782975efab83dfc5ddeed18d9391552fa.jpg,detr_object_crop,"{""method"": ""detr_object_crop"", ""label"": ""vase"", ""score"": 0.9992926120758057, ""box"": [188, 65, 863, 1493]}"
aeae0f417119d2c84a5f724f3f74efb2ee12eb45,lager,bing,,data/raw/bing/lager/lager_beer_in_glass_at_bar_-bottle_-can_-logo_-mockup_-illustration/000059.jpg,000059.jpg,1600,1157,2025-10-04T18:00:21Z,da0aacd10bb371cb,data/smart_cropped/aeae0f417119d2c84a5f724f3f74efb2ee12eb45.jpg,detr_object_crop,"{""method"": ""detr_object_crop"", ""label"": ""cup"", ""score"": 0.9986903071403503, ""box"": [389, 87, 1062, 1008]}"
a7f4024a0b0d5dfd988abd40a2969ca3fc6e285f,lager,bing,,data/raw/bing/lager/lager_beer_in_glass_at_bar_-bottle_-can_-logo_-mockup_-illustration/000067.jpg,000067.jpg,4032,3024,2025-10-04T18:00:21Z,b94d46999f1a64d1,data/smart_cropped/a7f4024a0b0d5dfd988abd40a2969ca3fc6e285f.jpg,detr_object_crop,"{""method"": ""detr_object_crop"", ""label"": ""cup"", ""score"": 0.9781777858734131, ""box"": [0, 2198, 430, 2810]}"
c93f697397dc260179237a42fae8353be545485f,lager,bing,,data/raw/bing/lager/lager_beer_in_glass_at_bar_-bottle_-can_-logo_-mockup_-illustration/000066.jpg,000066.jpg,1000,667,2025-10-04T18:00:21Z,a664cc9b99339933,data/smart_cropped/c93f697397dc260179237a42fae8353be545485f.jpg,detr_object_crop,"{""method"": ""detr_object_crop"", ""label"": ""vase"", ""score"": 0.8941560387611389, ""box"": [312, 0, 675, 667]}"
8aa18c452e2c7e8e41ef35a9e9ab2bc404b9ad4d,lager,bing,,data/raw/bing/lager/lager_beer_in_glass_at_bar_-bottle_-can_-logo_-mockup_-illustration/000072.jpg,000072.jpg,682,1023,2025-10-04T18:00:21Z,b04ccbc3cb30cf3c,data/smart_cropped/8aa18c452e2c7e8e41ef35a9e9ab2bc404b9ad4d.jpg,detr_object_crop,"{""method"": ""detr_object_crop"", ""label"": ""wine glass"", ""score"": 0.9652355313301086, ""box"": [118, 55, 521, 973]}"
2c088911eab6cc76011c54a651c2dacc60e45c4e,lager,bing,,data/raw/bing/lager/lager_beer_in_glass_at_bar_-bottle_-can_-logo_-mockup_-illustration/000062.jpg,000062.jpg,900,900,2025-10-04T18:00:21Z,b33199c6ccc6cccc,data/smart_cropped/2c088911eab6cc76011c54a651c2dacc60e45c4e.jpg,detr_object_crop,"{""method"": ""detr_object_crop"", ""label"": ""cup"", ""score"": 0.9736122488975525, ""box"": [238, 4, 655, 806]}"
90eaadfdbcc400916ab00fc826aeb07eb195c1fb,lager,bing,,data/raw/bing/lager/lager_beer_in_glass_at_bar_-bottle_-can_-logo_-mockup_-illustration/000063.jpg,000063.jpg,1067,1690,2025-10-04T18:00:21Z,9e9e9919e5656164,data/smart_cropped/90eaadfdbcc400916ab00fc826aeb07eb195c1fb.jpg,detr_object_crop,"{""method"": ""detr_object_crop"", ""label"": ""wine glass"", ""score"": 0.713277280330658, ""box"": [245, 0, 899, 1690]}"
9572b0d396282e80667ee7a85e099ef0398ad084,lager,bing,,data/raw/bing/lager/lager_beer_in_glass_at_bar_-bottle_-can_-logo_-mockup_-illustration/000061.jpg,000061.jpg,767,1024,2025-10-04T18:00:21Z,bec9c1369734c81b,data/smart_cropped/9572b0d396282e80667ee7a85e099ef0398ad084.jpg,detr_object_crop,"{""method"": ""detr_object_crop"", ""label"": ""cup"", ""score"": 0.9906979203224182, ""box"": [3, 48, 767, 1024]}"
38c6bc5f9ec636ea913db379420e8702cc4128c6,lager,bing,,data/raw/bing/lager/lager_beer_in_glass_at_bar_-bottle_-can_-logo_-mockup_-illustration/000075.jpg,000075.jpg,5712,4284,2025-10-04T18:00:21Z,c54b9a24ab614dbb,data/smart_cropped/38c6bc5f9ec636ea913db379420e8702cc4128c6.jpg,detr_object_crop,"{""method"": ""detr_object_crop"", ""label"": ""cup"", ""score"": 0.9986699819564819, ""box"": [4485, 1449, 5712, 3834]}"
d7396903dc1f47deee9d4446a1afdbee3048e2c6,lager,bing,,data/raw/bing/lager/lager_beer_in_glass_at_bar_-bottle_-can_-logo_-mockup_-illustration/000048.jpg,000048.jpg,1066,1600,2025-10-04T18:00:21Z,f18c0e7325ce53b4,data/smart_cropped/d7396903dc1f47deee9d4446a1afdbee3048e2c6.jpg,detr_object_crop,"{""method"": ""detr_object_crop"", ""label"": ""cup"", ""score"": 0.9988943934440613, ""box"": [213, 288, 919, 1300]}"
88b221b05f9cf93e6e46fdf0dc5e52d24ec6c794,lager,bing,,data/raw/bing/lager/lager_beer_in_glass_at_bar_-bottle_-can_-logo_-mockup_-illustration/000074.jpg,000074.jpg,1114,1690,2025-10-04T18:00:21Z,bcebc284129b538f,data/smart_cropped/88b221b05f9cf93e6e46fdf0dc5e52d24ec6c794.jpg,center_square_fallback,"{""method"": ""center_square_fallback"", ""label"": null, ""score"": null, ""box"": [0, 288, 1114, 1402]}"
5d248263897b7352eb000b10316b2f74c8f2b44a,lager,bing,,data/raw/bing/lager/lager_beer_in_glass_at_bar_-bottle_-can_-logo_-mockup_-illustration/000060.jpg,000060.jpg,1067,1690,2025-10-04T18:00:21Z,99996665e6666564,data/smart_cropped/5d248263897b7352eb000b10316b2f74c8f2b44a.jpg,detr_object_crop,"{""method"": ""detr_object_crop"", ""label"": ""wine glass"", ""score"": 0.9378497004508972, ""box"": [257, 50, 856, 1690]}"
fb1dbe97fddf72fa58663e758dfe8210df4463a3,lager,bing,,data/raw/bing/lager/lager_beer_in_glass_at_bar_-bottle_-can_-logo_-mockup_-illustration/000007.jpg,000007.jpg,1600,2134,2025-10-04T18:00:21Z,cbb4b40d70ea8679,data/smart_cropped/fb1dbe97fddf72fa58663e758dfe8210df4463a3.jpg,detr_object_crop,"{""method"": ""detr_object_crop"", ""label"": ""wine glass"", ""score"": 0.9983845949172974, ""box"": [426, 606, 919, 1628]}"
6e8b066eaf145c7087fe1fdc55ca1916b1eafe8e,lager,bing,,data/raw/bing/lager/lager_beer_in_glass_at_bar_-bottle_-can_-logo_-mockup_-illustration/000006.jpg,000006.jpg,1300,1390,2025-10-04T18:00:21Z,aead7574498c4d43,data/smart_cropped/6e8b066eaf145c7087fe1fdc55ca1916b1eafe8e.jpg,detr_object_crop,"{""method"": ""detr_object_crop"", ""label"": ""vase"", ""score"": 0.989840567111969, ""box"": [651, 86, 1211, 1305]}"
fc70098db2d4b345bf9cc5b5dcd62b5714634c31,lager,bing,,data/raw/bing/lager/lager_beer_in_glass_at_bar_-bottle_-can_-logo_-mockup_-illustration/000038.jpg,000038.jpg,1000,667,2025-10-04T18:00:21Z,d0b990b0f53d2d2e,data/smart_cropped/fc70098db2d4b345bf9cc5b5dcd62b5714634c31.jpg,center_square_fallback,"{""method"": ""center_square_fallback"", ""label"": null, ""score"": null, ""box"": [166, 0, 833, 667]}"
877447ac873e83b917995889a0608dbc0da460a9,lager,bing,,data/raw/bing/lager/lager_beer_in_glass_at_bar_-bottle_-can_-logo_-mockup_-illustration/000010.jpg,000010.jpg,866,1390,2025-10-04T18:00:21Z,c307eca92cf431c7,data/smart_cropped/877447ac873e83b917995889a0608dbc0da460a9.jpg,detr_object_crop,"{""method"": ""detr_object_crop"", ""label"": ""cup"", ""score"": 0.9989581108093262, ""box"": [127, 133, 729, 1188]}"
758f9a738fb847496a6d8459fe41167bfb5134ed,lager,bing,,data/raw/bing/lager/lager_beer_in_glass_at_bar_-bottle_-can_-logo_-mockup_-illustration/000004.jpg,000004.jpg,866,1390,2025-10-04T18:00:21Z,82767d8165f274ca,data/smart_cropped/758f9a738fb847496a6d8459fe41167bfb5134ed.jpg,center_square_fallback,"{""method"": ""center_square_fallback"", ""label"": null, ""score"": null, ""box"": [0, 262, 866, 1128]}"
98fa5f1ecb65c62ca91ccdb8d07ac7272dfce525,lager,bing,,data/raw/bing/lager/lager_beer_in_glass_at_bar_-bottle_-can_-logo_-mockup_-illustration/000039.jpg,000039.jpg,800,533,2025-10-04T18:00:21Z,b6c6c99999789364,data/smart_cropped/98fa5f1ecb65c62ca91ccdb8d07ac7272dfce525.jpg,detr_object_crop,"{""method"": ""detr_object_crop"", ""label"": ""remote"", ""score"": 0.8430074453353882, ""box"": [292, 232, 466, 492]}"
88f35454921979fe0b141dc51aec651bd503d277,lager,bing,,data/raw/bing/lager/lager_beer_in_glass_at_bar_-bottle_-can_-logo_-mockup_-illustration/000015.jpg,000015.jpg,1301,1124,2025-10-04T18:00:21Z,b230c7cf80ced52e,data/smart_cropped/88f35454921979fe0b141dc51aec651bd503d277.jpg,detr_object_crop,"{""method"": ""detr_object_crop"", ""label"": ""wine glass"", ""score"": 0.995509147644043, ""box"": [824, 0, 1301, 1040]}"
9d95727065f6347b8af0024410d11d2ef758b7e8,lager,bing,,data/raw/bing/lager/lager_beer_in_glass_at_bar_-bottle_-can_-logo_-mockup_-illustration/000001.jpg,000001.jpg,871,1390,2025-10-04T18:00:21Z,df93702d7071d0c3,data/smart_cropped/9d95727065f6347b8af0024410d11d2ef758b7e8.jpg,detr_object_crop,"{""method"": ""detr_object_crop"", ""label"": ""cup"", ""score"": 0.9993366599082947, ""box"": [132, 188, 744, 1153]}"
e199843c7f27040fe475a61978e2265302bd4e39,lager,bing,,data/raw/bing/lager/lager_beer_in_glass_at_bar_-bottle_-can_-logo_-mockup_-illustration/000029.jpg,000029.jpg,977,1390,2025-10-04T18:00:21Z,f6c749bb18c1608f,data/smart_cropped/e199843c7f27040fe475a61978e2265302bd4e39.jpg,detr_object_crop,"{""method"": ""detr_object_crop"", ""label"": ""cup"", ""score"": 0.7670227289199829, ""box"": [47, 36, 709, 1266]}"
4c9d60a73a963189f46e23e027e7fc32da7f40aa,lager,bing,,data/raw/bing/lager/lager_beer_in_glass_at_bar_-bottle_-can_-logo_-mockup_-illustration/000028.jpg,000028.jpg,1063,1690,2025-10-04T18:00:21Z,bdbdc2c2508f43b4,data/smart_cropped/4c9d60a73a963189f46e23e027e7fc32da7f40aa.jpg,detr_object_crop,"{""method"": ""detr_object_crop"", ""label"": ""wine glass"", ""score"": 0.993674635887146, ""box"": [70, 0, 929, 1614]}"
05598fccb2efa3a6e7480b6c161c557b9c2cd7cd,lager,bing,,data/raw/bing/lager/lager_beer_in_glass_at_bar_-bottle_-can_-logo_-mockup_-illustration/000014.jpg,000014.jpg,1173,1467,2025-10-04T18:00:21Z,e1989a679a658e71,data/smart_cropped/05598fccb2efa3a6e7480b6c161c557b9c2cd7cd.jpg,detr_object_crop,"{""method"": ""detr_object_crop"", ""label"": ""vase"", ""score"": 0.9912671446800232, ""box"": [317, 0, 878, 1419]}"
2f56e6b79e7960895262d735ae051d10165d8499,lager,bing,,data/raw/bing/lager/lager_beer_in_glass_at_bar_-bottle_-can_-logo_-mockup_-illustration/000002.jpg,000002.jpg,866,1390,2025-10-04T18:00:21Z,9a9265e1b8ae0e9b,data/smart_cropped/2f56e6b79e7960895262d735ae051d10165d8499.jpg,detr_object_crop,"{""method"": ""detr_object_crop"", ""label"": ""cup"", ""score"": 0.9837212562561035, ""box"": [174, 185, 756, 1187]}"
5665158579d6fd9edd168565bc839dd5439aa03c,lager,bing,,data/raw/bing/lager/lager_beer_in_glass_at_bar_-bottle_-can_-logo_-mockup_-illustration/000017.jpg,000017.jpg,1500,1121,2025-10-04T18:00:21Z,d5916ae715c907c6,data/smart_cropped/5665158579d6fd9edd168565bc839dd5439aa03c.jpg,detr_object_crop,"{""method"": ""detr_object_crop"", ""label"": ""cup"", ""score"": 0.9989822506904602, ""box"": [617, 397, 1147, 1005]}"
d81679e1a0a78f3e0c778b3e18a0df113c3188f2,lager,bing,,data/raw/bing/lager/lager_beer_in_glass_at_bar_-bottle_-can_-logo_-mockup_-illustration/000003.jpg,000003.jpg,878,1390,2025-10-04T18:00:21Z,838d7c1f31f26ac4,data/smart_cropped/d81679e1a0a78f3e0c778b3e18a0df113c3188f2.jpg,detr_object_crop,"{""method"": ""detr_object_crop"", ""label"": ""dining table"", ""score"": 0.7383589148521423, ""box"": [0, 949, 878, 1390]}"
a81d3e387d33696dbad325b477d210b9461b5920,lager,bing,,data/raw/bing/lager/pale_lager_pilsner_flute_glass_poured_draft_-bottle_-can_-logo_-mockup/000026.jpg,000026.jpg,1588,2117,2025-10-04T18:02:19Z,c242838b2e3f7be1,data/smart_cropped/a81d3e387d33696dbad325b477d210b9461b5920.jpg,detr_object_crop,"{""method"": ""detr_object_crop"", ""label"": ""dining table"", ""score"": 0.929534912109375, ""box"": [0, 806, 1588, 2117]}"
4bfa7b9da06cbfd0df5049cdf46ecbf96ae9980e,lager,bing,,data/raw/bing/lager/pale_lager_pilsner_flute_glass_poured_draft_-bottle_-can_-logo_-mockup/000032.jpg,000032.jpg,600,774,2025-10-04T18:02:19Z,94726a856b69d96a,data/smart_cropped/4bfa7b9da06cbfd0df5049cdf46ecbf96ae9980e.jpg,detr_object_crop,"{""method"": ""detr_object_crop"", ""label"": ""bottle"", ""score"": 0.9981599450111389, ""box"": [337, 27, 582, 707]}"
e5a534166069d17d803e81f957836c7fe6319686,lager,bing,,data/raw/bing/lager/pale_lager_pilsner_flute_glass_poured_draft_-bottle_-can_-logo_-mockup/000027.jpg,000027.jpg,900,1140,2025-10-04T18:02:19Z,d2c2932c6f4b3d1c,data/smart_cropped/e5a534166069d17d803e81f957836c7fe6319686.jpg,detr_object_crop,"{""method"": ""detr_object_crop"", ""label"": ""cup"", ""score"": 0.9988213181495667, ""box"": [26, 0, 799, 1140]}"
01bbd20f519571d3bb71e19db0eb610d3bf4c9b7,lager,bing,,data/raw/bing/lager/pale_lager_pilsner_flute_glass_poured_draft_-bottle_-can_-logo_-mockup/000019.jpg,000019.jpg,1067,1690,2025-10-04T18:02:19Z,96df590c65716561,data/smart_cropped/01bbd20f519571d3bb71e19db0eb610d3bf4c9b7.jpg,detr_object_crop,"{""method"": ""detr_object_crop"", ""label"": ""wine glass"", ""score"": 0.9007019996643066, ""box"": [203, 34, 938, 1549]}"
7f9dea1f1892e2bb02ad283f3244dae00ca301d1,lager,bing,,data/raw/bing/lager/pale_lager_pilsner_flute_glass_poured_draft_-bottle_-can_-logo_-mockup/000031.jpg,000031.jpg,720,1280,2025-10-04T18:02:19Z,c9e1b22689da7cd2,data/smart_cropped/7f9dea1f1892e2bb02ad283f3244dae00ca301d1.jpg,detr_object_crop,"{""method"": ""detr_object_crop"", ""label"": ""wine glass"", ""score"": 0.998803973197937, ""box"": [137, 120, 529, 1032]}"
aaf98142f7545a6515a78e83748a2d907a2549cd,lager,bing,,data/raw/bing/lager/pale_lager_pilsner_flute_glass_poured_draft_-bottle_-can_-logo_-mockup/000024.jpg,000024.jpg,1600,1157,2025-10-04T18:02:19Z,958e4f1f3a31b491,data/smart_cropped/aaf98142f7545a6515a78e83748a2d907a2549cd.jpg,center_square_fallback,"{""method"": ""center_square_fallback"", ""label"": null, ""score"": null, ""box"": [221, 0, 1378, 1157]}"
57278961cf02a25356650d79048779992cb9223b,lager,bing,,data/raw/bing/lager/pale_lager_pilsner_flute_glass_poured_draft_-bottle_-can_-logo_-mockup/000018.jpg,000018.jpg,761,1000,2025-10-04T18:02:19Z,cd0e72d393396c2c,data/smart_cropped/57278961cf02a25356650d79048779992cb9223b.jpg,detr_object_crop,"{""method"": ""detr_object_crop"", ""label"": ""wine glass"", ""score"": 0.9955660700798035, ""box"": [321, 39, 699, 981]}"
0174203bc47a8c7732dcee33a8fa48497f6f1d61,lager,bing,,data/raw/bing/lager/pale_lager_pilsner_flute_glass_poured_draft_-bottle_-can_-logo_-mockup/000020.jpg,000020.jpg,1500,1125,2025-10-04T18:02:19Z,c7efd829d08a25d2,data/smart_cropped/0174203bc47a8c7732dcee33a8fa48497f6f1d61.jpg,detr_object_crop,"{""method"": ""detr_object_crop"", ""label"": ""wine glass"", ""score"": 0.9982421398162842, ""box"": [536, 72, 1027, 1125]}"
8c860d8ae797b577e86df0dc31f98de47f92baf5,lager,bing,,data/raw/bing/lager/pale_lager_pilsner_flute_glass_poured_draft_-bottle_-can_-logo_-mockup/000008.jpg,000008.jpg,617,1620,2025-10-04T18:02:19Z,bb9e61e90e8740ea,data/smart_cropped/8c860d8ae797b577e86df0dc31f98de47f92baf5.jpg,detr_object_crop,"{""method"": ""detr_object_crop"", ""label"": ""wine glass"", ""score"": 0.9962688684463501, ""box"": [0, 0, 617, 1539]}"
b6b9126c59740bf895c74af178c9e4d3dcb871fd,lager,bing,,data/raw/bing/lager/pale_lager_pilsner_flute_glass_poured_draft_-bottle_-can_-logo_-mockup/000009.jpg,000009.jpg,540,720,2025-10-04T18:02:19Z,cf377018cfcc06e4,data/smart_cropped/b6b9126c59740bf895c74af178c9e4d3dcb871fd.jpg,detr_object_crop,"{""method"": ""detr_object_crop"", ""label"": ""wine glass"", ""score"": 0.9985159039497375, ""box"": [57, 161, 313, 718]}"
86067f4161bd2c30efab9f4804a9b292fc2cf909,lager,bing,,data/raw/bing/lager/pale_lager_pilsner_flute_glass_poured_draft_-bottle_-can_-logo_-mockup/000021.jpg,000021.jpg,2560,2560,2025-10-04T18:02:19Z,c6707a79354d294d,data/smart_cropped/86067f4161bd2c30efab9f4804a9b292fc2cf909.jpg,detr_object_crop,"{""method"": ""detr_object_crop"", ""label"": ""bottle"", ""score"": 0.9978163242340088, ""box"": [1380, 0, 2273, 2025]}"
c2c7c54c418c283354263e8092185bc4b2759b12,lager,bing,,data/raw/bing/lager/pale_lager_pilsner_flute_glass_poured_draft_-bottle_-can_-logo_-mockup/000035.jpg,000035.jpg,924,924,2025-10-04T18:02:19Z,e4cd31cc31c9cf31,data/smart_cropped/c2c7c54c418c283354263e8092185bc4b2759b12.jpg,detr_object_crop,"{""method"": ""detr_object_crop"", ""label"": ""vase"", ""score"": 0.9264987707138062, ""box"": [196, 0, 730, 924]}"
5129d5aa454797fa11bfa6334d51a782c9ea72fc,lager,bing,,data/raw/bing/lager/pale_lager_pilsner_flute_glass_poured_draft_-bottle_-can_-logo_-mockup/000023.jpg,000023.jpg,1067,1600,2025-10-04T18:02:19Z,a6d919e6cb1cc30e,data/smart_cropped/5129d5aa454797fa11bfa6334d51a782c9ea72fc.jpg,detr_object_crop,"{""method"": ""detr_object_crop"", ""label"": ""cup"", ""score"": 0.9982117414474487, ""box"": [206, 84, 856, 1386]}"
ff8125dc125d099b99ec79feb93d273e6ff66ce2,lager,bing,,data/raw/bing/lager/pale_lager_pilsner_flute_glass_poured_draft_-bottle_-can_-logo_-mockup/000037.jpg,000037.jpg,736,552,2025-10-04T18:02:19Z,cc8e6bf9e9a12270,data/smart_cropped/ff8125dc125d099b99ec79feb93d273e6ff66ce2.jpg,detr_object_crop,"{""method"": ""detr_object_crop"", ""label"": ""wine glass"", ""score"": 0.9975876808166504, ""box"": [411, 46, 701, 459]}"
0dbd282a5473b235606dc7bd29d7ab191a19d593,lager,bing,,data/raw/bing/lager/pale_lager_pilsner_flute_glass_poured_draft_-bottle_-can_-logo_-mockup/000036.jpg,000036.jpg,736,919,2025-10-04T18:02:19Z,c1078e7cf12c5a73,data/smart_cropped/0dbd282a5473b235606dc7bd29d7ab191a19d593.jpg,detr_object_crop,"{""method"": ""detr_object_crop"", ""label"": ""wine glass"", ""score"": 0.9990062117576599, ""box"": [493, 224, 736, 874]}"
2017f2b9ad7959f58f12cde92f9c3fd7b0d7bd8d,lager,bing,,data/raw/bing/lager/pale_lager_pilsner_flute_glass_poured_draft_-bottle_-can_-logo_-mockup/000041.jpg,000041.jpg,1600,1600,2025-10-04T18:02:19Z,b19c6c6398639b66,data/smart_cropped/2017f2b9ad7959f58f12cde92f9c3fd7b0d7bd8d.jpg,detr_object_crop,"{""method"": ""detr_object_crop"", ""label"": ""vase"", ""score"": 0.9954332113265991, ""box"": [479, 0, 1309, 1600]}"
0db43bd463d15af4c309c044fac935b4f1cb8003,lager,bing,,data/raw/bing/lager/pale_lager_pilsner_flute_glass_poured_draft_-bottle_-can_-logo_-mockup/000007.jpg,000007.jpg,1500,1013,2025-10-04T18:02:19Z,a2dc1a98f05b4c6f,data/smart_cropped/0db43bd463d15af4c309c044fac935b4f1cb8003.jpg,detr_object_crop,"{""method"": ""detr_object_crop"", ""label"": ""cup"", ""score"": 0.9905549883842468, ""box"": [1142, 514, 1494, 1013]}"
786e09ef02db2aa5b6a706d13ca028833d44bcc5,lager,bing,,data/raw/bing/lager/pale_lager_pilsner_flute_glass_poured_draft_-bottle_-can_-logo_-mockup/000013.jpg,000013.jpg,1200,1200,2025-10-04T18:02:19Z,e66699cc99929acc,data/smart_cropped/786e09ef02db2aa5b6a706d13ca028833d44bcc5.jpg,detr_object_crop,"{""method"": ""detr_object_crop"", ""label"": ""cup"", ""score"": 0.8771024942398071, ""box"": [308, 0, 902, 1200]}"
5e307bfc5c4b02dcd88aee8a9098263417b6b78d,lager,bing,,data/raw/bing/lager/pale_lager_pilsner_flute_glass_poured_draft_-bottle_-can_-logo_-mockup/000012.jpg,000012.jpg,1300,956,2025-10-04T18:02:19Z,ba9641e03e9f07e1,data/smart_cropped/5e307bfc5c4b02dcd88aee8a9098263417b6b78d.jpg,detr_object_crop,"{""method"": ""detr_object_crop"", ""label"": ""cup"", ""score"": 0.8825875520706177, ""box"": [49, 30, 1254, 950]}"
b75501982e9c42c56b59c326bc5cd92a378681e5,lager,bing,,data/raw/bing/lager/pale_lager_pilsner_flute_glass_poured_draft_-bottle_-can_-logo_-mockup/000006.jpg,000006.jpg,1067,1690,2025-10-04T18:02:19Z,924b4f9e71346565,data/smart_cropped/b75501982e9c42c56b59c326bc5cd92a378681e5.jpg,center_square_fallback,"{""method"": ""center_square_fallback"", ""label"": null, ""score"": null, ""box"": [0, 311, 1067, 1378]}"
da53362cea08614f61f22f40fcd643b6c125e1ae,lager,bing,,data/raw/bing/lager/pale_lager_pilsner_flute_glass_poured_draft_-bottle_-can_-logo_-mockup/000038.jpg,000038.jpg,736,981,2025-10-04T18:02:19Z,8de0a0989997a7ed,data/smart_cropped/da53362cea08614f61f22f40fcd643b6c125e1ae.jpg,detr_object_crop,"{""method"": ""detr_object_crop"", ""label"": ""vase"", ""score"": 0.9985876083374023, ""box"": [174, 0, 570, 910]}"
54328ef828ece63fae81ae41160d1151d1b0d784,lager,bing,,data/raw/bing/lager/pale_lager_pilsner_flute_glass_poured_draft_-bottle_-can_-logo_-mockup/000004.jpg,000004.jpg,866,1390,2025-10-04T18:02:19Z,f88e47e1509b5699,data/smart_cropped/54328ef828ece63fae81ae41160d1151d1b0d784.jpg,center_square_fallback,"{""method"": ""center_square_fallback"", ""label"": null, ""score"": null, ""box"": [0, 262, 866, 1128]}"
880f412043fa061563f53332235d77631fdd6493,lager,bing,,data/raw/bing/lager/pale_lager_pilsner_flute_glass_poured_draft_-bottle_-can_-logo_-mockup/000005.jpg,000005.jpg,626,626,2025-10-04T18:02:19Z,8e828a79bc4d97b4,data/smart_cropped/880f412043fa061563f53332235d77631fdd6493.jpg,detr_object_crop,"{""method"": ""detr_object_crop"", ""label"": ""chair"", ""score"": 0.9168522953987122, ""box"": [0, 246, 163, 559]}"
950cb6381dba4265592f7597eacac2d413997cd0,lager,bing,,data/raw/bing/lager/pale_lager_pilsner_flute_glass_poured_draft_-bottle_-can_-logo_-mockup/000039.jpg,000039.jpg,2305,1537,2025-10-04T18:02:19Z,c0ba7e7c25911ea5,data/smart_cropped/950cb6381dba4265592f7597eacac2d413997cd0.jpg,detr_object_crop,"{""method"": ""detr_object_crop"", ""label"": ""wine glass"", ""score"": 0.998539924621582, ""box"": [1612, 116, 2305, 1535]}"
582c2bf7714a6444154778e850767bd8e2563f19,lager,bing,,data/raw/bing/lager/pale_lager_pilsner_flute_glass_poured_draft_-bottle_-can_-logo_-mockup/000015.jpg,000015.jpg,1067,1690,2025-10-04T18:02:19Z,b3b8cccf4fb030b0,data/smart_cropped/582c2bf7714a6444154778e850767bd8e2563f19.jpg,detr_object_crop,"{""method"": ""detr_object_crop"", ""label"": ""cup"", ""score"": 0.9957869648933411, ""box"": [186, 232, 843, 1495]}"
75b063f0753e59afae9f0358906369bf78125e0f,lager,bing,,data/raw/bing/lager/pale_lager_pilsner_flute_glass_poured_draft_-bottle_-can_-logo_-mockup/000001.jpg,000001.jpg,866,1390,2025-10-04T18:02:19Z,e8bd4e84778320fa,data/smart_cropped/75b063f0753e59afae9f0358906369bf78125e0f.jpg,detr_object_crop,"{""method"": ""detr_object_crop"", ""label"": ""wine glass"", ""score"": 0.9994338154792786, ""box"": [411, 73, 851, 1046]}"
8c0c0f0cf56d79276f11ad11165c4acc56cb0128,lager,bing,,data/raw/bing/lager/pale_lager_pilsner_flute_glass_poured_draft_-bottle_-can_-logo_-mockup/000029.jpg,000029.jpg,736,981,2025-10-04T18:02:19Z,a42cbca563db122f,data/smart_cropped/8c0c0f0cf56d79276f11ad11165c4acc56cb0128.jpg,detr_object_crop,"{""method"": ""detr_object_crop"", ""label"": ""vase"", ""score"": 0.872471809387207, ""box"": [0, 0, 442, 900]}"
0d76ce835639e1b75b06fa9cc765b9393045acf1,lager,bing,,data/raw/bing/lager/pale_lager_pilsner_flute_glass_poured_draft_-bottle_-can_-logo_-mockup/000028.jpg,000028.jpg,3024,4032,2025-10-04T18:02:19Z,8de0a0989997a7ed,data/smart_cropped/0d76ce835639e1b75b06fa9cc765b9393045acf1.jpg,detr_object_crop,"{""method"": ""detr_object_crop"", ""label"": ""vase"", ""score"": 0.9903901815414429, ""box"": [720, 0, 2303, 3735]}"
b2404689055e316cdbea54a19a3b079d77bd7a20,lager,bing,,data/raw/bing/lager/pale_lager_pilsner_flute_glass_poured_draft_-bottle_-can_-logo_-mockup/000014.jpg,000014.jpg,1098,823,2025-10-04T18:02:19Z,e010cf19ff0cf0ce,data/smart_cropped/b2404689055e316cdbea54a19a3b079d77bd7a20.jpg,detr_object_crop,"{""method"": ""detr_object_crop"", ""label"": ""cup"", ""score"": 0.9980541467666626, ""box"": [44, 0, 383, 823]}"
d6ae4e899eeb2c31da514f5f238551291118bd59,lager,bing,,data/raw/bing/lager/pale_lager_pilsner_flute_glass_poured_draft_-bottle_-can_-logo_-mockup/000002.jpg,000002.jpg,854,578,2025-10-04T18:02:19Z,90ce8b11f1b9741f,data/smart_cropped/d6ae4e899eeb2c31da514f5f238551291118bd59.jpg,detr_object_crop,"{""method"": ""detr_object_crop"", ""label"": ""cup"", ""score"": 0.9978430271148682, ""box"": [185, 0, 458, 578]}"
64cb1fbbcdfb0b6327395d6ebfdf25187755f50e,lager,bing,,data/raw/bing/lager/pale_lager_pilsner_flute_glass_poured_draft_-bottle_-can_-logo_-mockup/000016.jpg,000016.jpg,866,1390,2025-10-04T18:02:19Z,9e4f29613092cfce,data/smart_cropped/64cb1fbbcdfb0b6327395d6ebfdf25187755f50e.jpg,detr_object_crop,"{""method"": ""detr_object_crop"", ""label"": ""wine glass"", ""score"": 0.9989810585975647, ""box"": [152, 238, 541, 1087]}"
8fc766f9fbeed395a4838ed97481bf49d06db457,lager,bing,,data/raw/bing/lager/pale_lager_pilsner_flute_glass_poured_draft_-bottle_-can_-logo_-mockup/000017.jpg,000017.jpg,1500,1104,2025-10-04T18:02:19Z,d0a92884afcd7d55,data/smart_cropped/8fc766f9fbeed395a4838ed97481bf49d06db457.jpg,detr_object_crop,"{""method"": ""detr_object_crop"", ""label"": ""cup"", ""score"": 0.9972457885742188, ""box"": [155, 85, 527, 539]}"
7153017046ba3d47fcd3a396383f5cd9bae55e0a,lager,bing,,data/raw/bing/lager/pale_lager_pilsner_flute_glass_poured_draft_-bottle_-can_-logo_-mockup/000003.jpg,000003.jpg,1600,1171,2025-10-04T18:02:19Z,cc0c62ec3333b373,data/smart_cropped/7153017046ba3d47fcd3a396383f5cd9bae55e0a.jpg,center_square_fallback,"{""method"": ""center_square_fallback"", ""label"": null, ""score"": null, ""box"": [214, 0, 1385, 1171]}"
9698e60109896be820f13e36f247357dae7d84ee,lager,bing,,data/raw/bing/lager/helles_lager_in_seidel_mug_pub_draft_-bottle_-can_-logo/000024.jpg,000024.jpg,736,688,2025-10-04T18:03:44Z,f031922699c6cecf,data/smart_cropped/9698e60109896be820f13e36f247357dae7d84ee.jpg,detr_object_crop,"{""method"": ""detr_object_crop"", ""label"": ""spoon"", ""score"": 0.7510986924171448, ""box"": [156, 513, 558, 683]}"
c5e10b5cf8614805f9311ab58a09390b9d0ffc22,lager,bing,,data/raw/bing/lager/helles_lager_in_seidel_mug_pub_draft_-bottle_-can_-logo/000018.jpg,000018.jpg,1024,576,2025-10-04T18:03:44Z,a3e0910e95b3c5b7,data/smart_cropped/c5e10b5cf8614805f9311ab58a09390b9d0ffc22.jpg,detr_object_crop,"{""method"": ""detr_object_crop"", ""label"": ""wine glass"", ""score"": 0.8015484809875488, ""box"": [0, 0, 516, 576]}"
4243cc10fc66ff6914e72ba79cc141a219600d2c,lager,bing,,data/raw/bing/lager/helles_lager_in_seidel_mug_pub_draft_-bottle_-can_-logo/000008.jpg,000008.jpg,1536,1066,2025-10-04T18:03:44Z,924e64f1b3b313b4,data/smart_cropped/4243cc10fc66ff6914e72ba79cc141a219600d2c.jpg,detr_object_crop,"{""method"": ""detr_object_crop"", ""label"": ""cup"", ""score"": 0.991241455078125, ""box"": [387, 64, 845, 927]}"
6f7dec62fe094b28519a7063698b7b885b2563ca,lager,bing,,data/raw/bing/lager/helles_lager_in_seidel_mug_pub_draft_-bottle_-can_-logo/000009.jpg,000009.jpg,1920,2560,2025-10-04T18:03:44Z,e4d38be538ba4549,data/smart_cropped/6f7dec62fe094b28519a7063698b7b885b2563ca.jpg,center_square_fallback,"{""method"": ""center_square_fallback"", ""label"": null, ""score"": null, ""box"": [0, 320, 1920, 2240]}"
ca8fd52395f679a28082a041c4b32ee09ecb53d2,lager,bing,,data/raw/bing/lager/helles_lager_in_seidel_mug_pub_draft_-bottle_-can_-logo/000021.jpg,000021.jpg,534,800,2025-10-04T18:03:44Z,eac19136c2d6c93d,data/smart_cropped/ca8fd52395f679a28082a041c4b32ee09ecb53d2.jpg,detr_object_crop,"{""method"": ""detr_object_crop"", ""label"": ""cup"", ""score"": 0.9986966252326965, ""box"": [0, 325, 295, 800]}"
1aabec8793cdb331e6be7f96a954621507ee7a10,lager,bing,,data/raw/bing/lager/helles_lager_in_seidel_mug_pub_draft_-bottle_-can_-logo/000023.jpg,000023.jpg,1200,800,2025-10-04T18:03:44Z,ea9d85b5946ac163,data/smart_cropped/1aabec8793cdb331e6be7f96a954621507ee7a10.jpg,detr_object_crop,"{""method"": ""detr_object_crop"", ""label"": ""bottle"", ""score"": 0.9989362359046936, ""box"": [752, 0, 1087, 781]}"
f152cd7867e6ee364cec34b9c7af38d3fd8c29f8,lager,bing,,data/raw/bing/lager/helles_lager_in_seidel_mug_pub_draft_-bottle_-can_-logo/000022.jpg,000022.jpg,640,640,2025-10-04T18:03:44Z,ceda6e383cc82897,data/smart_cropped/f152cd7867e6ee364cec34b9c7af38d3fd8c29f8.jpg,detr_object_crop,"{""method"": ""detr_object_crop"", ""label"": ""banana"", ""score"": 0.944397509098053, ""box"": [0, 0, 197, 640]}"
3e77fabd7d6187959d8d515260ae027d90c46fe9,lager,bing,,data/raw/bing/lager/helles_lager_in_seidel_mug_pub_draft_-bottle_-can_-logo/000007.jpg,000007.jpg,2000,1400,2025-10-04T18:03:44Z,b3cc9898cd738c99,data/smart_cropped/3e77fabd7d6187959d8d515260ae027d90c46fe9.jpg,detr_object_crop,"{""method"": ""detr_object_crop"", ""label"": ""cup"", ""score"": 0.8576964139938354, ""box"": [655, 144, 1344, 1400]}"
920307a7b7d22c8a392bd86c0d25341bc0706a6c,lager,bing,,data/raw/bing/lager/helles_lager_in_seidel_mug_pub_draft_-bottle_-can_-logo/000013.jpg,000013.jpg,3000,1821,2025-10-04T18:03:44Z,a96d0749f70d439c,data/smart_cropped/920307a7b7d22c8a392bd86c0d25341bc0706a6c.jpg,detr_object_crop,"{""method"": ""detr_object_crop"", ""label"": ""bottle"", ""score"": 0.9774737358093262, ""box"": [976, 0, 2039, 1821]}"
f81bac45de9e9c1d33286c410813b8244980249f,lager,bing,,data/raw/bing/lager/helles_lager_in_seidel_mug_pub_draft_-bottle_-can_-logo/000012.jpg,000012.jpg,1600,1600,2025-10-04T18:03:44Z,c1c63f915cca37a4,data/smart_cropped/f81bac45de9e9c1d33286c410813b8244980249f.jpg,detr_object_crop,"{""method"": ""detr_object_crop"", ""label"": ""cup"", ""score"": 0.96885085105896, ""box"": [993, 774, 1600, 1518]}"
d28bf65224753e47f88d178617bd703f6d0e1687,lager,bing,,data/raw/bing/lager/helles_lager_in_seidel_mug_pub_draft_-bottle_-can_-logo/000006.jpg,000006.jpg,1024,682,2025-10-04T18:03:44Z,bec1946b3c84ca67,data/smart_cropped/d28bf65224753e47f88d178617bd703f6d0e1687.jpg,detr_object_crop,"{""method"": ""detr_object_crop"", ""label"": ""cup"", ""score"": 0.934618353843689, ""box"": [0, 26, 960, 682]}"
8bc1ef56454b4e5fe0d9b2b0f89aa9ac4c062324,lager,bing,,data/raw/bing/lager/helles_lager_in_seidel_mug_pub_draft_-bottle_-can_-logo/000010.jpg,000010.jpg,4000,3000,2025-10-04T18:03:44Z,878f8c46b99166b6,data/smart_cropped/8bc1ef56454b4e5fe0d9b2b0f89aa9ac4c062324.jpg,detr_object_crop,"{""method"": ""detr_object_crop"", ""label"": ""cup"", ""score"": 0.9739062190055847, ""box"": [3571, 1422, 4000, 2281]}"
f1ae39319512eab8aefdb44531eee0e35e7ceed5,lager,bing,,data/raw/bing/lager/helles_lager_in_seidel_mug_pub_draft_-bottle_-can_-logo/000004.jpg,000004.jpg,1337,1591,2025-10-04T18:03:44Z,866f4b713532332b,data/smart_cropped/f1ae39319512eab8aefdb44531eee0e35e7ceed5.jpg,detr_object_crop,"{""method"": ""detr_object_crop"", ""label"": ""wine glass"", ""score"": 0.886581301689148, ""box"": [208, 0, 871, 1580]}"
8f7be953e7e9087007f471f67eb26c8f0940c028,lager,bing,,data/raw/bing/lager/helles_lager_in_seidel_mug_pub_draft_-bottle_-can_-logo/000005.jpg,000005.jpg,2000,1400,2025-10-04T18:03:44Z,e59a9e9b3164909b,data/smart_cropped/8f7be953e7e9087007f471f67eb26c8f0940c028.jpg,center_square_fallback,"{""method"": ""center_square_fallback"", ""label"": null, ""score"": null, ""box"": [300, 0, 1700, 1400]}"
bab364326a0844c17319152e871e28b4083657e8,lager,bing,,data/raw/bing/lager/helles_lager_in_seidel_mug_pub_draft_-bottle_-can_-logo/000011.jpg,000011.jpg,926,1024,2025-10-04T18:03:44Z,8cb9398dc623b9d4,data/smart_cropped/bab364326a0844c17319152e871e28b4083657e8.jpg,detr_object_crop,"{""method"": ""detr_object_crop"", ""label"": ""dining table"", ""score"": 0.8688421249389648, ""box"": [0, 736, 926, 1024]}"
11cc66b7dd1bc5b3a4d0074e6d832021041aed71,lager,bing,,data/raw/bing/lager/helles_lager_in_seidel_mug_pub_draft_-bottle_-can_-logo/000015.jpg,000015.jpg,1820,1100,2025-10-04T18:03:44Z,b536d42e4ac86aea,data/smart_cropped/11cc66b7dd1bc5b3a4d0074e6d832021041aed71.jpg,detr_object_crop,"{""method"": ""detr_object_crop"", ""label"": ""cup"", ""score"": 0.9318078756332397, ""box"": [943, 64, 1676, 1100]}"
11a2a31004133c31ab85f1fdd3f1aa706ae34497,lager,bing,,data/raw/bing/lager/helles_lager_in_seidel_mug_pub_draft_-bottle_-can_-logo/000001.jpg,000001.jpg,768,512,2025-10-04T18:03:44Z,e6b518d29c5ae519,data/smart_cropped/11a2a31004133c31ab85f1fdd3f1aa706ae34497.jpg,detr_object_crop,"{""method"": ""detr_object_crop"", ""label"": ""cup"", ""score"": 0.9831353425979614, ""box"": [247, 0, 704, 512]}"
cbc856c9ce4d80c09c8fadf47f21a7fe23f8ea39,lager,bing,,data/raw/bing/lager/helles_lager_in_seidel_mug_pub_draft_-bottle_-can_-logo/000028.jpg,000028.jpg,820,556,2025-10-04T18:03:44Z,bb91b8546e668c2b,data/smart_cropped/cbc856c9ce4d80c09c8fadf47f21a7fe23f8ea39.jpg,center_square_fallback,"{""method"": ""center_square_fallback"", ""label"": null, ""score"": null, ""box"": [132, 0, 688, 556]}"
e2059cd39d4a84660bf267149624d9d29808595f,lager,bing,,data/raw/bing/lager/helles_lager_in_seidel_mug_pub_draft_-bottle_-can_-logo/000014.jpg,000014.jpg,800,1067,2025-10-04T18:03:44Z,e4939bcc196c96c9,data/smart_cropped/e2059cd39d4a84660bf267149624d9d29808595f.jpg,detr_object_crop,"{""method"": ""detr_object_crop"", ""label"": ""vase"", ""score"": 0.9941040873527527, ""box"": [141, 18, 653, 1067]}"
bb2949e93f201b5353628f5c4835922306426d7e,lager,bing,,data/raw/bing/lager/helles_lager_in_seidel_mug_pub_draft_-bottle_-can_-logo/000002.jpg,000002.jpg,1440,1440,2025-10-04T18:03:44Z,897b729cc0eb2de0,data/smart_cropped/bb2949e93f201b5353628f5c4835922306426d7e.jpg,detr_object_crop,"{""method"": ""detr_object_crop"", ""label"": ""cup"", ""score"": 0.9980547428131104, ""box"": [0, 681, 394, 1238]}"
621dcea69347d5f9b3f74e326b6125128a945a1f,lager,bing,,data/raw/bing/lager/helles_lager_in_seidel_mug_pub_draft_-bottle_-can_-logo/000017.jpg,000017.jpg,1600,1600,2025-10-04T18:03:44Z,dab5a5cc845a0c7b,data/smart_cropped/621dcea69347d5f9b3f74e326b6125128a945a1f.jpg,detr_object_crop,"{""method"": ""detr_object_crop"", ""label"": ""cup"", ""score"": 0.9982573390007019, ""box"": [0, 2, 980, 1600]}"
a2b89b1bd8a0fb3813bcb3380aff0a5a77d96fd0,lager,bing,,data/raw/bing/lager/helles_lager_in_seidel_mug_pub_draft_-bottle_-can_-logo/000003.jpg,000003.jpg,693,800,2025-10-04T18:03:44Z,b9c792b66539c630,data/smart_cropped/a2b89b1bd8a0fb3813bcb3380aff0a5a77d96fd0.jpg,detr_object_crop,"{""method"": ""detr_object_crop"", ""label"": ""bottle"", ""score"": 0.9984509944915771, ""box"": [107, 0, 392, 795]}"
d194ffbc334df239eac1688b86d138db9ceb381f,lager,bing,,data/raw/bing/lager/crystal_clear_lager_condensation_closeup_pub_-bottle_-can_-logo/000026.jpg,000026.jpg,867,1390,2025-10-04T18:05:06Z,cf386187b28f38d2,data/smart_cropped/d194ffbc334df239eac1688b86d138db9ceb381f.jpg,detr_object_crop,"{""method"": ""detr_object_crop"", ""label"": ""bottle"", ""score"": 0.9112645983695984, ""box"": [78, 0, 867, 1376]}"
51c80b8c29a823b119979eedcc03b100de9da20b,lager,bing,,data/raw/bing/lager/crystal_clear_lager_condensation_closeup_pub_-bottle_-can_-logo/000032.jpg,000032.jpg,1067,1690,2025-10-04T18:05:06Z,cb4bcedc741d3c20,data/smart_cropped/51c80b8c29a823b119979eedcc03b100de9da20b.jpg,detr_object_crop,"{""method"": ""detr_object_crop"", ""label"": ""vase"", ""score"": 0.8676735758781433, ""box"": [147, 0, 818, 1575]}"
8a9e33709ce5facbe7bfbba9786fc832c5aef2f2,lager,bing,,data/raw/bing/lager/crystal_clear_lager_condensation_closeup_pub_-bottle_-can_-logo/000027.jpg,000027.jpg,800,533,2025-10-04T18:05:06Z,91869db16e4c39b3,data/smart_cropped/8a9e33709ce5facbe7bfbba9786fc832c5aef2f2.jpg,detr_object_crop,"{""method"": ""detr_object_crop"", ""label"": ""knife"", ""score"": 0.9675517678260803, ""box"": [356, 0, 800, 310]}"
09bcec172c5e53bddf23080d68dc93be0b0fa49d,lager,bing,,data/raw/bing/lager/crystal_clear_lager_condensation_closeup_pub_-bottle_-can_-logo/000019.jpg,000019.jpg,1280,720,2025-10-04T18:05:06Z,83f87c070338f0fe,data/smart_cropped/09bcec172c5e53bddf23080d68dc93be0b0fa49d.jpg,center_square_fallback,"{""method"": ""center_square_fallback"", ""label"": null, ""score"": null, ""box"": [280, 0, 1000, 720]}"
3e1af31f24fc5067baa9b7cfdab90e3e16a971ac,lager,bing,,data/raw/bing/lager/crystal_clear_lager_condensation_closeup_pub_-bottle_-can_-logo/000031.jpg,000031.jpg,1600,1157,2025-10-04T18:05:06Z,819779ab3d8a3e82,data/smart_cropped/3e1af31f24fc5067baa9b7cfdab90e3e16a971ac.jpg,center_square_fallback,"{""method"": ""center_square_fallback"", ""label"": null, ""score"": null, ""box"": [221, 0, 1378, 1157]}"
fda900fcd4681de3a009d8871775665d450d9bf0,lager,bing,,data/raw/bing/lager/crystal_clear_lager_condensation_closeup_pub_-bottle_-can_-logo/000025.jpg,000025.jpg,800,800,2025-10-04T18:05:06Z,87e38fb8c469b04e,data/smart_cropped/fda900fcd4681de3a009d8871775665d450d9bf0.jpg,detr_object_crop,"{""method"": ""detr_object_crop"", ""label"": ""clock"", ""score"": 0.9913562536239624, ""box"": [0, 0, 800, 800]}"
406eafc197dc5254f127666a95a6495d8eddd7db,lager,bing,,data/raw/bing/lager/crystal_clear_lager_condensation_closeup_pub_-bottle_-can_-logo/000024.jpg,000024.jpg,1300,1390,2025-10-04T18:05:06Z,c0803dd77a873de2,data/smart_cropped/406eafc197dc5254f127666a95a6495d8eddd7db.jpg,center_square_fallback,"{""method"": ""center_square_fallback"", ""label"": null, ""score"": null, ""box"": [0, 45, 1300, 1345]}"
067f533b19293883f14c156853174663e193f339,lager,bing,,data/raw/bing/lager/crystal_clear_lager_condensation_closeup_pub_-bottle_-can_-logo/000030.jpg,000030.jpg,1300,956,2025-10-04T18:05:06Z,83817f837b837d81,data/smart_cropped/067f533b19293883f14c156853174663e193f339.jpg,detr_object_crop,"{""method"": ""detr_object_crop"", ""label"": ""cake"", ""score"": 0.9904012084007263, ""box"": [0, 0, 1300, 949]}"
d698d5cf7ce11a561e6380dab8069d8a2175a376,lager,bing,,data/raw/bing/lager/crystal_clear_lager_condensation_closeup_pub_-bottle_-can_-logo/000018.jpg,000018.jpg,1280,720,2025-10-04T18:05:06Z,c62ecbe4921ab69a,data/smart_cropped/d698d5cf7ce11a561e6380dab8069d8a2175a376.jpg,detr_object_crop,"{""method"": ""detr_object_crop"", ""label"": ""cake"", ""score"": 0.8216313719749451, ""box"": [73, 0, 1150, 720]}"
3aca3dba54f612b720a100752053bde618512677,lager,bing,,data/raw/bing/lager/crystal_clear_lager_condensation_closeup_pub_-bottle_-can_-logo/000034.jpg,000034.jpg,1300,956,2025-10-04T18:05:06Z,9c817e877f807d81,data/smart_cropped/3aca3dba54f612b720a100752053bde618512677.jpg,center_square_fallback,"{""method"": ""center_square_fallback"", ""label"": null, ""score"": null, ""box"": [172, 0, 1128, 956]}"
dcd9b67fa96404b0f4447b872c4e4edb5b84e236,lager,bing,,data/raw/bing/lager/crystal_clear_lager_condensation_closeup_pub_-bottle_-can_-logo/000020.jpg,000020.jpg,1300,957,2025-10-04T18:05:06Z,9cc17f876b837c80,data/smart_cropped/dcd9b67fa96404b0f4447b872c4e4edb5b84e236.jpg,detr_object_crop,"{""method"": ""detr_object_crop"", ""label"": ""wine glass"", ""score"": 0.9587380290031433, ""box"": [126, 0, 380, 230]}"
1ab4436a7029eeabb0e95ae345c6f0afb7ac751c,lager,bing,,data/raw/bing/lager/crystal_clear_lager_condensation_closeup_pub_-bottle_-can_-logo/000008.jpg,000008.jpg,861,1390,2025-10-04T18:05:06Z,ee836c8b50bf80f4,data/smart_cropped/1ab4436a7029eeabb0e95ae345c6f0afb7ac751c.jpg,detr_object_crop,"{""method"": ""detr_object_crop"", ""label"": ""laptop"", ""score"": 0.7899343371391296, ""box"": [0, 0, 861, 1390]}"
ca236675a8cffd72bd8deebc7c7f15b87e52fb62,lager,bing,,data/raw/bing/lager/crystal_clear_lager_condensation_closeup_pub_-bottle_-can_-logo/000009.jpg,000009.jpg,1300,956,2025-10-04T18:05:06Z,a0c07f975e917f80,data/smart_cropped/ca236675a8cffd72bd8deebc7c7f15b87e52fb62.jpg,detr_object_crop,"{""method"": ""detr_object_crop"", ""label"": ""cake"", ""score"": 0.8941863179206848, ""box"": [0, 0, 1300, 940]}"
f3057c6150a9c883da458a17945601db36041d9a,lager,bing,,data/raw/bing/lager/crystal_clear_lager_condensation_closeup_pub_-bottle_-can_-logo/000021.jpg,000021.jpg,1600,1156,2025-10-04T18:05:06Z,92dcec193a636966,data/smart_cropped/f3057c6150a9c883da458a17945601db36041d9a.jpg,center_square_fallback,"{""method"": ""center_square_fallback"", ""label"": null, ""score"": null, ""box"": [222, 0, 1378, 1156]}"
70ba0980396e083aba38d184ff1aafb3af316864,lager,bing,,data/raw/bing/lager/crystal_clear_lager_condensation_closeup_pub_-bottle_-can_-logo/000035.jpg,000035.jpg,1300,956,2025-10-04T18:05:06Z,b4b25bcd4cacc893,data/smart_cropped/70ba0980396e083aba38d184ff1aafb3af316864.jpg,detr_object_crop,"{""method"": ""detr_object_crop"", ""label"": ""vase"", ""score"": 0.9742991924285889, ""box"": [0, 23, 1027, 950]}"
2d55850e29f8eee2723aa7758cb1b44c46a35b67,lager,bing,,data/raw/bing/lager/crystal_clear_lager_condensation_closeup_pub_-bottle_-can_-logo/000023.jpg,000023.jpg,1280,720,2025-10-04T18:05:06Z,946e4bad9612b95a,data/smart_cropped/2d55850e29f8eee2723aa7758cb1b44c46a35b67.jpg,detr_object_crop,"{""method"": ""detr_object_crop"", ""label"": ""vase"", ""score"": 0.9826427698135376, ""box"": [75, 0, 1166, 720]}"
b2c1e6029e757730a7b206bd6fb8cd5e09fb7cd0,lager,bing,,data/raw/bing/lager/crystal_clear_lager_condensation_closeup_pub_-bottle_-can_-logo/000037.jpg,000037.jpg,1280,720,2025-10-04T18:05:06Z,f3f415a31cd11e2a,data/smart_cropped/b2c1e6029e757730a7b206bd6fb8cd5e09fb7cd0.jpg,detr_object_crop,"{""method"": ""detr_object_crop"", ""label"": ""bottle"", ""score"": 0.9984099864959717, ""box"": [24, 173, 363, 720]}"
acf01580c63a023b776fef9aee0f4c034745d36f,lager,bing,,data/raw/bing/lager/crystal_clear_lager_condensation_closeup_pub_-bottle_-can_-logo/000036.jpg,000036.jpg,979,1390,2025-10-04T18:05:06Z,f6a3588e5ca35c89,data/smart_cropped/acf01580c63a023b776fef9aee0f4c034745d36f.jpg,detr_object_crop,"{""method"": ""detr_object_crop"", ""label"": ""cup"", ""score"": 0.7871472835540771, ""box"": [250, 59, 725, 1218]}"
c00ba4f5ca37dbfe871fe5b7b37abf9f77ea0ee3,lager,bing,,data/raw/bing/lager/crystal_clear_lager_condensation_closeup_pub_-bottle_-can_-logo/000022.jpg,000022.jpg,1600,1157,2025-10-04T18:05:06Z,80807f8eff827c8b,data/smart_cropped/c00ba4f5ca37dbfe871fe5b7b37abf9f77ea0ee3.jpg,center_square_fallback,"{""method"": ""center_square_fallback"", ""label"": null, ""score"": null, ""box"": [221, 0, 1378, 1157]}"
2940e7cae50d948dd31d3529b1656da92b534ab9,lager,bing,,data/raw/bing/lager/crystal_clear_lager_condensation_closeup_pub_-bottle_-can_-logo/000050.jpg,000050.jpg,1280,720,2025-10-04T18:05:06Z,9b64359bc6c96433,data/smart_cropped/2940e7cae50d948dd31d3529b1656da92b534ab9.jpg,detr_object_crop,"{""method"": ""detr_object_crop"", ""label"": ""hot dog"", ""score"": 0.9762057065963745, ""box"": [360, 205, 886, 720]}"
ab34a3598358bbdf3634bf3c823d9234a69df706,lager,bing,,data/raw/bing/lager/crystal_clear_lager_condensation_closeup_pub_-bottle_-can_-logo/000044.jpg,000044.jpg,960,670,2025-10-04T18:05:06Z,e3958c13926a6d9d,data/smart_cropped/ab34a3598358bbdf3634bf3c823d9234a69df706.jpg,detr_object_crop,"{""method"": ""detr_object_crop"", ""label"": ""cup"", ""score"": 0.9931172132492065, ""box"": [291, 42, 960, 670]}"
ccfd0f801bd5b276987b135b934f12c95c6a01a7,lager,bing,,data/raw/bing/lager/crystal_clear_lager_condensation_closeup_pub_-bottle_-can_-logo/000052.jpg,000052.jpg,1600,1157,2025-10-04T18:05:06Z,ea87dde814ea04e9,data/smart_cropped/ccfd0f801bd5b276987b135b934f12c95c6a01a7.jpg,center_square_fallback,"{""method"": ""center_square_fallback"", ""label"": null, ""score"": null, ""box"": [221, 0, 1378, 1157]}"
121e60cfae178880f32f712824b47f954972112a,lager,bing,,data/raw/bing/lager/crystal_clear_lager_condensation_closeup_pub_-bottle_-can_-logo/000046.jpg,000046.jpg,1300,956,2025-10-04T18:05:06Z,a8a07fd679d57480,data/smart_cropped/121e60cfae178880f32f712824b47f954972112a.jpg,center_square_fallback,"{""method"": ""center_square_fallback"", ""label"": null, ""score"": null, ""box"": [172, 0, 1128, 956]}"
0f1585b7538924213bbf750249e0cfa28710e1dc,lager,bing,,data/raw/bing/lager/crystal_clear_lager_condensation_closeup_pub_-bottle_-can_-logo/000047.jpg,000047.jpg,1280,720,2025-10-04T18:05:06Z,c02b4fe4d2f285e3,data/smart_cropped/0f1585b7538924213bbf750249e0cfa28710e1dc.jpg,center_square_fallback,"{""method"": ""center_square_fallback"", ""label"": null, ""score"": null, ""box"": [280, 0, 1000, 720]}"
8ca0ea8923d3889a5cf06c25bb84151aef7cdc7a,lager,bing,,data/raw/bing/lager/crystal_clear_lager_condensation_closeup_pub_-bottle_-can_-logo/000053.jpg,000053.jpg,1280,720,2025-10-04T18:05:06Z,e9c2cfc61d9913c1,data/smart_cropped/8ca0ea8923d3889a5cf06c25bb84151aef7cdc7a.jpg,center_square_fallback,"{""method"": ""center_square_fallback"", ""label"": null, ""score"": null, ""box"": [280, 0, 1000, 720]}"
5832fa005aabd0b487e9986de62902f150aaac24,lager,bing,,data/raw/bing/lager/crystal_clear_lager_condensation_closeup_pub_-bottle_-can_-logo/000043.jpg,000043.jpg,1600,1157,2025-10-04T18:05:06Z,80977c8777837c8a,data/smart_cropped/5832fa005aabd0b487e9986de62902f150aaac24.jpg,center_square_fallback,"{""method"": ""center_square_fallback"", ""label"": null, ""score"": null, ""box"": [221, 0, 1378, 1157]}"
29d1bdd983dc41cb49d097caf1ceb5be445eddc3,lager,bing,,data/raw/bing/lager/crystal_clear_lager_condensation_closeup_pub_-bottle_-can_-logo/000056.jpg,000056.jpg,638,1390,2025-10-04T18:05:06Z,b18646b95cbd5887,data/smart_cropped/29d1bdd983dc41cb49d097caf1ceb5be445eddc3.jpg,detr_object_crop,"{""method"": ""detr_object_crop"", ""label"": ""vase"", ""score"": 0.9401744604110718, ""box"": [125, 52, 509, 1240]}"
3b76c80457dfab493562fb5f29096b4728478a9c,lager,bing,,data/raw/bing/lager/crystal_clear_lager_condensation_closeup_pub_-bottle_-can_-logo/000040.jpg,000040.jpg,800,533,2025-10-04T18:05:06Z,af9a63cb61e1089d,data/smart_cropped/3b76c80457dfab493562fb5f29096b4728478a9c.jpg,center_square_fallback,"{""method"": ""center_square_fallback"", ""label"": null, ""score"": null, ""box"": [133, 0, 666, 533]}"
f0434a5d705fad4369011abb9e0499fcb436a1a2,lager,bing,,data/raw/bing/lager/crystal_clear_lager_condensation_closeup_pub_-bottle_-can_-logo/000054.jpg,000054.jpg,1280,720,2025-10-04T18:05:06Z,e3c7cc9cc68c638c,data/smart_cropped/f0434a5d705fad4369011abb9e0499fcb436a1a2.jpg,detr_object_crop,"{""method"": ""detr_object_crop"", ""label"": ""bottle"", ""score"": 0.8887646794319153, ""box"": [316, 0, 1280, 720]}"
62e8a4063eda2e7db760f60ea455a180274794a4,lager,bing,,data/raw/bing/lager/crystal_clear_lager_condensation_closeup_pub_-bottle_-can_-logo/000055.jpg,000055.jpg,800,534,2025-10-04T18:05:06Z,80ff0fc26cd912ec,data/smart_cropped/62e8a4063eda2e7db760f60ea455a180274794a4.jpg,detr_object_crop,"{""method"": ""detr_object_crop"", ""label"": ""cake"", ""score"": 0.9978922009468079, ""box"": [0, 0, 800, 534]}"
b9b45ce7fae8718d21f26e54af51a5e3bda3e880,lager,bing,,data/raw/bing/lager/crystal_clear_lager_condensation_closeup_pub_-bottle_-can_-logo/000041.jpg,000041.jpg,800,534,2025-10-04T18:05:06Z,80d154d9d4c5d69f,data/smart_cropped/b9b45ce7fae8718d21f26e54af51a5e3bda3e880.jpg,detr_object_crop,"{""method"": ""detr_object_crop"", ""label"": ""cake"", ""score"": 0.8179030418395996, ""box"": [0, 0, 800, 534]}"
1d22275a857b0d675ed9fe7c2898335d512b3a01,lager,bing,,data/raw/bing/lager/crystal_clear_lager_condensation_closeup_pub_-bottle_-can_-logo/000058.jpg,000058.jpg,1500,1101,2025-10-04T18:05:06Z,a2aee0c77dc75089,data/smart_cropped/1d22275a857b0d675ed9fe7c2898335d512b3a01.jpg,detr_object_crop,"{""method"": ""detr_object_crop"", ""label"": ""cake"", ""score"": 0.9988999366760254, ""box"": [0, 0, 1500, 1101]}"
0c13ad8e2a0f454439cdce2b2c33812fec1edca3,lager,bing,,data/raw/bing/lager/crystal_clear_lager_condensation_closeup_pub_-bottle_-can_-logo/000064.jpg,000064.jpg,939,1390,2025-10-04T18:05:06Z,f687588358ad5c87,data/smart_cropped/0c13ad8e2a0f454439cdce2b2c33812fec1edca3.jpg,detr_object_crop,"{""method"": ""detr_object_crop"", ""label"": ""bottle"", ""score"": 0.996898889541626, ""box"": [234, 17, 701, 1242]}"
fe0e6807f88aab85b91e15443559bda1fdde6e4f,lager,bing,,data/raw/bing/lager/crystal_clear_lager_condensation_closeup_pub_-bottle_-can_-logo/000065.jpg,000065.jpg,1600,1157,2025-10-04T18:05:06Z,f5d13aca52ac4936,data/smart_cropped/fe0e6807f88aab85b91e15443559bda1fdde6e4f.jpg,detr_object_crop,"{""method"": ""detr_object_crop"", ""label"": ""clock"", ""score"": 0.8212745785713196, ""box"": [0, 0, 1600, 1157]}"
9e1b1fea1ce7b118973e43bdf7898206a416d7fa,lager,bing,,data/raw/bing/lager/crystal_clear_lager_condensation_closeup_pub_-bottle_-can_-logo/000059.jpg,000059.jpg,1280,720,2025-10-04T18:05:06Z,8ce3e3f1f1f01838,data/smart_cropped/9e1b1fea1ce7b118973e43bdf7898206a416d7fa.jpg,center_square_fallback,"{""method"": ""center_square_fallback"", ""label"": null, ""score"": null, ""box"": [280, 0, 1000, 720]}"
d3efd804856d9efe0718f26d6ee51a55bdc626b7,lager,bing,,data/raw/bing/lager/crystal_clear_lager_condensation_closeup_pub_-bottle_-can_-logo/000062.jpg,000062.jpg,1065,1690,2025-10-04T18:05:06Z,c63c78d3308eb279,data/smart_cropped/d3efd804856d9efe0718f26d6ee51a55bdc626b7.jpg,detr_object_crop,"{""method"": ""detr_object_crop"", ""label"": ""vase"", ""score"": 0.8216975331306458, ""box"": [83, 210, 928, 1527]}"
013c91de5af92826c96a97727df899b5ca79ec42,lager,bing,,data/raw/bing/lager/crystal_clear_lager_condensation_closeup_pub_-bottle_-can_-logo/000061.jpg,000061.jpg,1920,1280,2025-10-04T18:05:06Z,df371781c1c1e1f0,data/smart_cropped/013c91de5af92826c96a97727df899b5ca79ec42.jpg,center_square_fallback,"{""method"": ""center_square_fallback"", ""label"": null, ""score"": null, ""box"": [320, 0, 1600, 1280]}"
be2a31fc434e34b94952561f26a480fa5683e924,lager,bing,,data/raw/bing/lager/crystal_clear_lager_condensation_closeup_pub_-bottle_-can_-logo/000049.jpg,000049.jpg,1280,720,2025-10-04T18:05:06Z,f883878f8f9c98b0,data/smart_cropped/be2a31fc434e34b94952561f26a480fa5683e924.jpg,center_square_fallback,"{""method"": ""center_square_fallback"", ""label"": null, ""score"": null, ""box"": [280, 0, 1000, 720]}"
ce54868ca152e5fa7cf1e214ea8add5a8f3c93ba,lager,bing,,data/raw/bing/lager/crystal_clear_lager_condensation_closeup_pub_-bottle_-can_-logo/000048.jpg,000048.jpg,1280,720,2025-10-04T18:05:06Z,c0c13c3e3e3cf1f0,data/smart_cropped/ce54868ca152e5fa7cf1e214ea8add5a8f3c93ba.jpg,center_square_fallback,"{""method"": ""center_square_fallback"", ""label"": null, ""score"": null, ""box"": [280, 0, 1000, 720]}"
528e706d2abfdabe98938bc6a5ada08ccbdf2004,lager,bing,,data/raw/bing/lager/crystal_clear_lager_condensation_closeup_pub_-bottle_-can_-logo/000007.jpg,000007.jpg,1300,956,2025-10-04T18:05:06Z,fc852fa628ea5cd0,data/smart_cropped/528e706d2abfdabe98938bc6a5ada08ccbdf2004.jpg,detr_object_crop,"{""method"": ""detr_object_crop"", ""label"": ""laptop"", ""score"": 0.9985083937644958, ""box"": [0, 0, 1300, 952]}"
55abf4025bb94d41d438720972826660719b766a,lager,bing,,data/raw/bing/lager/crystal_clear_lager_condensation_closeup_pub_-bottle_-can_-logo/000013.jpg,000013.jpg,800,533,2025-10-04T18:05:06Z,bdcd30a33c110ff8,data/smart_cropped/55abf4025bb94d41d438720972826660719b766a.jpg,detr_object_crop,"{""method"": ""detr_object_crop"", ""label"": ""remote"", ""score"": 0.9895590543746948, ""box"": [0, 0, 800, 533]}"
71efb386e3c57b276263b2dc060512b302db9149,lager,bing,,data/raw/bing/lager/crystal_clear_lager_condensation_closeup_pub_-bottle_-can_-logo/000012.jpg,000012.jpg,1300,956,2025-10-04T18:05:06Z,a5817e877e857c81,data/smart_cropped/71efb386e3c57b276263b2dc060512b302db9149.jpg,center_square_fallback,"{""method"": ""center_square_fallback"", ""label"": null, ""score"": null, ""box"": [172, 0, 1128, 956]}"
cbb99423083dca55ecc3e419fbe33848b7c7854a,lager,bing,,data/raw/bing/lager/crystal_clear_lager_condensation_closeup_pub_-bottle_-can_-logo/000038.jpg,000038.jpg,800,534,2025-10-04T18:05:06Z,aaf949c8c8d8d4d6,data/smart_cropped/cbb99423083dca55ecc3e419fbe33848b7c7854a.jpg,center_square_fallback,"{""method"": ""center_square_fallback"", ""label"": null, ""score"": null, ""box"": [133, 0, 667, 534]}"
cde9aa502ae9c1be730c877839a9879f29734572,lager,bing,,data/raw/bing/lager/crystal_clear_lager_condensation_closeup_pub_-bottle_-can_-logo/000010.jpg,000010.jpg,800,534,2025-10-04T18:05:06Z,80f0fa988e96bab5,data/smart_cropped/cde9aa502ae9c1be730c877839a9879f29734572.jpg,center_square_fallback,"{""method"": ""center_square_fallback"", ""label"": null, ""score"": null, ""box"": [133, 0, 667, 534]}"
618aecea2bfc39da93ac98c5f83c26abf27d3d1c,lager,bing,,data/raw/bing/lager/crystal_clear_lager_condensation_closeup_pub_-bottle_-can_-logo/000004.jpg,000004.jpg,1600,1156,2025-10-04T18:05:06Z,9356a48dcd52696d,data/smart_cropped/618aecea2bfc39da93ac98c5f83c26abf27d3d1c.jpg,detr_object_crop,"{""method"": ""detr_object_crop"", ""label"": ""cup"", ""score"": 0.989544689655304, ""box"": [805, 0, 1483, 1082]}"
2bd8b1d9748a75ed5e026570b4414471b1d6da42,lager,bing,,data/raw/bing/lager/crystal_clear_lager_condensation_closeup_pub_-bottle_-can_-logo/000011.jpg,000011.jpg,800,533,2025-10-04T18:05:06Z,b5ba26cd1cae2632,data/smart_cropped/2bd8b1d9748a75ed5e026570b4414471b1d6da42.jpg,detr_object_crop,"{""method"": ""detr_object_crop"", ""label"": ""clock"", ""score"": 0.8537564873695374, ""box"": [0, 0, 800, 533]}"
1f11dadb86701bc9660aced6ef4acd9033b49cb2,lager,bing,,data/raw/bing/lager/crystal_clear_lager_condensation_closeup_pub_-bottle_-can_-logo/000039.jpg,000039.jpg,800,533,2025-10-04T18:05:06Z,81c1a0f1b55f5b53,data/smart_cropped/1f11dadb86701bc9660aced6ef4acd9033b49cb2.jpg,detr_object_crop,"{""method"": ""detr_object_crop"", ""label"": ""cake"", ""score"": 0.9973137974739075, ""box"": [0, 0, 800, 533]}"
b9474d48d8324d6eda1197f6d1577ec5196a1ce8,lager,bing,,data/raw/bing/lager/crystal_clear_lager_condensation_closeup_pub_-bottle_-can_-logo/000015.jpg,000015.jpg,1300,1390,2025-10-04T18:05:06Z,bc807e867d817e83,data/smart_cropped/b9474d48d8324d6eda1197f6d1577ec5196a1ce8.jpg,center_square_fallback,"{""method"": ""center_square_fallback"", ""label"": null, ""score"": null, ""box"": [0, 45, 1300, 1345]}"
bbb9d5b42ddc2c826beac4c73802192f6a447a84,lager,bing,,data/raw/bing/lager/crystal_clear_lager_condensation_closeup_pub_-bottle_-can_-logo/000001.jpg,000001.jpg,850,1390,2025-10-04T18:05:06Z,a8c7749778af6083,data/smart_cropped/bbb9d5b42ddc2c826beac4c73802192f6a447a84.jpg,center_square_fallback,"{""method"": ""center_square_fallback"", ""label"": null, ""score"": null, ""box"": [0, 270, 850, 1120]}"
4d32b9ff347fed6b7ce938991d2717f8bb6857fc,lager,bing,,data/raw/bing/lager/crystal_clear_lager_condensation_closeup_pub_-bottle_-can_-logo/000029.jpg,000029.jpg,800,534,2025-10-04T18:05:06Z,aa90f77f1f3c8084,data/smart_cropped/4d32b9ff347fed6b7ce938991d2717f8bb6857fc.jpg,center_square_fallback,"{""method"": ""center_square_fallback"", ""label"": null, ""score"": null, ""box"": [133, 0, 667, 534]}"
4cad8eedd30c969e90ab2977896fb14e1efecf0d,lager,bing,,data/raw/bing/lager/crystal_clear_lager_condensation_closeup_pub_-bottle_-can_-logo/000028.jpg,000028.jpg,1000,667,2025-10-04T18:05:06Z,81f0fe988e97ba30,data/smart_cropped/4cad8eedd30c969e90ab2977896fb14e1efecf0d.jpg,center_square_fallback,"{""method"": ""center_square_fallback"", ""label"": null, ""score"": null, ""box"": [166, 0, 833, 667]}"
67c6aec421ffba31b04e0d4b3c895493e6e7ad12,lager,bing,,data/raw/bing/lager/crystal_clear_lager_condensation_closeup_pub_-bottle_-can_-logo/000014.jpg,000014.jpg,626,626,2025-10-04T18:05:06Z,d5686aeec7839198,data/smart_cropped/67c6aec421ffba31b04e0d4b3c895493e6e7ad12.jpg,detr_object_crop,"{""method"": ""detr_object_crop"", ""label"": ""clock"", ""score"": 0.7608910202980042, ""box"": [0, 80, 626, 626]}"
2bba88acce0cfdf89eba782961f883cc89537161,lager,bing,,data/raw/bing/lager/crystal_clear_lager_condensation_closeup_pub_-bottle_-can_-logo/000016.jpg,000016.jpg,866,1390,2025-10-04T18:05:06Z,c9da3605342f3537,data/smart_cropped/2bba88acce0cfdf89eba782961f883cc89537161.jpg,detr_object_crop,"{""method"": ""detr_object_crop"", ""label"": ""cup"", ""score"": 0.9946650266647339, ""box"": [0, 82, 689, 1250]}"
32093ad437195a6ea2bc2af211f22ac3d4984aa2,lager,bing,,data/raw/bing/lager/crystal_clear_lager_condensation_closeup_pub_-bottle_-can_-logo/000017.jpg,000017.jpg,1500,1101,2025-10-04T18:05:06Z,808778877d87788f,data/smart_cropped/32093ad437195a6ea2bc2af211f22ac3d4984aa2.jpg,detr_object_crop,"{""method"": ""detr_object_crop"", ""label"": ""vase"", ""score"": 0.7888264656066895, ""box"": [0, 0, 1500, 1101]}"
11f1518dbafbb0f8f329fb34a3c70f31d980c8a3,lager,bing,,data/raw/bing/lager/crystal_clear_lager_condensation_closeup_pub_-bottle_-can_-logo/000003.jpg,000003.jpg,1215,1800,2025-10-04T18:05:06Z,d5e5b69290d63f20,data/smart_cropped/11f1518dbafbb0f8f329fb34a3c70f31d980c8a3.jpg,center_square_fallback,"{""method"": ""center_square_fallback"", ""label"": null, ""score"": null, ""box"": [0, 292, 1215, 1507]}"
566b3715330b70b77c1c96486c154fcaf8130348,lager,bing,,data/raw/bing/lager/golden_lager_on_tap_pint_glass_foam_head_-bottle_-can_-logo/000026.jpg,000026.jpg,1005,1600,2025-10-04T18:06:28Z,eccfc3c0d2b016b5,data/smart_cropped/566b3715330b70b77c1c96486c154fcaf8130348.jpg,center_square_fallback,"{""method"": ""center_square_fallback"", ""label"": null, ""score"": null, ""box"": [0, 297, 1005, 1302]}"
ec300e675e6940fc7b86f8c36c6df79ad0833971,lager,bing,,data/raw/bing/lager/golden_lager_on_tap_pint_glass_foam_head_-bottle_-can_-logo/000032.jpg,000032.jpg,626,626,2025-10-04T18:06:28Z,96d9b10f139919ad,data/smart_cropped/ec300e675e6940fc7b86f8c36c6df79ad0833971.jpg,detr_object_crop,"{""method"": ""detr_object_crop"", ""label"": ""cup"", ""score"": 0.9993757605552673, ""box"": [143, 145, 551, 626]}"
190d34b445127a72f4f3f2e0ebcac58890be0b36,lager,bing,,data/raw/bing/lager/golden_lager_on_tap_pint_glass_foam_head_-bottle_-can_-logo/000033.jpg,000033.jpg,2940,1960,2025-10-04T18:06:28Z,c04f2ff0711bdc62,data/smart_cropped/190d34b445127a72f4f3f2e0ebcac58890be0b36.jpg,detr_object_crop,"{""method"": ""detr_object_crop"", ""label"": ""cup"", ""score"": 0.9981897473335266, ""box"": [1268, 529, 2330, 1893]}"
466cd3b13eed69397e1c6d69a367ec9a9403bbf1,lager,bing,,data/raw/bing/lager/golden_lager_on_tap_pint_glass_foam_head_-bottle_-can_-logo/000027.jpg,000027.jpg,1470,980,2025-10-04T18:06:28Z,c0c27e3533a92d6d,data/smart_cropped/466cd3b13eed69397e1c6d69a367ec9a9403bbf1.jpg,detr_object_crop,"{""method"": ""detr_object_crop"", ""label"": ""cup"", ""score"": 0.9973602890968323, ""box"": [24, 258, 440, 887]}"
ae327c33abddaffa9cbae6808f1a6fa6d64bc06d,lager,bing,,data/raw/bing/lager/golden_lager_on_tap_pint_glass_foam_head_-bottle_-can_-logo/000031.jpg,000031.jpg,880,586,2025-10-04T18:06:28Z,cd33324c724d768e,data/smart_cropped/ae327c33abddaffa9cbae6808f1a6fa6d64bc06d.jpg,detr_object_crop,"{""method"": ""detr_object_crop"", ""label"": ""cup"", ""score"": 0.9493770003318787, ""box"": [149, 47, 610, 586]}"
fe2d31351579128f2133d6d65f288ad906d0b6b0,lager,bing,,data/raw/bing/lager/golden_lager_on_tap_pint_glass_foam_head_-bottle_-can_-logo/000025.jpg,000025.jpg,1307,1960,2025-10-04T18:06:28Z,961d3970636ec792,data/smart_cropped/fe2d31351579128f2133d6d65f288ad906d0b6b0.jpg,detr_object_crop,"{""method"": ""detr_object_crop"", ""label"": ""cup"", ""score"": 0.987905740737915, ""box"": [269, 333, 1194, 1864]}"
a092d08bd1a2ad7386dcb90d5559781a07570503,lager,bing,,data/raw/bing/lager/golden_lager_on_tap_pint_glass_foam_head_-bottle_-can_-logo/000018.jpg,000018.jpg,1300,956,2025-10-04T18:06:28Z,878b5a866dd336c1,data/smart_cropped/a092d08bd1a2ad7386dcb90d5559781a07570503.jpg,detr_object_crop,"{""method"": ""detr_object_crop"", ""label"": ""cup"", ""score"": 0.9974433183670044, ""box"": [452, 111, 1068, 870]}"
676a39633b578c534b9da1d663adb2c892fd539c,lager,bing,,data/raw/bing/lager/golden_lager_on_tap_pint_glass_foam_head_-bottle_-can_-logo/000034.jpg,000034.jpg,626,626,2025-10-04T18:06:28Z,d147e03133f00fcf,data/smart_cropped/676a39633b578c534b9da1d663adb2c892fd539c.jpg,detr_object_crop,"{""method"": ""detr_object_crop"", ""label"": ""cup"", ""score"": 0.9991212487220764, ""box"": [137, 66, 452, 589]}"
9ee2f3718a63267ca39e49c2119289d6c9a670ae,lager,bing,,data/raw/bing/lager/golden_lager_on_tap_pint_glass_foam_head_-bottle_-can_-logo/000020.jpg,000020.jpg,626,626,2025-10-04T18:06:28Z,838fc3fc783c6870,data/smart_cropped/9ee2f3718a63267ca39e49c2119289d6c9a670ae.jpg,detr_object_crop,"{""method"": ""detr_object_crop"", ""label"": ""cup"", ""score"": 0.9975041747093201, ""box"": [432, 0, 626, 438]}"
18c21647d81337bfeeff80ac2a4946302e14d00a,lager,bing,,data/raw/bing/lager/golden_lager_on_tap_pint_glass_foam_head_-bottle_-can_-logo/000008.jpg,000008.jpg,626,626,2025-10-04T18:06:28Z,da4067a303de19fa,data/smart_cropped/18c21647d81337bfeeff80ac2a4946302e14d00a.jpg,detr_object_crop,"{""method"": ""detr_object_crop"", ""label"": ""cup"", ""score"": 0.9988561868667603, ""box"": [103, 130, 513, 603]}"
7ba47c1f2a3d287f562244896bb83646932c2dcc,lager,bing,,data/raw/bing/lager/golden_lager_on_tap_pint_glass_foam_head_-bottle_-can_-logo/000009.jpg,000009.jpg,1066,1690,2025-10-04T18:06:28Z,86163b79702d2fa6,data/smart_cropped/7ba47c1f2a3d287f562244896bb83646932c2dcc.jpg,center_square_fallback,"{""method"": ""center_square_fallback"", ""label"": null, ""score"": null, ""box"": [0, 312, 1066, 1378]}"
831212447fdad937c75b31080fc731a7ae98f07d,lager,bing,,data/raw/bing/lager/golden_lager_on_tap_pint_glass_foam_head_-bottle_-can_-logo/000021.jpg,000021.jpg,600,900,2025-10-04T18:06:28Z,9639317a36a553c5,data/smart_cropped/831212447fdad937c75b31080fc731a7ae98f07d.jpg,detr_object_crop,"{""method"": ""detr_object_crop"", ""label"": ""cup"", ""score"": 0.9992982149124146, ""box"": [127, 162, 501, 873]}"
9b1e5cbcd56856d3214cc23318c4f588a6a8d2c9,lager,bing,,data/raw/bing/lager/golden_lager_on_tap_pint_glass_foam_head_-bottle_-can_-logo/000035.jpg,000035.jpg,1600,1156,2025-10-04T18:06:28Z,8cdc7727232bd446,data/smart_cropped/9b1e5cbcd56856d3214cc23318c4f588a6a8d2c9.jpg,detr_object_crop,"{""method"": ""detr_object_crop"", ""label"": ""wine glass"", ""score"": 0.9883356094360352, ""box"": [600, 262, 1004, 949]}"
bebfb6d8cb530092a9999788807be4773b1aae6d,lager,bing,,data/raw/bing/lager/golden_lager_on_tap_pint_glass_foam_head_-bottle_-can_-logo/000023.jpg,000023.jpg,626,626,2025-10-04T18:06:28Z,c1da70a13c9cfab1,data/smart_cropped/bebfb6d8cb530092a9999788807be4773b1aae6d.jpg,detr_object_crop,"{""method"": ""detr_object_crop"", ""label"": ""cup"", ""score"": 0.9981316924095154, ""box"": [157, 136, 454, 604]}"
4fda4935a2de0bc1419acacd4ce139ac69602ce3,lager,bing,,data/raw/bing/lager/golden_lager_on_tap_pint_glass_foam_head_-bottle_-can_-logo/000037.jpg,000037.jpg,1307,1960,2025-10-04T18:06:28Z,95356aea8b9e7460,data/smart_cropped/4fda4935a2de0bc1419acacd4ce139ac69602ce3.jpg,detr_object_crop,"{""method"": ""detr_object_crop"", ""label"": ""cup"", ""score"": 0.9927661418914795, ""box"": [287, 692, 845, 1647]}"
bb910fbab64e55685c706b1c70b1a4eed54d51a4,lager,bing,,data/raw/bing/lager/golden_lager_on_tap_pint_glass_foam_head_-bottle_-can_-logo/000036.jpg,000036.jpg,800,533,2025-10-04T18:06:28Z,d41c6af6643399d2,data/smart_cropped/bb910fbab64e55685c706b1c70b1a4eed54d51a4.jpg,detr_object_crop,"{""method"": ""detr_object_crop"", ""label"": ""wine glass"", ""score"": 0.9940920472145081, ""box"": [191, 36, 432, 415]}"
9650175abe4acfa7441de1618c320f521cc76408,lager,bing,,data/raw/bing/lager/golden_lager_on_tap_pint_glass_foam_head_-bottle_-can_-logo/000022.jpg,000022.jpg,626,626,2025-10-04T18:06:28Z,8aeab0e867e72326,data/smart_cropped/9650175abe4acfa7441de1618c320f521cc76408.jpg,detr_object_crop,"{""method"": ""detr_object_crop"", ""label"": ""cup"", ""score"": 0.8370748162269592, ""box"": [151, 11, 470, 622]}"
1e4b071cbaebfd48b509e4a8cceaff85479d2fb5,lager,bing,,data/raw/bing/lager/golden_lager_on_tap_pint_glass_foam_head_-bottle_-can_-logo/000045.jpg,000045.jpg,600,900,2025-10-04T18:06:28Z,c48f434bfc3e1ab0,data/smart_cropped/1e4b071cbaebfd48b509e4a8cceaff85479d2fb5.jpg,center_square_fallback,"{""method"": ""center_square_fallback"", ""label"": null, ""score"": null, ""box"": [0, 150, 600, 750]}"
808205a7a201761f9d00756b60e96bc674ca86fd,lager,bing,,data/raw/bing/lager/golden_lager_on_tap_pint_glass_foam_head_-bottle_-can_-logo/000051.jpg,000051.jpg,1066,1690,2025-10-04T18:06:28Z,d3c76e0f3d383070,data/smart_cropped/808205a7a201761f9d00756b60e96bc674ca86fd.jpg,center_square_fallback,"{""method"": ""center_square_fallback"", ""label"": null, ""score"": null, ""box"": [0, 312, 1066, 1378]}"
8a944e03c9feb410a161bb73290a3522fd3f7f4b,lager,bing,,data/raw/bing/lager/golden_lager_on_tap_pint_glass_foam_head_-bottle_-can_-logo/000050.jpg,000050.jpg,670,1000,2025-10-04T18:06:28Z,accfc3c0d1b49734,data/smart_cropped/8a944e03c9feb410a161bb73290a3522fd3f7f4b.jpg,detr_object_crop,"{""method"": ""detr_object_crop"", ""label"": ""cup"", ""score"": 0.9970276951789856, ""box"": [38, 4, 621, 1000]}"
267977576c0c12f5375a4f4925bb4d69574ff6bc,lager,bing,,data/raw/bing/lager/golden_lager_on_tap_pint_glass_foam_head_-bottle_-can_-logo/000044.jpg,000044.jpg,1066,1690,2025-10-04T18:06:28Z,d0d947273c1c1b67,data/smart_cropped/267977576c0c12f5375a4f4925bb4d69574ff6bc.jpg,detr_object_crop,"{""method"": ""detr_object_crop"", ""label"": ""clock"", ""score"": 0.9541927576065063, ""box"": [0, 490, 572, 1247]}"
eb4f9a2f94e1a50ad13fa2b48e2a6f4027e5b4c7,lager,bing,,data/raw/bing/lager/golden_lager_on_tap_pint_glass_foam_head_-bottle_-can_-logo/000052.jpg,000052.jpg,800,533,2025-10-04T18:06:28Z,9431397e64867d99,data/smart_cropped/eb4f9a2f94e1a50ad13fa2b48e2a6f4027e5b4c7.jpg,detr_object_crop,"{""method"": ""detr_object_crop"", ""label"": ""cup"", ""score"": 0.9942352175712585, ""box"": [328, 41, 665, 499]}"
1b62d0b63bedecb71995adf951a9914dee546ec6,lager,bing,,data/raw/bing/lager/golden_lager_on_tap_pint_glass_foam_head_-bottle_-can_-logo/000046.jpg,000046.jpg,1470,980,2025-10-04T18:06:28Z,971630a82fdbc28f,data/smart_cropped/1b62d0b63bedecb71995adf951a9914dee546ec6.jpg,detr_object_crop,"{""method"": ""detr_object_crop"", ""label"": ""wine glass"", ""score"": 0.9992398023605347, ""box"": [194, 222, 626, 894]}"
35c1e8c512841d9250d3301f6733179e2194fed0,lager,bing,,data/raw/bing/lager/golden_lager_on_tap_pint_glass_foam_head_-bottle_-can_-logo/000043.jpg,000043.jpg,1307,1960,2025-10-04T18:06:28Z,d3075b78f4242567,data/smart_cropped/35c1e8c512841d9250d3301f6733179e2194fed0.jpg,detr_object_crop,"{""method"": ""detr_object_crop"", ""label"": ""cup"", ""score"": 0.7766790986061096, ""box"": [214, 90, 1070, 1787]}"
a654eafa1d767180dc054e4d968fb93ec8586dd6,lager,bing,,data/raw/bing/lager/golden_lager_on_tap_pint_glass_foam_head_-bottle_-can_-logo/000054.jpg,000054.jpg,800,533,2025-10-04T18:06:28Z,9515393a58e2cb76,data/smart_cropped/a654eafa1d767180dc054e4d968fb93ec8586dd6.jpg,detr_object_crop,"{""method"": ""detr_object_crop"", ""label"": ""cup"", ""score"": 0.9985620379447937, ""box"": [403, 108, 593, 377]}"
24e16a53b8731967aaefae5109ba63b01c77137e,lager,bing,,data/raw/bing/lager/golden_lager_on_tap_pint_glass_foam_head_-bottle_-can_-logo/000068.jpg,000068.jpg,2940,1960,2025-10-04T18:06:28Z,d41f6b2b34548ae9,data/smart_cropped/24e16a53b8731967aaefae5109ba63b01c77137e.jpg,detr_object_crop,"{""method"": ""detr_object_crop"", ""label"": ""cup"", ""score"": 0.9773291945457458, ""box"": [1076, 261, 1996, 1734]}"
8c69964cd784b53594f9d220235e82e99e545a5e,lager,bing,,data/raw/bing/lager/golden_lager_on_tap_pint_glass_foam_head_-bottle_-can_-logo/000069.jpg,000069.jpg,903,1200,2025-10-04T18:06:28Z,d1da0a4b252d6e3e,data/smart_cropped/8c69964cd784b53594f9d220235e82e99e545a5e.jpg,detr_object_crop,"{""method"": ""detr_object_crop"", ""label"": ""wine glass"", ""score"": 0.9977510571479797, ""box"": [165, 0, 765, 1168]}"
094d0c6bdd02ca8d40365ea3f7a6fc2d8446f1d3,lager,bing,,data/raw/bing/lager/golden_lager_on_tap_pint_glass_foam_head_-bottle_-can_-logo/000055.jpg,000055.jpg,1470,980,2025-10-04T18:06:28Z,911f76e1615ecc89,data/smart_cropped/094d0c6bdd02ca8d40365ea3f7a6fc2d8446f1d3.jpg,detr_object_crop,"{""method"": ""detr_object_crop"", ""label"": ""cup"", ""score"": 0.9393919110298157, ""box"": [397, 143, 855, 936]}"
b11db7e9be2c1ef2efb26802b3a0864f89c593c2,lager,bing,,data/raw/bing/lager/golden_lager_on_tap_pint_glass_foam_head_-bottle_-can_-logo/000041.jpg,000041.jpg,654,980,2025-10-04T18:06:28Z,c7849e4e1b1a3b3a,data/smart_cropped/b11db7e9be2c1ef2efb26802b3a0864f89c593c2.jpg,center_square_fallback,"{""method"": ""center_square_fallback"", ""label"": null, ""score"": null, ""box"": [0, 163, 654, 817]}"
5a6edebf369fb9c1e39d2d3b8382ca4f9b8070f5,lager,bing,,data/raw/bing/lager/golden_lager_on_tap_pint_glass_foam_head_-bottle_-can_-logo/000058.jpg,000058.jpg,2940,1960,2025-10-04T18:06:28Z,d617789837c6486d,data/smart_cropped/5a6edebf369fb9c1e39d2d3b8382ca4f9b8070f5.jpg,detr_object_crop,"{""method"": ""detr_object_crop"", ""label"": ""wine glass"", ""score"": 0.9932770133018494, ""box"": [902, 484, 1665, 1820]}"
6444d3410366bf260cfdc7f89bc3c9f50f7e36bf,lager,bing,,data/raw/bing/lager/golden_lager_on_tap_pint_glass_foam_head_-bottle_-can_-logo/000064.jpg,000064.jpg,1049,1390,2025-10-04T18:06:28Z,ec8b53911ab468e7,data/smart_cropped/6444d3410366bf260cfdc7f89bc3c9f50f7e36bf.jpg,detr_object_crop,"{""method"": ""detr_object_crop"", ""label"": ""cup"", ""score"": 0.9579129219055176, ""box"": [131, 109, 927, 1266]}"
5709a25d6581d6495e14cead8cf46e428ac5f4ff,lager,bing,,data/raw/bing/lager/golden_lager_on_tap_pint_glass_foam_head_-bottle_-can_-logo/000070.jpg,000070.jpg,800,533,2025-10-04T18:06:28Z,c00d377f25da1e25,data/smart_cropped/5709a25d6581d6495e14cead8cf46e428ac5f4ff.jpg,detr_object_crop,"{""method"": ""detr_object_crop"", ""label"": ""cup"", ""score"": 0.9977645874023438, ""box"": [79, 203, 303, 533]}"
0920ffad56a5f8044cb7cc0f5ba5b37561a20abc,lager,bing,,data/raw/bing/lager/golden_lager_on_tap_pint_glass_foam_head_-bottle_-can_-logo/000071.jpg,000071.jpg,600,900,2025-10-04T18:06:28Z,e59a9e651926939a,data/smart_cropped/0920ffad56a5f8044cb7cc0f5ba5b37561a20abc.jpg,center_square_fallback,"{""method"": ""center_square_fallback"", ""label"": null, ""score"": null, ""box"": [0, 150, 600, 750]}"
6da79a89d64a9dacc9c0a1f256546c8d622fc354,lager,bing,,data/raw/bing/lager/golden_lager_on_tap_pint_glass_foam_head_-bottle_-can_-logo/000065.jpg,000065.jpg,1300,1161,2025-10-04T18:06:28Z,9625648c799376ec,data/smart_cropped/6da79a89d64a9dacc9c0a1f256546c8d622fc354.jpg,detr_object_crop,"{""method"": ""detr_object_crop"", ""label"": ""cup"", ""score"": 0.9599688649177551, ""box"": [539, 19, 1191, 1065]}"
bd52ee2e318c0bd4bc197188b174d7d2a38f444f,lager,bing,,data/raw/bing/lager/golden_lager_on_tap_pint_glass_foam_head_-bottle_-can_-logo/000059.jpg,000059.jpg,654,980,2025-10-04T18:06:28Z,d2c1ed0f1eb83c38,data/smart_cropped/bd52ee2e318c0bd4bc197188b174d7d2a38f444f.jpg,detr_object_crop,"{""method"": ""detr_object_crop"", ""label"": ""cup"", ""score"": 0.8390830755233765, ""box"": [54, 0, 581, 960]}"
79a7e7b31ecaef55065101dde740a7ff915f7cb5,lager,bing,,data/raw/bing/lager/golden_lager_on_tap_pint_glass_foam_head_-bottle_-can_-logo/000067.jpg,000067.jpg,2940,1960,2025-10-04T18:06:28Z,c60e43ee24b471db,data/smart_cropped/79a7e7b31ecaef55065101dde740a7ff915f7cb5.jpg,detr_object_crop,"{""method"": ""detr_object_crop"", ""label"": ""wine glass"", ""score"": 0.9981993436813354, ""box"": [625, 103, 1578, 1672]}"
9d9453b8bce0f688521ad0eb200ebf223bf35bcc,lager,bing,,data/raw/bing/lager/golden_lager_on_tap_pint_glass_foam_head_-bottle_-can_-logo/000072.jpg,000072.jpg,1600,1233,2025-10-04T18:06:28Z,b62d694bb634d04b,data/smart_cropped/9d9453b8bce0f688521ad0eb200ebf223bf35bcc.jpg,detr_object_crop,"{""method"": ""detr_object_crop"", ""label"": ""train"", ""score"": 0.8798853754997253, ""box"": [844, 0, 1540, 1171]}"
e49aca55461bb827ee517c5f22c60dbed1ea933a,lager,bing,,data/raw/bing/lager/golden_lager_on_tap_pint_glass_foam_head_-bottle_-can_-logo/000076.jpg,000076.jpg,626,626,2025-10-04T18:06:28Z,e29dd964b4c99463,data/smart_cropped/e49aca55461bb827ee517c5f22c60dbed1ea933a.jpg,detr_object_crop,"{""method"": ""detr_object_crop"", ""label"": ""vase"", ""score"": 0.9998034834861755, ""box"": [145, 69, 451, 621]}"
4f8e7e0471537d0324b060bc509997c18ff9654e,lager,bing,,data/raw/bing/lager/golden_lager_on_tap_pint_glass_foam_head_-bottle_-can_-logo/000063.jpg,000063.jpg,1600,934,2025-10-04T18:06:28Z,c7c3381f3c38bc38,data/smart_cropped/4f8e7e0471537d0324b060bc509997c18ff9654e.jpg,center_square_fallback,"{""method"": ""center_square_fallback"", ""label"": null, ""score"": null, ""box"": [333, 0, 1267, 934]}"
44e1b3f732371be1e3ddf41c8664afe86bd4281c,lager,bing,,data/raw/bing/lager/golden_lager_on_tap_pint_glass_foam_head_-bottle_-can_-logo/000077.jpg,000077.jpg,626,626,2025-10-04T18:06:28Z,d8196466b346f31e,data/smart_cropped/44e1b3f732371be1e3ddf41c8664afe86bd4281c.jpg,detr_object_crop,"{""method"": ""detr_object_crop"", ""label"": ""vase"", ""score"": 0.9990170001983643, ""box"": [143, 0, 486, 626]}"
fc12e7ec3d185b70033abfe23888de97599c7c2a,lager,bing,,data/raw/bing/lager/golden_lager_on_tap_pint_glass_foam_head_-bottle_-can_-logo/000075.jpg,000075.jpg,1840,3264,2025-10-04T18:06:28Z,c383c02f3c9f96c3,data/smart_cropped/fc12e7ec3d185b70033abfe23888de97599c7c2a.jpg,detr_object_crop,"{""method"": ""detr_object_crop"", ""label"": ""cup"", ""score"": 0.9662252068519592, ""box"": [87, 0, 1724, 3264]}"
4331ebbe1cd2fc6a836d6238a6671d090d18b2cf,lager,bing,,data/raw/bing/lager/golden_lager_on_tap_pint_glass_foam_head_-bottle_-can_-logo/000049.jpg,000049.jpg,654,980,2025-10-04T18:06:28Z,d752f0303667e64c,data/smart_cropped/4331ebbe1cd2fc6a836d6238a6671d090d18b2cf.jpg,detr_object_crop,"{""method"": ""detr_object_crop"", ""label"": ""cup"", ""score"": 0.9953664541244507, ""box"": [121, 155, 513, 942]}"
838b00b56856b777080811a1d7fb4b6c2435e8b1,lager,bing,,data/raw/bing/lager/golden_lager_on_tap_pint_glass_foam_head_-bottle_-can_-logo/000074.jpg,000074.jpg,800,572,2025-10-04T18:06:28Z,b6e96b966942c994,data/smart_cropped/838b00b56856b777080811a1d7fb4b6c2435e8b1.jpg,detr_object_crop,"{""method"": ""detr_object_crop"", ""label"": ""cup"", ""score"": 0.9887719750404358, ""box"": [443, 239, 772, 568]}"
f3c726998cbd13a6ef262a167ed7e5286079b4a6,lager,bing,,data/raw/bing/lager/golden_lager_on_tap_pint_glass_foam_head_-bottle_-can_-logo/000007.jpg,000007.jpg,900,1690,2025-10-04T18:06:28Z,91c0d285671e7f2e,data/smart_cropped/f3c726998cbd13a6ef262a167ed7e5286079b4a6.jpg,center_square_fallback,"{""method"": ""center_square_fallback"", ""label"": null, ""score"": null, ""box"": [0, 395, 900, 1295]}"
c668c888d6a52fa23531f18a68a11c031133692f,lager,bing,,data/raw/bing/lager/golden_lager_on_tap_pint_glass_foam_head_-bottle_-can_-logo/000013.jpg,000013.jpg,1600,1156,2025-10-04T18:06:28Z,9e9e786163529c0f,data/smart_cropped/c668c888d6a52fa23531f18a68a11c031133692f.jpg,detr_object_crop,"{""method"": ""detr_object_crop"", ""label"": ""cup"", ""score"": 0.9986091256141663, ""box"": [1090, 334, 1564, 948]}"
52cd0610c983b80961707026cd32a6eec27d2331,lager,bing,,data/raw/bing/lager/golden_lager_on_tap_pint_glass_foam_head_-bottle_-can_-logo/000006.jpg,000006.jpg,2940,1960,2025-10-04T18:06:28Z,951533b4a60e3f99,data/smart_cropped/52cd0610c983b80961707026cd32a6eec27d2331.jpg,detr_object_crop,"{""method"": ""detr_object_crop"", ""label"": ""wine glass"", ""score"": 0.9595381617546082, ""box"": [1190, 210, 2128, 1754]}"
c7fc265a691cf02319c000254bcf88da2c0780d1,lager,bing,,data/raw/bing/lager/golden_lager_on_tap_pint_glass_foam_head_-bottle_-can_-logo/000010.jpg,000010.jpg,866,1390,2025-10-04T18:06:28Z,eceb92941396648f,data/smart_cropped/c7fc265a691cf02319c000254bcf88da2c0780d1.jpg,center_square_fallback,"{""method"": ""center_square_fallback"", ""label"": null, ""score"": null, ""box"": [0, 262, 866, 1128]}"
abfd9583636675b891c1eabb8b173d06d1fa94c8,lager,bing,,data/raw/bing/lager/golden_lager_on_tap_pint_glass_foam_head_-bottle_-can_-logo/000004.jpg,000004.jpg,1307,1960,2025-10-04T18:06:28Z,c7c1353a7a3878b8,data/smart_cropped/abfd9583636675b891c1eabb8b173d06d1fa94c8.jpg,detr_object_crop,"{""method"": ""detr_object_crop"", ""label"": ""cup"", ""score"": 0.9944080114364624, ""box"": [162, 37, 1156, 1960]}"
d5406f995d94b64a901ed3748f87b99eba7ad45c,lager,bing,,data/raw/bing/lager/golden_lager_on_tap_pint_glass_foam_head_-bottle_-can_-logo/000005.jpg,000005.jpg,800,533,2025-10-04T18:06:28Z,d41673650ed88d3e,data/smart_cropped/d5406f995d94b64a901ed3748f87b99eba7ad45c.jpg,detr_object_crop,"{""method"": ""detr_object_crop"", ""label"": ""cup"", ""score"": 0.9982876181602478, ""box"": [249, 104, 559, 526]}"
419416b1947d1f3dcf50b56debbcb9a70c449156,lager,bing,,data/raw/bing/lager/golden_lager_on_tap_pint_glass_foam_head_-bottle_-can_-logo/000039.jpg,000039.jpg,800,533,2025-10-04T18:06:28Z,c35758e92476634e,data/smart_cropped/419416b1947d1f3dcf50b56debbcb9a70c449156.jpg,detr_object_crop,"{""method"": ""detr_object_crop"", ""label"": ""wine glass"", ""score"": 0.9917505383491516, ""box"": [302, 29, 601, 519]}"
6ad6d64b92ba1f54a3962d854dc1e125dad82f10,lager,bing,,data/raw/bing/lager/golden_lager_on_tap_pint_glass_foam_head_-bottle_-can_-logo/000015.jpg,000015.jpg,1300,956,2025-10-04T18:06:28Z,9b8564436ed37992,data/smart_cropped/6ad6d64b92ba1f54a3962d854dc1e125dad82f10.jpg,detr_object_crop,"{""method"": ""detr_object_crop"", ""label"": ""cup"", ""score"": 0.9971139430999756, ""box"": [548, 150, 1012, 868]}"
b413e20fc124c9abb17a26242fdd353cab3a5576,lager,bing,,data/raw/bing/lager/golden_lager_on_tap_pint_glass_foam_head_-bottle_-can_-logo/000001.jpg,000001.jpg,1300,956,2025-10-04T18:06:28Z,d4c1f4b52fed0981,data/smart_cropped/b413e20fc124c9abb17a26242fdd353cab3a5576.jpg,detr_object_crop,"{""method"": ""detr_object_crop"", ""label"": ""laptop"", ""score"": 0.8073258996009827, ""box"": [0, 0, 1300, 956]}"
da485d7f4193adf9b3916eed7f7c1b637756a9cc,lager,bing,,data/raw/bing/lager/golden_lager_on_tap_pint_glass_foam_head_-bottle_-can_-logo/000029.jpg,000029.jpg,1307,1960,2025-10-04T18:06:28Z,d752f0303667e64c,data/smart_cropped/da485d7f4193adf9b3916eed7f7c1b637756a9cc.jpg,detr_object_crop,"{""method"": ""detr_object_crop"", ""label"": ""cup"", ""score"": 0.9945217370986938, ""box"": [243, 325, 1024, 1883]}"
140b5200be2208088ff8dd85e613e29052014c98,lager,bing,,data/raw/bing/lager/golden_lager_on_tap_pint_glass_foam_head_-bottle_-can_-logo/000028.jpg,000028.jpg,600,900,2025-10-04T18:06:28Z,c6135a3437d2994f,data/smart_cropped/140b5200be2208088ff8dd85e613e29052014c98.jpg,detr_object_crop,"{""method"": ""detr_object_crop"", ""label"": ""cup"", ""score"": 0.9986749291419983, ""box"": [85, 187, 361, 734]}"
e5dae24efdf74001864d1cbd920344a06ee96f84,lager,bing,,data/raw/bing/lager/golden_lager_on_tap_pint_glass_foam_head_-bottle_-can_-logo/000014.jpg,000014.jpg,1066,1690,2025-10-04T18:06:28Z,830d7c787233abc9,data/smart_cropped/e5dae24efdf74001864d1cbd920344a06ee96f84.jpg,center_square_fallback,"{""method"": ""center_square_fallback"", ""label"": null, ""score"": null, ""box"": [0, 312, 1066, 1378]}"
1f0afad6d0b2ab9d5d984cab631e3bdf19124385,lager,bing,,data/raw/bing/lager/golden_lager_on_tap_pint_glass_foam_head_-bottle_-can_-logo/000002.jpg,000002.jpg,1470,980,2025-10-04T18:06:28Z,d0163f6f61e8911b,data/smart_cropped/1f0afad6d0b2ab9d5d984cab631e3bdf19124385.jpg,detr_object_crop,"{""method"": ""detr_object_crop"", ""label"": ""cup"", ""score"": 0.9982942938804626, ""box"": [0, 211, 333, 816]}"
f47cd18dea6c645dd0327ddc9e21210c537a1607,lager,bing,,data/raw/bing/lager/golden_lager_on_tap_pint_glass_foam_head_-bottle_-can_-logo/000016.jpg,000016.jpg,1066,1690,2025-10-04T18:06:28Z,d25ae9193916a66b,data/smart_cropped/f47cd18dea6c645dd0327ddc9e21210c537a1607.jpg,center_square_fallback,"{""method"": ""center_square_fallback"", ""label"": null, ""score"": null, ""box"": [0, 312, 1066, 1378]}"
2579bf0a4b3aa461a23489ecff7a1e0053e7a285,lager,bing,,data/raw/bing/lager/golden_lager_on_tap_pint_glass_foam_head_-bottle_-can_-logo/000017.jpg,000017.jpg,600,900,2025-10-04T18:06:28Z,97943cf961266ec1,data/smart_cropped/2579bf0a4b3aa461a23489ecff7a1e0053e7a285.jpg,detr_object_crop,"{""method"": ""detr_object_crop"", ""label"": ""wine glass"", ""score"": 0.9424318075180054, ""box"": [139, 120, 474, 763]}"
f297108da62dfdf3ba3165a06e76851452b98cf3,lager,bing,,data/raw/bing/lager/golden_lager_on_tap_pint_glass_foam_head_-bottle_-can_-logo/000003.jpg,000003.jpg,2940,1960,2025-10-04T18:06:28Z,961c29b36313be9c,data/smart_cropped/f297108da62dfdf3ba3165a06e76851452b98cf3.jpg,detr_object_crop,"{""method"": ""detr_object_crop"", ""label"": ""cup"", ""score"": 0.9974825978279114, ""box"": [676, 165, 2055, 1909]}"
fb468eff47153e4add3082af5fb0522a8b2e3f06,wheat,bing,,data/raw/bing/wheat/wheat_beer_in_weizen_tall_glass_cloudy_-bottle_-can_-logo_-mockup/000026.jpg,000026.jpg,1600,1690,2025-10-04T18:07:36Z,e19286cb1ced5ae4,data/smart_cropped/fb468eff47153e4add3082af5fb0522a8b2e3f06.jpg,center_square_fallback,"{""method"": ""center_square_fallback"", ""label"": null, ""score"": null, ""box"": [0, 45, 1600, 1645]}"
bcfebc478e7363b32963257e1e8458f48e233dcc,wheat,bing,,data/raw/bing/wheat/wheat_beer_in_weizen_tall_glass_cloudy_-bottle_-can_-logo_-mockup/000032.jpg,000032.jpg,667,1000,2025-10-04T18:07:36Z,e1cf9a939a20cf64,data/smart_cropped/bcfebc478e7363b32963257e1e8458f48e233dcc.jpg,detr_object_crop,"{""method"": ""detr_object_crop"", ""label"": ""wine glass"", ""score"": 0.9230263829231262, ""box"": [145, 68, 536, 970]}"
6efe9d653a7b2bc3efc094bbb1df3901901fc29a,wheat,bing,,data/raw/bing/wheat/wheat_beer_in_weizen_tall_glass_cloudy_-bottle_-can_-logo_-mockup/000027.jpg,000027.jpg,600,900,2025-10-04T18:07:36Z,d09e0f6f63618c35,data/smart_cropped/6efe9d653a7b2bc3efc094bbb1df3901901fc29a.jpg,detr_object_crop,"{""method"": ""detr_object_crop"", ""label"": ""cup"", ""score"": 0.9955586194992065, ""box"": [86, 13, 556, 733]}"
59d25eeef7811419cc4df15d959031ae07b43da8,wheat,bing,,data/raw/bing/wheat/wheat_beer_in_weizen_tall_glass_cloudy_-bottle_-can_-logo_-mockup/000019.jpg,000019.jpg,2940,1960,2025-10-04T18:07:36Z,c6e44752767b3838,data/smart_cropped/59d25eeef7811419cc4df15d959031ae07b43da8.jpg,detr_object_crop,"{""method"": ""detr_object_crop"", ""label"": ""cup"", ""score"": 0.9945583343505859, ""box"": [362, 5, 1574, 1960]}"
26f2bf119c4de4d3417e18d9b4ab76de5ca12bc7,wheat,bing,,data/raw/bing/wheat/wheat_beer_in_weizen_tall_glass_cloudy_-bottle_-can_-logo_-mockup/000031.jpg,000031.jpg,2936,1960,2025-10-04T18:07:36Z,c6d8b147b847b847,data/smart_cropped/26f2bf119c4de4d3417e18d9b4ab76de5ca12bc7.jpg,detr_object_crop,"{""method"": ""detr_object_crop"", ""label"": ""cup"", ""score"": 0.9795646667480469, ""box"": [436, 0, 1601, 1960]}"
b0d42dfbcfb3fe8d8de7e3ce24d0be1307278e19,wheat,bing,,data/raw/bing/wheat/wheat_beer_in_weizen_tall_glass_cloudy_-bottle_-can_-logo_-mockup/000025.jpg,000025.jpg,800,532,2025-10-04T18:07:36Z,d24aa52359f56d4a,data/smart_cropped/b0d42dfbcfb3fe8d8de7e3ce24d0be1307278e19.jpg,detr_object_crop,"{""method"": ""detr_object_crop"", ""label"": ""wine glass"", ""score"": 0.9793387055397034, ""box"": [366, 14, 681, 401]}"
04d3a1b45d7bd0123aad11a2820271ebb79e5c98,wheat,bing,,data/raw/bing/wheat/wheat_beer_in_weizen_tall_glass_cloudy_-bottle_-can_-logo_-mockup/000024.jpg,000024.jpg,1083,720,2025-10-04T18:07:36Z,ccc40f9f67e13035,data/smart_cropped/04d3a1b45d7bd0123aad11a2820271ebb79e5c98.jpg,detr_object_crop,"{""method"": ""detr_object_crop"", ""label"": ""cup"", ""score"": 0.995671272277832, ""box"": [271, 0, 620, 720]}"
f9642b13bcf801a007e7232e1010533ccdbe0c8d,wheat,bing,,data/raw/bing/wheat/wheat_beer_in_weizen_tall_glass_cloudy_-bottle_-can_-logo_-mockup/000018.jpg,000018.jpg,800,672,2025-10-04T18:07:36Z,99cd2632669999cd,data/smart_cropped/f9642b13bcf801a007e7232e1010533ccdbe0c8d.jpg,detr_object_crop,"{""method"": ""detr_object_crop"", ""label"": ""wine glass"", ""score"": 0.9988887906074524, ""box"": [270, 103, 543, 570]}"
6f8d8bd498e94a0ec2a3950ea23c0e0da1829dc8,wheat,bing,,data/raw/bing/wheat/wheat_beer_in_weizen_tall_glass_cloudy_-bottle_-can_-logo_-mockup/000034.jpg,000034.jpg,870,1390,2025-10-04T18:07:36Z,eaaa95c560da2cb3,data/smart_cropped/6f8d8bd498e94a0ec2a3950ea23c0e0da1829dc8.jpg,center_square_fallback,"{""method"": ""center_square_fallback"", ""label"": null, ""score"": null, ""box"": [0, 260, 870, 1130]}"
9c8cb82605de966e2cb6c7820dbb05bef29ebb2c,wheat,bing,,data/raw/bing/wheat/wheat_beer_in_weizen_tall_glass_cloudy_-bottle_-can_-logo_-mockup/000020.jpg,000020.jpg,1300,956,2025-10-04T18:07:36Z,f3814c8b5ca37ea2,data/smart_cropped/9c8cb82605de966e2cb6c7820dbb05bef29ebb2c.jpg,detr_object_crop,"{""method"": ""detr_object_crop"", ""label"": ""cup"", ""score"": 0.9410094618797302, ""box"": [428, 0, 848, 921]}"
41b657d705d248eb9979a7fc7337f6d0262cacff,wheat,bing,,data/raw/bing/wheat/wheat_beer_in_weizen_tall_glass_cloudy_-bottle_-can_-logo_-mockup/000008.jpg,000008.jpg,1600,901,2025-10-04T18:07:36Z,dcde6824271f7261,data/smart_cropped/41b657d705d248eb9979a7fc7337f6d0262cacff.jpg,detr_object_crop,"{""method"": ""detr_object_crop"", ""label"": ""cup"", ""score"": 0.9875027537345886, ""box"": [1171, 0, 1600, 414]}"
34922a3bf7aa774b794b563a1ff2bcb2e47b6e20,wheat,bing,,data/raw/bing/wheat/wheat_beer_in_weizen_tall_glass_cloudy_-bottle_-can_-logo_-mockup/000009.jpg,000009.jpg,938,1390,2025-10-04T18:07:36Z,922d6dc5b9923ac5,data/smart_cropped/34922a3bf7aa774b794b563a1ff2bcb2e47b6e20.jpg,detr_object_crop,"{""method"": ""detr_object_crop"", ""label"": ""cup"", ""score"": 0.9784291386604309, ""box"": [403, 373, 841, 1199]}"
46f3f14e247a84b33141b4ec9a9f82832a9da3f4,wheat,bing,,data/raw/bing/wheat/wheat_beer_in_weizen_tall_glass_cloudy_-bottle_-can_-logo_-mockup/000021.jpg,000021.jpg,753,1000,2025-10-04T18:07:36Z,d0d7bc28b66d0556,data/smart_cropped/46f3f14e247a84b33141b4ec9a9f82832a9da3f4.jpg,detr_object_crop,"{""method"": ""detr_object_crop"", ""label"": ""wine glass"", ""score"": 0.9608924984931946, ""box"": [96, 139, 651, 1000]}"
fc7b369b5f2616e09c3558b4f4da0b3382ee660d,wheat,bing,,data/raw/bing/wheat/wheat_beer_in_weizen_tall_glass_cloudy_-bottle_-can_-logo_-mockup/000035.jpg,000035.jpg,1060,1690,2025-10-04T18:07:36Z,ce33315993deb122,data/smart_cropped/fc7b369b5f2616e09c3558b4f4da0b3382ee660d.jpg,detr_object_crop,"{""method"": ""detr_object_crop"", ""label"": ""clock"", ""score"": 0.9268584847450256, ""box"": [232, 469, 810, 1599]}"
adfebe50a161200e976b7b7ac8268bc35c94380e,wheat,bing,,data/raw/bing/wheat/wheat_beer_in_weizen_tall_glass_cloudy_-bottle_-can_-logo_-mockup/000037.jpg,000037.jpg,1300,1009,2025-10-04T18:07:36Z,d6864ccc5c877b91,data/smart_cropped/adfebe50a161200e976b7b7ac8268bc35c94380e.jpg,detr_object_crop,"{""method"": ""detr_object_crop"", ""label"": ""laptop"", ""score"": 0.9953054189682007, ""box"": [0, 0, 1300, 1009]}"
99c1b9db1511ecde50068aab2afef68a7e4d3a0b,wheat,bing,,data/raw/bing/wheat/wheat_beer_in_weizen_tall_glass_cloudy_-bottle_-can_-logo_-mockup/000036.jpg,000036.jpg,649,649,2025-10-04T18:07:36Z,e5cc989392b3ce64,data/smart_cropped/99c1b9db1511ecde50068aab2afef68a7e4d3a0b.jpg,detr_object_crop,"{""method"": ""detr_object_crop"", ""label"": ""vase"", ""score"": 0.7094050645828247, ""box"": [163, 0, 484, 649]}"
c6175cba10b23d40a1a13b24f18516859716cd5d,wheat,bing,,data/raw/bing/wheat/wheat_beer_in_weizen_tall_glass_cloudy_-bottle_-can_-logo_-mockup/000022.jpg,000022.jpg,1000,667,2025-10-04T18:07:36Z,c6c6ee58b131b931,data/smart_cropped/c6175cba10b23d40a1a13b24f18516859716cd5d.jpg,center_square_fallback,"{""method"": ""center_square_fallback"", ""label"": null, ""score"": null, ""box"": [166, 0, 833, 667]}"
109ca563a8805bc1fec8e11a4cc1f4bf83fb7434,wheat,bing,,data/raw/bing/wheat/wheat_beer_in_weizen_tall_glass_cloudy_-bottle_-can_-logo_-mockup/000045.jpg,000045.jpg,1067,1690,2025-10-04T18:07:36Z,cbdb2434344b9b72,data/smart_cropped/109ca563a8805bc1fec8e11a4cc1f4bf83fb7434.jpg,center_square_fallback,"{""method"": ""center_square_fallback"", ""label"": null, ""score"": null, ""box"": [0, 311, 1067, 1378]}"
a6d9753da48252615aa2ac45dfac1860bbad3d69,wheat,bing,,data/raw/bing/wheat/wheat_beer_in_weizen_tall_glass_cloudy_-bottle_-can_-logo_-mockup/000051.jpg,000051.jpg,613,900,2025-10-04T18:07:36Z,e6cc99939331b299,data/smart_cropped/a6d9753da48252615aa2ac45dfac1860bbad3d69.jpg,center_square_fallback,"{""method"": ""center_square_fallback"", ""label"": null, ""score"": null, ""box"": [0, 143, 613, 756]}"
578823ef6dc5e98d9e0ec034fe3c50f45e914fa6,wheat,bing,,data/raw/bing/wheat/wheat_beer_in_weizen_tall_glass_cloudy_-bottle_-can_-logo_-mockup/000050.jpg,000050.jpg,808,980,2025-10-04T18:07:36Z,eac695919549966b,data/smart_cropped/578823ef6dc5e98d9e0ec034fe3c50f45e914fa6.jpg,detr_object_crop,"{""method"": ""detr_object_crop"", ""label"": ""wine glass"", ""score"": 0.9799251556396484, ""box"": [0, 0, 422, 980]}"
5a728403cbb6b982423f6f1feb8c2624789d528e,wheat,bing,,data/raw/bing/wheat/wheat_beer_in_weizen_tall_glass_cloudy_-bottle_-can_-logo_-mockup/000044.jpg,000044.jpg,1143,1690,2025-10-04T18:07:36Z,99a6649b6afa528c,data/smart_cropped/5a728403cbb6b982423f6f1feb8c2624789d528e.jpg,center_square_fallback,"{""method"": ""center_square_fallback"", ""label"": null, ""score"": null, ""box"": [0, 273, 1143, 1416]}"
f1593aeabaa8046214b9cb8065114c8f1c82aedf,wheat,bing,,data/raw/bing/wheat/wheat_beer_in_weizen_tall_glass_cloudy_-bottle_-can_-logo_-mockup/000052.jpg,000052.jpg,598,900,2025-10-04T18:07:36Z,d25ea53479b95183,data/smart_cropped/f1593aeabaa8046214b9cb8065114c8f1c82aedf.jpg,detr_object_crop,"{""method"": ""detr_object_crop"", ""label"": ""bottle"", ""score"": 0.7583284974098206, ""box"": [423, 0, 598, 696]}"
2d693722f793ab914d745f3861eb65b86a04711d,wheat,bing,,data/raw/bing/wheat/wheat_beer_in_weizen_tall_glass_cloudy_-bottle_-can_-logo_-mockup/000046.jpg,000046.jpg,866,1390,2025-10-04T18:07:36Z,f40f31b34c8774a3,data/smart_cropped/2d693722f793ab914d745f3861eb65b86a04711d.jpg,detr_object_crop,"{""method"": ""detr_object_crop"", ""label"": ""cup"", ""score"": 0.9950293898582458, ""box"": [171, 202, 650, 1289]}"
29c69b2391ae291da90405869d2ce5c1835d269a,wheat,bing,,data/raw/bing/wheat/wheat_beer_in_weizen_tall_glass_cloudy_-bottle_-can_-logo_-mockup/000047.jpg,000047.jpg,900,1200,2025-10-04T18:07:36Z,b16431938e9bce99,data/smart_cropped/29c69b2391ae291da90405869d2ce5c1835d269a.jpg,center_square_fallback,"{""method"": ""center_square_fallback"", ""label"": null, ""score"": null, ""box"": [0, 150, 900, 1050]}"
46f4592fd7496376b488ff666b2e8754c2592ec8,wheat,bing,,data/raw/bing/wheat/wheat_beer_in_weizen_tall_glass_cloudy_-bottle_-can_-logo_-mockup/000053.jpg,000053.jpg,1600,1150,2025-10-04T18:07:36Z,9215ed4ced0afd12,data/smart_cropped/46f4592fd7496376b488ff666b2e8754c2592ec8.jpg,detr_object_crop,"{""method"": ""detr_object_crop"", ""label"": ""vase"", ""score"": 0.9948683977127075, ""box"": [825, 134, 1309, 1068]}"
0ad831e1b32148ef4336f84bafbc24bb97869550,wheat,bing,,data/raw/bing/wheat/wheat_beer_in_weizen_tall_glass_cloudy_-bottle_-can_-logo_-mockup/000057.jpg,000057.jpg,685,1024,2025-10-04T18:07:36Z,e19e656798659a61,data/smart_cropped/0ad831e1b32148ef4336f84bafbc24bb97869550.jpg,center_square_fallback,"{""method"": ""center_square_fallback"", ""label"": null, ""score"": null, ""box"": [0, 169, 685, 854]}"
c8b22a6dd83172f7e98ee3caeeef4339cfd991f5,wheat,bing,,data/raw/bing/wheat/wheat_beer_in_weizen_tall_glass_cloudy_-bottle_-can_-logo_-mockup/000043.jpg,000043.jpg,1600,987,2025-10-04T18:07:36Z,d6166c713741e94e,data/smart_cropped/c8b22a6dd83172f7e98ee3caeeef4339cfd991f5.jpg,detr_object_crop,"{""method"": ""detr_object_crop"", ""label"": ""vase"", ""score"": 0.9469202160835266, ""box"": [477, 53, 1038, 888]}"
8cf32bbc75e8ec12447554aec147b98e156ac4f9,wheat,bing,,data/raw/bing/wheat/wheat_beer_in_weizen_tall_glass_cloudy_-bottle_-can_-logo_-mockup/000042.jpg,000042.jpg,1600,1150,2025-10-04T18:07:36Z,9216ea4ded49ed12,data/smart_cropped/8cf32bbc75e8ec12447554aec147b98e156ac4f9.jpg,center_square_fallback,"{""method"": ""center_square_fallback"", ""label"": null, ""score"": null, ""box"": [225, 0, 1375, 1150]}"
aa994461cf7d51c5bbfba85320c7256fc10815b1,wheat,bing,,data/raw/bing/wheat/wheat_beer_in_weizen_tall_glass_cloudy_-bottle_-can_-logo_-mockup/000056.jpg,000056.jpg,1600,1530,2025-10-04T18:07:36Z,b6ec5c934cb25c89,data/smart_cropped/aa994461cf7d51c5bbfba85320c7256fc10815b1.jpg,detr_object_crop,"{""method"": ""detr_object_crop"", ""label"": ""vase"", ""score"": 0.9990792274475098, ""box"": [409, 0, 1191, 1464]}"
c0f5d4ce8104977009da7ff045b99b5119960468,wheat,bing,,data/raw/bing/wheat/wheat_beer_in_weizen_tall_glass_cloudy_-bottle_-can_-logo_-mockup/000040.jpg,000040.jpg,626,626,2025-10-04T18:07:36Z,c9c366c426763937,data/smart_cropped/c0f5d4ce8104977009da7ff045b99b5119960468.jpg,detr_object_crop,"{""method"": ""detr_object_crop"", ""label"": ""cup"", ""score"": 0.9494619369506836, ""box"": [169, 14, 452, 509]}"
f1aedbd99c05cbc86b1ea11ec942e2cb0611a381,wheat,bing,,data/raw/bing/wheat/wheat_beer_in_weizen_tall_glass_cloudy_-bottle_-can_-logo_-mockup/000054.jpg,000054.jpg,1300,1021,2025-10-04T18:07:36Z,fa8415ab6b8e6e81,data/smart_cropped/f1aedbd99c05cbc86b1ea11ec942e2cb0611a381.jpg,center_square_fallback,"{""method"": ""center_square_fallback"", ""label"": null, ""score"": null, ""box"": [139, 0, 1160, 1021]}"
f76ab2556177d4c3f25f5f68921d8620a3d4ec82,wheat,bing,,data/raw/bing/wheat/wheat_beer_in_weizen_tall_glass_cloudy_-bottle_-can_-logo_-mockup/000055.jpg,000055.jpg,1600,1690,2025-10-04T18:07:36Z,999966e266a230f7,data/smart_cropped/f76ab2556177d4c3f25f5f68921d8620a3d4ec82.jpg,center_square_fallback,"{""method"": ""center_square_fallback"", ""label"": null, ""score"": null, ""box"": [0, 45, 1600, 1645]}"
458d759c2ae2ac9a158773b8badaf75e3c75ae78,wheat,bing,,data/raw/bing/wheat/wheat_beer_in_weizen_tall_glass_cloudy_-bottle_-can_-logo_-mockup/000041.jpg,000041.jpg,1066,1690,2025-10-04T18:07:36Z,a5cb1e961aa94ea9,data/smart_cropped/458d759c2ae2ac9a158773b8badaf75e3c75ae78.jpg,detr_object_crop,"{""method"": ""detr_object_crop"", ""label"": ""tie"", ""score"": 0.920031726360321, ""box"": [184, 198, 912, 1538]}"
3329ca54d53c26c38792e4687d81b03ee4a3d4fc,wheat,bing,,data/raw/bing/wheat/wheat_beer_in_weizen_tall_glass_cloudy_-bottle_-can_-logo_-mockup/000058.jpg,000058.jpg,800,800,2025-10-04T18:07:36Z,e698999399669966,data/smart_cropped/3329ca54d53c26c38792e4687d81b03ee4a3d4fc.jpg,center_square_fallback,"{""method"": ""center_square_fallback"", ""label"": null, ""score"": null, ""box"": [0, 0, 800, 800]}"
b84d02b5698a892b24295b53e4efafc40b93d4c6,wheat,bing,,data/raw/bing/wheat/wheat_beer_in_weizen_tall_glass_cloudy_-bottle_-can_-logo_-mockup/000064.jpg,000064.jpg,1300,1009,2025-10-04T18:07:36Z,d6887e8279837d83,data/smart_cropped/b84d02b5698a892b24295b53e4efafc40b93d4c6.jpg,detr_object_crop,"{""method"": ""detr_object_crop"", ""label"": ""laptop"", ""score"": 0.995984673500061, ""box"": [0, 0, 1300, 1009]}"
3cc0d2675b0170b74768fb43d178f4ef37e1d2ca,wheat,bing,,data/raw/bing/wheat/wheat_beer_in_weizen_tall_glass_cloudy_-bottle_-can_-logo_-mockup/000065.jpg,000065.jpg,1200,800,2025-10-04T18:07:36Z,b439cb32cecc3389,data/smart_cropped/3cc0d2675b0170b74768fb43d178f4ef37e1d2ca.jpg,detr_object_crop,"{""method"": ""detr_object_crop"", ""label"": ""vase"", ""score"": 0.9995983242988586, ""box"": [578, 91, 885, 721]}"
b36baba9dc842c44cd390d002c1d827cf63aaaa5,wheat,bing,,data/raw/bing/wheat/wheat_beer_in_weizen_tall_glass_cloudy_-bottle_-can_-logo_-mockup/000059.jpg,000059.jpg,800,534,2025-10-04T18:07:36Z,b69669696925b169,data/smart_cropped/b36baba9dc842c44cd390d002c1d827cf63aaaa5.jpg,detr_object_crop,"{""method"": ""detr_object_crop"", ""label"": ""cup"", ""score"": 0.9940209984779358, ""box"": [404, 23, 719, 474]}"
63011263269cfc4be426c7dc22d451da028205b3,wheat,bing,,data/raw/bing/wheat/wheat_beer_in_weizen_tall_glass_cloudy_-bottle_-can_-logo_-mockup/000067.jpg,000067.jpg,1300,1009,2025-10-04T18:07:36Z,dd89765663157621,data/smart_cropped/63011263269cfc4be426c7dc22d451da028205b3.jpg,detr_object_crop,"{""method"": ""detr_object_crop"", ""label"": ""vase"", ""score"": 0.9701164960861206, ""box"": [425, 0, 879, 949]}"
5140425f3c4db9ad9e0fd8eee9fdb9ab84848758,wheat,bing,,data/raw/bing/wheat/wheat_beer_in_weizen_tall_glass_cloudy_-bottle_-can_-logo_-mockup/000066.jpg,000066.jpg,1156,1690,2025-10-04T18:07:36Z,b3b94cc74fac308c,data/smart_cropped/5140425f3c4db9ad9e0fd8eee9fdb9ab84848758.jpg,center_square_fallback,"{""method"": ""center_square_fallback"", ""label"": null, ""score"": null, ""box"": [0, 267, 1156, 1423]}"
a8cef474e312c79738f0f4ee923628d0da6fc94d,wheat,bing,,data/raw/bing/wheat/wheat_beer_in_weizen_tall_glass_cloudy_-bottle_-can_-logo_-mockup/000062.jpg,000062.jpg,1067,1690,2025-10-04T18:07:36Z,e5cf1a931aa470ec,data/smart_cropped/a8cef474e312c79738f0f4ee923628d0da6fc94d.jpg,detr_object_crop,"{""method"": ""detr_object_crop"", ""label"": ""wine glass"", ""score"": 0.9424487352371216, ""box"": [232, 103, 858, 1560]}"
61439cc2e36952e50bf3b3ecc20d7eb9b4bed4f2,wheat,bing,,data/raw/bing/wheat/wheat_beer_in_weizen_tall_glass_cloudy_-bottle_-can_-logo_-mockup/000063.jpg,000063.jpg,980,980,2025-10-04T18:07:36Z,cac62c3d19f1712e,data/smart_cropped/61439cc2e36952e50bf3b3ecc20d7eb9b4bed4f2.jpg,detr_object_crop,"{""method"": ""detr_object_crop"", ""label"": ""wine glass"", ""score"": 0.8312402963638306, ""box"": [222, 0, 749, 980]}"
dfb5718c1a07fd5644ad57f19e25b025cd96a5c3,wheat,bing,,data/raw/bing/wheat/wheat_beer_in_weizen_tall_glass_cloudy_-bottle_-can_-logo_-mockup/000061.jpg,000061.jpg,596,900,2025-10-04T18:07:36Z,ce3171e696cc3331,data/smart_cropped/dfb5718c1a07fd5644ad57f19e25b025cd96a5c3.jpg,detr_object_crop,"{""method"": ""detr_object_crop"", ""label"": ""cup"", ""score"": 0.987625777721405, ""box"": [135, 260, 457, 857]}"
bca8ea87c2c90a543c9d9395dc17178c183bd1d9,wheat,bing,,data/raw/bing/wheat/wheat_beer_in_weizen_tall_glass_cloudy_-bottle_-can_-logo_-mockup/000049.jpg,000049.jpg,625,766,2025-10-04T18:07:36Z,d36e6c05e7915a64,data/smart_cropped/bca8ea87c2c90a543c9d9395dc17178c183bd1d9.jpg,detr_object_crop,"{""method"": ""detr_object_crop"", ""label"": ""cup"", ""score"": 0.9920445680618286, ""box"": [421, 240, 625, 677]}"
1f362fe09cb3adc4caac42ac2e58728ac527310a,wheat,bing,,data/raw/bing/wheat/wheat_beer_in_weizen_tall_glass_cloudy_-bottle_-can_-logo_-mockup/000048.jpg,000048.jpg,1600,1156,2025-10-04T18:07:36Z,e6e60cd919d826e5,data/smart_cropped/1f362fe09cb3adc4caac42ac2e58728ac527310a.jpg,detr_object_crop,"{""method"": ""detr_object_crop"", ""label"": ""cup"", ""score"": 0.956378698348999, ""box"": [514, 0, 1183, 598]}"
4d246362a0dc1604c0dd7df95524fc7db35ea395,wheat,bing,,data/raw/bing/wheat/wheat_beer_in_weizen_tall_glass_cloudy_-bottle_-can_-logo_-mockup/000060.jpg,000060.jpg,600,900,2025-10-04T18:07:36Z,d3d1c8dc8e4c3c78,data/smart_cropped/4d246362a0dc1604c0dd7df95524fc7db35ea395.jpg,center_square_fallback,"{""method"": ""center_square_fallback"", ""label"": null, ""score"": null, ""box"": [0, 150, 600, 750]}"
0d846462221f0d585f6620fefbc6238dca8b92ee,wheat,bing,,data/raw/bing/wheat/wheat_beer_in_weizen_tall_glass_cloudy_-bottle_-can_-logo_-mockup/000007.jpg,000007.jpg,1068,1690,2025-10-04T18:07:36Z,e6e199c69a9c12b9,data/smart_cropped/0d846462221f0d585f6620fefbc6238dca8b92ee.jpg,detr_object_crop,"{""method"": ""detr_object_crop"", ""label"": ""vase"", ""score"": 0.9897897839546204, ""box"": [204, 53, 847, 1559]}"
1a0977df90aede16dd4a0e148618410554978cfc,wheat,bing,,data/raw/bing/wheat/wheat_beer_in_weizen_tall_glass_cloudy_-bottle_-can_-logo_-mockup/000013.jpg,000013.jpg,863,1390,2025-10-04T18:07:36Z,d9b66601b8c939e6,data/smart_cropped/1a0977df90aede16dd4a0e148618410554978cfc.jpg,detr_object_crop,"{""method"": ""detr_object_crop"", ""label"": ""wine glass"", ""score"": 0.9988420605659485, ""box"": [284, 414, 654, 1156]}"
da728c6b639cb3ac26f2322b1ffcacb157f6422a,wheat,bing,,data/raw/bing/wheat/wheat_beer_in_weizen_tall_glass_cloudy_-bottle_-can_-logo_-mockup/000012.jpg,000012.jpg,1600,1156,2025-10-04T18:07:36Z,e7e765d818c321d8,data/smart_cropped/da728c6b639cb3ac26f2322b1ffcacb157f6422a.jpg,center_square_fallback,"{""method"": ""center_square_fallback"", ""label"": null, ""score"": null, ""box"": [222, 0, 1378, 1156]}"
f3b47b3014cf6aefc654210811dc3d3ffbe8d478,wheat,bing,,data/raw/bing/wheat/wheat_beer_in_weizen_tall_glass_cloudy_-bottle_-can_-logo_-mockup/000006.jpg,000006.jpg,921,1390,2025-10-04T18:07:36Z,e5964ec338ac4cc7,data/smart_cropped/f3b47b3014cf6aefc654210811dc3d3ffbe8d478.jpg,detr_object_crop,"{""method"": ""detr_object_crop"", ""label"": ""cup"", ""score"": 0.996707558631897, ""box"": [71, 105, 795, 1385]}"
1600a2e0c248cebe1b68f6b13192e9af40b849ad,wheat,bing,,data/raw/bing/wheat/wheat_beer_in_weizen_tall_glass_cloudy_-bottle_-can_-logo_-mockup/000038.jpg,000038.jpg,1066,1690,2025-10-04T18:07:36Z,e6ec199b1aa446ec,data/smart_cropped/1600a2e0c248cebe1b68f6b13192e9af40b849ad.jpg,center_square_fallback,"{""method"": ""center_square_fallback"", ""label"": null, ""score"": null, ""box"": [0, 312, 1066, 1378]}"
ed913466122806d989b3f44027b3242b0ffe1b37,wheat,bing,,data/raw/bing/wheat/wheat_beer_in_weizen_tall_glass_cloudy_-bottle_-can_-logo_-mockup/000010.jpg,000010.jpg,1060,1690,2025-10-04T18:07:36Z,ce333158b2def023,data/smart_cropped/ed913466122806d989b3f44027b3242b0ffe1b37.jpg,detr_object_crop,"{""method"": ""detr_object_crop"", ""label"": ""vase"", ""score"": 0.9904863238334656, ""box"": [242, 465, 809, 1520]}"
359e1bd2ce174359e1bcec20bb7827c059872fa0,wheat,bing,,data/raw/bing/wheat/wheat_beer_in_weizen_tall_glass_cloudy_-bottle_-can_-logo_-mockup/000004.jpg,000004.jpg,598,900,2025-10-04T18:07:36Z,d65fa52574308ed1,data/smart_cropped/359e1bd2ce174359e1bcec20bb7827c059872fa0.jpg,detr_object_crop,"{""method"": ""detr_object_crop"", ""label"": ""cup"", ""score"": 0.9938338994979858, ""box"": [57, 95, 498, 670]}"
6e0e39e89b98c10f251ed467d87642e393e643ff,wheat,bing,,data/raw/bing/wheat/wheat_beer_in_weizen_tall_glass_cloudy_-bottle_-can_-logo_-mockup/000005.jpg,000005.jpg,1063,1690,2025-10-04T18:07:36Z,d556daaf0ec522a8,data/smart_cropped/6e0e39e89b98c10f251ed467d87642e393e643ff.jpg,detr_object_crop,"{""method"": ""detr_object_crop"", ""label"": ""orange"", ""score"": 0.975825846195221, ""box"": [134, 166, 990, 1016]}"
21a151675801bc4b06a40d7dbfe87d744717584d,wheat,bing,,data/raw/bing/wheat/wheat_beer_in_weizen_tall_glass_cloudy_-bottle_-can_-logo_-mockup/000011.jpg,000011.jpg,1114,1690,2025-10-04T18:07:36Z,e1c918bcc7b619c3,data/smart_cropped/21a151675801bc4b06a40d7dbfe87d744717584d.jpg,center_square_fallback,"{""method"": ""center_square_fallback"", ""label"": null, ""score"": null, ""box"": [0, 288, 1114, 1402]}"
a426faa04b863ac2bec568720d2128f86f747af1,wheat,bing,,data/raw/bing/wheat/wheat_beer_in_weizen_tall_glass_cloudy_-bottle_-can_-logo_-mockup/000039.jpg,000039.jpg,866,1390,2025-10-04T18:07:36Z,b28e4cb358ed30cb,data/smart_cropped/a426faa04b863ac2bec568720d2128f86f747af1.jpg,detr_object_crop,"{""method"": ""detr_object_crop"", ""label"": ""cup"", ""score"": 0.988508403301239, ""box"": [166, 59, 686, 1211]}"
daf5d8c78a5bae87618f6279b7ecb34130aa69d0,wheat,bing,,data/raw/bing/wheat/wheat_beer_in_weizen_tall_glass_cloudy_-bottle_-can_-logo_-mockup/000015.jpg,000015.jpg,800,672,2025-10-04T18:07:36Z,c99c623736e337c0,data/smart_cropped/daf5d8c78a5bae87618f6279b7ecb34130aa69d0.jpg,detr_object_crop,"{""method"": ""detr_object_crop"", ""label"": ""wine glass"", ""score"": 0.9990785121917725, ""box"": [255, 34, 544, 629]}"
9242596b8a776d45f189faa00e2d33b36ff6aa31,wheat,bing,,data/raw/bing/wheat/wheat_beer_in_weizen_tall_glass_cloudy_-bottle_-can_-logo_-mockup/000001.jpg,000001.jpg,1263,1690,2025-10-04T18:07:36Z,9c496736e1673a23,data/smart_cropped/9242596b8a776d45f189faa00e2d33b36ff6aa31.jpg,detr_object_crop,"{""method"": ""detr_object_crop"", ""label"": ""vase"", ""score"": 0.9334149956703186, ""box"": [327, 140, 939, 1690]}"
249267d7344e6751958680871e6c3938aa69edb9,wheat,bing,,data/raw/bing/wheat/wheat_beer_in_weizen_tall_glass_cloudy_-bottle_-can_-logo_-mockup/000029.jpg,000029.jpg,864,1390,2025-10-04T18:07:36Z,e6d958c6599316a6,data/smart_cropped/249267d7344e6751958680871e6c3938aa69edb9.jpg,detr_object_crop,"{""method"": ""detr_object_crop"", ""label"": ""cup"", ""score"": 0.9914932250976562, ""box"": [151, 191, 791, 1366]}"
7d9edff95d8f69d028276874429d6309bbbede99,wheat,bing,,data/raw/bing/wheat/wheat_beer_in_weizen_tall_glass_cloudy_-bottle_-can_-logo_-mockup/000014.jpg,000014.jpg,1500,1101,2025-10-04T18:07:36Z,d19776f7250d2213,data/smart_cropped/7d9edff95d8f69d028276874429d6309bbbede99.jpg,detr_object_crop,"{""method"": ""detr_object_crop"", ""label"": ""cup"", ""score"": 0.993938684463501, ""box"": [874, 174, 1233, 941]}"
92d4af8c1f3ab5868f115ae37ab3ce2ed313fec5,wheat,bing,,data/raw/bing/wheat/wheat_beer_in_weizen_tall_glass_cloudy_-bottle_-can_-logo_-mockup/000017.jpg,000017.jpg,626,626,2025-10-04T18:07:36Z,cc3c332367934cce,data/smart_cropped/92d4af8c1f3ab5868f115ae37ab3ce2ed313fec5.jpg,center_square_fallback,"{""method"": ""center_square_fallback"", ""label"": null, ""score"": null, ""box"": [0, 0, 626, 626]}"
e7c6a021d120f48f7bca8c2b861f40d0e14da106,wheat,bing,,data/raw/bing/wheat/hefeweizen_banana_clove_aroma_in_glass_-bottle_-can_-logo/000026.jpg,000026.jpg,1280,720,2025-10-04T18:08:58Z,8191bcc470d61fcf,data/smart_cropped/e7c6a021d120f48f7bca8c2b861f40d0e14da106.jpg,detr_object_crop,"{""method"": ""detr_object_crop"", ""label"": ""cup"", ""score"": 0.9837604761123657, ""box"": [978, 21, 1280, 706]}"
d7844eb008764c6c387d642c91f7fce21b964da5,wheat,bing,,data/raw/bing/wheat/hefeweizen_banana_clove_aroma_in_glass_-bottle_-can_-logo/000032.jpg,000032.jpg,534,800,2025-10-04T18:08:58Z,ebc1a937c05c8b35,data/smart_cropped/d7844eb008764c6c387d642c91f7fce21b964da5.jpg,detr_object_crop,"{""method"": ""detr_object_crop"", ""label"": ""bottle"", ""score"": 0.9990189075469971, ""box"": [258, 0, 534, 800]}"
ca86df2698ca6d9964e638a21d7165491c6c144c,wheat,bing,,data/raw/bing/wheat/hefeweizen_banana_clove_aroma_in_glass_-bottle_-can_-logo/000033.jpg,000033.jpg,1280,720,2025-10-04T18:08:58Z,d642e12e4ba0bf53,data/smart_cropped/ca86df2698ca6d9964e638a21d7165491c6c144c.jpg,detr_object_crop,"{""method"": ""detr_object_crop"", ""label"": ""bottle"", ""score"": 0.990437924861908, ""box"": [590, 0, 1038, 667]}"
dcb7749c0c7e222142b2190d83955f64c0e40769,wheat,bing,,data/raw/bing/wheat/hefeweizen_banana_clove_aroma_in_glass_-bottle_-can_-logo/000027.jpg,000027.jpg,794,756,2025-10-04T18:08:58Z,967e25817b8167c6,data/smart_cropped/dcb7749c0c7e222142b2190d83955f64c0e40769.jpg,detr_object_crop,"{""method"": ""detr_object_crop"", ""label"": ""cup"", ""score"": 0.9918482303619385, ""box"": [268, 0, 567, 606]}"
f510ec748284cbe9eab3a78bab23ec2adb7fb8f7,wheat,bing,,data/raw/bing/wheat/hefeweizen_banana_clove_aroma_in_glass_-bottle_-can_-logo/000031.jpg,000031.jpg,1920,1080,2025-10-04T18:08:58Z,9d64cf097c149b33,data/smart_cropped/f510ec748284cbe9eab3a78bab23ec2adb7fb8f7.jpg,detr_object_crop,"{""method"": ""detr_object_crop"", ""label"": ""bottle"", ""score"": 0.9979493021965027, ""box"": [1196, 0, 1845, 1080]}"
b1446d13c02c41ed343e3d5dbf344695b218cd82,wheat,bing,,data/raw/bing/wheat/hefeweizen_banana_clove_aroma_in_glass_-bottle_-can_-logo/000025.jpg,000025.jpg,3000,4000,2025-10-04T18:08:58Z,e587d030393b17e5,data/smart_cropped/b1446d13c02c41ed343e3d5dbf344695b218cd82.jpg,detr_object_crop,"{""method"": ""detr_object_crop"", ""label"": ""bottle"", ""score"": 0.9678943753242493, ""box"": [344, 304, 1848, 4000]}"
0186cf6da1fbff06a5999c1ac9b1347f61295eb5,wheat,bing,,data/raw/bing/wheat/hefeweizen_banana_clove_aroma_in_glass_-bottle_-can_-logo/000024.jpg,000024.jpg,1067,1600,2025-10-04T18:08:58Z,ebc1a937c05c8b35,data/smart_cropped/0186cf6da1fbff06a5999c1ac9b1347f61295eb5.jpg,detr_object_crop,"{""method"": ""detr_object_crop"", ""label"": ""bottle"", ""score"": 0.999263346195221, ""box"": [517, 0, 1067, 1600]}"
f442fcb9ddd625895e942eb67f7b2e618b3550ec,wheat,bing,,data/raw/bing/wheat/hefeweizen_banana_clove_aroma_in_glass_-bottle_-can_-logo/000018.jpg,000018.jpg,719,688,2025-10-04T18:08:58Z,fbb849a6660c58b3,data/smart_cropped/f442fcb9ddd625895e942eb67f7b2e618b3550ec.jpg,detr_object_crop,"{""method"": ""detr_object_crop"", ""label"": ""cup"", ""score"": 0.9154301285743713, ""box"": [207, 58, 484, 659]}"
7badc3f3c3937ee7487db921e0a5e6d5aeec1d34,wheat,bing,,data/raw/bing/wheat/hefeweizen_banana_clove_aroma_in_glass_-bottle_-can_-logo/000034.jpg,000034.jpg,1500,1800,2025-10-04T18:08:58Z,c2393d3c39c7c24b,data/smart_cropped/7badc3f3c3937ee7487db921e0a5e6d5aeec1d34.jpg,center_square_fallback,"{""method"": ""center_square_fallback"", ""label"": null, ""score"": null, ""box"": [0, 150, 1500, 1650]}"
32d58976f92b57d838e48b7c10877194ba925079,wheat,bing,,data/raw/bing/wheat/hefeweizen_banana_clove_aroma_in_glass_-bottle_-can_-logo/000008.jpg,000008.jpg,1200,1200,2025-10-04T18:08:58Z,b3b38eccce211ce1,data/smart_cropped/32d58976f92b57d838e48b7c10877194ba925079.jpg,detr_object_crop,"{""method"": ""detr_object_crop"", ""label"": ""vase"", ""score"": 0.9441367983818054, ""box"": [298, 0, 869, 1200]}"
220c29022c23a4867dc24dc24ccfd8193e803560,wheat,bing,,data/raw/bing/wheat/hefeweizen_banana_clove_aroma_in_glass_-bottle_-can_-logo/000009.jpg,000009.jpg,900,1800,2025-10-04T18:08:58Z,afc2d80fd86e8439,data/smart_cropped/220c29022c23a4867dc24dc24ccfd8193e803560.jpg,center_square_fallback,"{""method"": ""center_square_fallback"", ""label"": null, ""score"": null, ""box"": [0, 450, 900, 1350]}"
d9ffc498c93b6a51a3f5e5e2daf85ee2c59afa21,wheat,bing,,data/raw/bing/wheat/hefeweizen_banana_clove_aroma_in_glass_-bottle_-can_-logo/000021.jpg,000021.jpg,1280,720,2025-10-04T18:08:58Z,9d966f69293c6063,data/smart_cropped/d9ffc498c93b6a51a3f5e5e2daf85ee2c59afa21.jpg,center_square_fallback,"{""method"": ""center_square_fallback"", ""label"": null, ""score"": null, ""box"": [280, 0, 1000, 720]}"
209b3e867ef0fddb17e9360e1f513ca87605b7a2,wheat,bing,,data/raw/bing/wheat/hefeweizen_banana_clove_aroma_in_glass_-bottle_-can_-logo/000035.jpg,000035.jpg,1280,720,2025-10-04T18:08:58Z,9a689799edcc1d21,data/smart_cropped/209b3e867ef0fddb17e9360e1f513ca87605b7a2.jpg,detr_object_crop,"{""method"": ""detr_object_crop"", ""label"": ""cup"", ""score"": 0.9942664504051208, ""box"": [901, 108, 1091, 299]}"
e55e0b7dea3e0d218d13b1c69d95f6e405a6a6db,wheat,bing,,data/raw/bing/wheat/hefeweizen_banana_clove_aroma_in_glass_-bottle_-can_-logo/000023.jpg,000023.jpg,600,800,2025-10-04T18:08:58Z,92c0e95d4f1f3670,data/smart_cropped/e55e0b7dea3e0d218d13b1c69d95f6e405a6a6db.jpg,detr_object_crop,"{""method"": ""detr_object_crop"", ""label"": ""cup"", ""score"": 0.9988962411880493, ""box"": [73, 0, 485, 664]}"
bb9989dc19d48d8d90688d28c58eb2b2704fdf27,wheat,bing,,data/raw/bing/wheat/hefeweizen_banana_clove_aroma_in_glass_-bottle_-can_-logo/000037.jpg,000037.jpg,1300,1346,2025-10-04T18:08:58Z,fc14424b43ba33af,data/smart_cropped/bb9989dc19d48d8d90688d28c58eb2b2704fdf27.jpg,detr_object_crop,"{""method"": ""detr_object_crop"", ""label"": ""cup"", ""score"": 0.9933812618255615, ""box"": [524, 411, 1300, 1338]}"
b770124487dd4742297d6deb850a2c806f04c27d,wheat,bing,,data/raw/bing/wheat/hefeweizen_banana_clove_aroma_in_glass_-bottle_-can_-logo/000022.jpg,000022.jpg,1024,768,2025-10-04T18:08:58Z,81c786bdb8292f63,data/smart_cropped/b770124487dd4742297d6deb850a2c806f04c27d.jpg,detr_object_crop,"{""method"": ""detr_object_crop"", ""label"": ""cup"", ""score"": 0.9892149567604065, ""box"": [509, 0, 963, 743]}"
fb5ef2f484ffa5bd19c9f5acc603e3c7110123fa,wheat,bing,,data/raw/bing/wheat/hefeweizen_banana_clove_aroma_in_glass_-bottle_-can_-logo/000007.jpg,000007.jpg,1238,709,2025-10-04T18:08:58Z,d781cf544338a0fe,data/smart_cropped/fb5ef2f484ffa5bd19c9f5acc603e3c7110123fa.jpg,detr_object_crop,"{""method"": ""detr_object_crop"", ""label"": ""cup"", ""score"": 0.9968697428703308, ""box"": [569, 55, 993, 709]}"
fbb0892f2afe5d4929b640771d99734b5552c85d,wheat,bing,,data/raw/bing/wheat/hefeweizen_banana_clove_aroma_in_glass_-bottle_-can_-logo/000013.jpg,000013.jpg,768,1024,2025-10-04T18:08:58Z,d2e4c4116d3f3b1a,data/smart_cropped/fbb0892f2afe5d4929b640771d99734b5552c85d.jpg,detr_object_crop,"{""method"": ""detr_object_crop"", ""label"": ""bottle"", ""score"": 0.9981468915939331, ""box"": [329, 1, 702, 1024]}"
5e362091b219282ba95b00a288ae037aa1deee1b,wheat,bing,,data/raw/bing/wheat/hefeweizen_banana_clove_aroma_in_glass_-bottle_-can_-logo/000012.jpg,000012.jpg,1280,720,2025-10-04T18:08:58Z,ca1d9ca525756a9c,data/smart_cropped/5e362091b219282ba95b00a288ae037aa1deee1b.jpg,detr_object_crop,"{""method"": ""detr_object_crop"", ""label"": ""cup"", ""score"": 0.9959885478019714, ""box"": [390, 0, 960, 720]}"
c9b4d4e9c2d59a535b248c49ea502d296c5ddf76,wheat,bing,,data/raw/bing/wheat/hefeweizen_banana_clove_aroma_in_glass_-bottle_-can_-logo/000006.jpg,000006.jpg,1067,1600,2025-10-04T18:08:58Z,ebcb89b7c4640933,data/smart_cropped/c9b4d4e9c2d59a535b248c49ea502d296c5ddf76.jpg,detr_object_crop,"{""method"": ""detr_object_crop"", ""label"": ""bottle"", ""score"": 0.9994779229164124, ""box"": [524, 0, 1067, 1600]}"
f0c3e6acd61ffdc3572efc1d43db8897f08c9a9e,wheat,bing,,data/raw/bing/wheat/hefeweizen_banana_clove_aroma_in_glass_-bottle_-can_-logo/000010.jpg,000010.jpg,1080,1080,2025-10-04T18:08:58Z,b0c27e1ac4a17acf,data/smart_cropped/f0c3e6acd61ffdc3572efc1d43db8897f08c9a9e.jpg,detr_object_crop,"{""method"": ""detr_object_crop"", ""label"": ""cup"", ""score"": 0.998315691947937, ""box"": [7, 107, 976, 1080]}"
11a774326b8302c5de9e5a00031a7fac31b1ecdb,wheat,bing,,data/raw/bing/wheat/hefeweizen_banana_clove_aroma_in_glass_-bottle_-can_-logo/000004.jpg,000004.jpg,1244,851,2025-10-04T18:08:58Z,c2e2a7a298933737,data/smart_cropped/11a774326b8302c5de9e5a00031a7fac31b1ecdb.jpg,detr_object_crop,"{""method"": ""detr_object_crop"", ""label"": ""cup"", ""score"": 0.9979895353317261, ""box"": [123, 47, 628, 851]}"
4ef49cfe86f06b0346e79af3c7566003ed954221,wheat,bing,,data/raw/bing/wheat/hefeweizen_banana_clove_aroma_in_glass_-bottle_-can_-logo/000005.jpg,000005.jpg,1200,1200,2025-10-04T18:08:58Z,961679cd69798706,data/smart_cropped/4ef49cfe86f06b0346e79af3c7566003ed954221.jpg,detr_object_crop,"{""method"": ""detr_object_crop"", ""label"": ""bottle"", ""score"": 0.9982603192329407, ""box"": [233, 66, 650, 1097]}"
b6f9f1b8086c136482be31c6562f67ec2ed85c14,wheat,bing,,data/raw/bing/wheat/hefeweizen_banana_clove_aroma_in_glass_-bottle_-can_-logo/000015.jpg,000015.jpg,4167,2793,2025-10-04T18:08:58Z,e4a3b3b3b399098c,data/smart_cropped/b6f9f1b8086c136482be31c6562f67ec2ed85c14.jpg,center_square_fallback,"{""method"": ""center_square_fallback"", ""label"": null, ""score"": null, ""box"": [686, 0, 3479, 2793]}"
c18333af22249041ea8567a70fc2a6655093ca3d,wheat,bing,,data/raw/bing/wheat/hefeweizen_banana_clove_aroma_in_glass_-bottle_-can_-logo/000029.jpg,000029.jpg,542,800,2025-10-04T18:08:58Z,b0c7c398cd2ccd93,data/smart_cropped/c18333af22249041ea8567a70fc2a6655093ca3d.jpg,detr_object_crop,"{""method"": ""detr_object_crop"", ""label"": ""bottle"", ""score"": 0.9989849925041199, ""box"": [100, 0, 436, 800]}"
42eae962646284ecdbdadb66f65ec1da0339a76f,wheat,bing,,data/raw/bing/wheat/hefeweizen_banana_clove_aroma_in_glass_-bottle_-can_-logo/000028.jpg,000028.jpg,1280,720,2025-10-04T18:08:58Z,9aee9965089db652,data/smart_cropped/42eae962646284ecdbdadb66f65ec1da0339a76f.jpg,detr_object_crop,"{""method"": ""detr_object_crop"", ""label"": ""bottle"", ""score"": 0.9960348010063171, ""box"": [966, 78, 1229, 720]}"
889a830285cf8be96423fd2efc51bd72bd8d4b6e,wheat,bing,,data/raw/bing/wheat/hefeweizen_banana_clove_aroma_in_glass_-bottle_-can_-logo/000014.jpg,000014.jpg,1067,1600,2025-10-04T18:08:58Z,e6c69bd924398a66,data/smart_cropped/889a830285cf8be96423fd2efc51bd72bd8d4b6e.jpg,detr_object_crop,"{""method"": ""detr_object_crop"", ""label"": ""bottle"", ""score"": 0.9989529848098755, ""box"": [249, 0, 815, 1600]}"
7039807072810dc5a81e767b9bec811b4c2ce210,wheat,bing,,data/raw/bing/wheat/hefeweizen_banana_clove_aroma_in_glass_-bottle_-can_-logo/000002.jpg,000002.jpg,681,1024,2025-10-04T18:08:58Z,949692da3e1e3c99,data/smart_cropped/7039807072810dc5a81e767b9bec811b4c2ce210.jpg,detr_object_crop,"{""method"": ""detr_object_crop"", ""label"": ""cup"", ""score"": 0.9938693046569824, ""box"": [155, 126, 521, 990]}"
c1a5835774ee994213f0c7aa14b508d0841a012c,wheat,bing,,data/raw/bing/wheat/hefeweizen_banana_clove_aroma_in_glass_-bottle_-can_-logo/000016.jpg,000016.jpg,1600,900,2025-10-04T18:08:58Z,bf389037cc276c4c,data/smart_cropped/c1a5835774ee994213f0c7aa14b508d0841a012c.jpg,center_square_fallback,"{""method"": ""center_square_fallback"", ""label"": null, ""score"": null, ""box"": [350, 0, 1250, 900]}"
fdb7aa8dd757eb6e944c94f6ff662a8b418d64cf,wheat,bing,,data/raw/bing/wheat/hefeweizen_banana_clove_aroma_in_glass_-bottle_-can_-logo/000017.jpg,000017.jpg,2048,2048,2025-10-04T18:08:58Z,aa103bf1cfec4496,data/smart_cropped/fdb7aa8dd757eb6e944c94f6ff662a8b418d64cf.jpg,detr_object_crop,"{""method"": ""detr_object_crop"", ""label"": ""cup"", ""score"": 0.9966315627098083, ""box"": [249, 0, 997, 757]}"
c6302d7b31b18408f4e1e7dfd9cfdc7b274381b7,wheat,bing,,data/raw/bing/wheat/hefeweizen_banana_clove_aroma_in_glass_-bottle_-can_-logo/000003.jpg,000003.jpg,1910,1000,2025-10-04T18:08:58Z,e6999966cc669926,data/smart_cropped/c6302d7b31b18408f4e1e7dfd9cfdc7b274381b7.jpg,detr_object_crop,"{""method"": ""detr_object_crop"", ""label"": ""bottle"", ""score"": 0.9977006316184998, ""box"": [773, 34, 1133, 957]}"
956b09c5eb359a8cd96c052fbfecaa0a69d77b1a,wheat,bing,,data/raw/bing/wheat/witbier_belgian_white_beer_tulip_glass_-bottle_-can_-logo/000026.jpg,000026.jpg,2000,2000,2025-10-04T18:10:12Z,a69c47f30ccd9364,data/smart_cropped/956b09c5eb359a8cd96c052fbfecaa0a69d77b1a.jpg,detr_object_crop,"{""method"": ""detr_object_crop"", ""label"": ""wine glass"", ""score"": 0.9547948837280273, ""box"": [383, 38, 1602, 2000]}"
51cdc2a4b455823b75ab4671c9aeab55fd3501a1,wheat,bing,,data/raw/bing/wheat/witbier_belgian_white_beer_tulip_glass_-bottle_-can_-logo/000033.jpg,000033.jpg,1500,1468,2025-10-04T18:10:12Z,e704d9e2bac1f03a,data/smart_cropped/51cdc2a4b455823b75ab4671c9aeab55fd3501a1.jpg,detr_object_crop,"{""method"": ""detr_object_crop"", ""label"": ""wine glass"", ""score"": 0.9954246878623962, ""box"": [677, 0, 1500, 1468]}"
388c7e81e4bc11c84bb5c7fa705d04b606e8e778,wheat,bing,,data/raw/bing/wheat/witbier_belgian_white_beer_tulip_glass_-bottle_-can_-logo/000027.jpg,000027.jpg,1024,1024,2025-10-04T18:10:12Z,e68c99d3cc643399,data/smart_cropped/388c7e81e4bc11c84bb5c7fa705d04b606e8e778.jpg,detr_object_crop,"{""method"": ""detr_object_crop"", ""label"": ""wine glass"", ""score"": 0.9990991353988647, ""box"": [256, 124, 759, 859]}"
267e9c64aaf7e1e0d2c62bbdcd249c30b5236965,wheat,bing,,data/raw/bing/wheat/witbier_belgian_white_beer_tulip_glass_-bottle_-can_-logo/000019.jpg,000019.jpg,1000,1500,2025-10-04T18:10:12Z,b8ac9783e968949e,data/smart_cropped/267e9c64aaf7e1e0d2c62bbdcd249c30b5236965.jpg,detr_object_crop,"{""method"": ""detr_object_crop"", ""label"": ""wine glass"", ""score"": 0.9971451163291931, ""box"": [82, 98, 929, 1403]}"
6b05579300edb0629c0cf7c5255d77704c3b49b1,wheat,bing,,data/raw/bing/wheat/witbier_belgian_white_beer_tulip_glass_-bottle_-can_-logo/000031.jpg,000031.jpg,1000,1000,2025-10-04T18:10:12Z,e1c932cc9335ce33,data/smart_cropped/6b05579300edb0629c0cf7c5255d77704c3b49b1.jpg,detr_object_crop,"{""method"": ""detr_object_crop"", ""label"": ""vase"", ""score"": 0.7311944365501404, ""box"": [191, 0, 807, 1000]}"
29fa9bca7fd5828de6e9905a87c751fb9f63fd60,wheat,bing,,data/raw/bing/wheat/witbier_belgian_white_beer_tulip_glass_-bottle_-can_-logo/000025.jpg,000025.jpg,679,735,2025-10-04T18:10:12Z,ae22c2d5bd03ce1d,data/smart_cropped/29fa9bca7fd5828de6e9905a87c751fb9f63fd60.jpg,detr_object_crop,"{""method"": ""detr_object_crop"", ""label"": ""wine glass"", ""score"": 0.9991889595985413, ""box"": [0, 0, 415, 730]}"
b97d10fb36b224e9b44fff1bb7997077b1da2694,wheat,bing,,data/raw/bing/wheat/witbier_belgian_white_beer_tulip_glass_-bottle_-can_-logo/000024.jpg,000024.jpg,1588,1588,2025-10-04T18:10:12Z,d5d11149cf2f2f24,data/smart_cropped/b97d10fb36b224e9b44fff1bb7997077b1da2694.jpg,detr_object_crop,"{""method"": ""detr_object_crop"", ""label"": ""wine glass"", ""score"": 0.9927659034729004, ""box"": [424, 8, 1420, 1556]}"
7dac83332ee29d2076a63d2730f8a05e5b42d2e4,wheat,bing,,data/raw/bing/wheat/witbier_belgian_white_beer_tulip_glass_-bottle_-can_-logo/000030.jpg,000030.jpg,600,600,2025-10-04T18:10:12Z,bc1c61661cc763cd,data/smart_cropped/7dac83332ee29d2076a63d2730f8a05e5b42d2e4.jpg,detr_object_crop,"{""method"": ""detr_object_crop"", ""label"": ""vase"", ""score"": 0.9988987445831299, ""box"": [90, 0, 509, 600]}"
d235dccf6b5e429e0cb518e2ece55b9ad2c7132c,wheat,bing,,data/raw/bing/wheat/witbier_belgian_white_beer_tulip_glass_-bottle_-can_-logo/000018.jpg,000018.jpg,1588,1588,2025-10-04T18:10:12Z,aca57749bb229ad0,data/smart_cropped/d235dccf6b5e429e0cb518e2ece55b9ad2c7132c.jpg,detr_object_crop,"{""method"": ""detr_object_crop"", ""label"": ""wine glass"", ""score"": 0.9980089068412781, ""box"": [0, 166, 700, 1587]}"
fc40d4d27738daaa5824a5f5803e2d2bd0ab7089,wheat,bing,,data/raw/bing/wheat/witbier_belgian_white_beer_tulip_glass_-bottle_-can_-logo/000034.jpg,000034.jpg,569,667,2025-10-04T18:10:12Z,8fd4fa01f03ce03e,data/smart_cropped/fc40d4d27738daaa5824a5f5803e2d2bd0ab7089.jpg,detr_object_crop,"{""method"": ""detr_object_crop"", ""label"": ""surfboard"", ""score"": 0.9876049757003784, ""box"": [249, 0, 569, 667]}"
ba2cd3ee08bb1f87e683fdc569519a66be1de111,wheat,bing,,data/raw/bing/wheat/witbier_belgian_white_beer_tulip_glass_-bottle_-can_-logo/000020.jpg,000020.jpg,768,1150,2025-10-04T18:10:12Z,86e62606268ecdf7,data/smart_cropped/ba2cd3ee08bb1f87e683fdc569519a66be1de111.jpg,detr_object_crop,"{""method"": ""detr_object_crop"", ""label"": ""wine glass"", ""score"": 0.9989583492279053, ""box"": [221, 408, 566, 921]}"
89e9e7da273df4a7fd2a38f31e0790db931668c0,wheat,bing,,data/raw/bing/wheat/witbier_belgian_white_beer_tulip_glass_-bottle_-can_-logo/000008.jpg,000008.jpg,1835,2560,2025-10-04T18:10:12Z,e119969678966579,data/smart_cropped/89e9e7da273df4a7fd2a38f31e0790db931668c0.jpg,detr_object_crop,"{""method"": ""detr_object_crop"", ""label"": ""wine glass"", ""score"": 0.9966379404067993, ""box"": [240, 265, 1629, 2560]}"
b69c76a4e6fd64725ba4e7cbfbbd8dd0e7654876,wheat,bing,,data/raw/bing/wheat/witbier_belgian_white_beer_tulip_glass_-bottle_-can_-logo/000009.jpg,000009.jpg,969,969,2025-10-04T18:10:12Z,85a3fe3c716d9c40,data/smart_cropped/b69c76a4e6fd64725ba4e7cbfbbd8dd0e7654876.jpg,detr_object_crop,"{""method"": ""detr_object_crop"", ""label"": ""wine glass"", ""score"": 0.9990459084510803, ""box"": [197, 0, 789, 852]}"
805c5538c4ac41597b7f1f9563b1dfb67df30502,wheat,bing,,data/raw/bing/wheat/witbier_belgian_white_beer_tulip_glass_-bottle_-can_-logo/000021.jpg,000021.jpg,1800,1800,2025-10-04T18:10:12Z,b319cece6699248b,data/smart_cropped/805c5538c4ac41597b7f1f9563b1dfb67df30502.jpg,center_square_fallback,"{""method"": ""center_square_fallback"", ""label"": null, ""score"": null, ""box"": [0, 0, 1800, 1800]}"
ce514dbc1b11c5a847a2329a9e2d08484c7bbc74,wheat,bing,,data/raw/bing/wheat/witbier_belgian_white_beer_tulip_glass_-bottle_-can_-logo/000035.jpg,000035.jpg,960,811,2025-10-04T18:10:12Z,ee62d199a4b69334,data/smart_cropped/ce514dbc1b11c5a847a2329a9e2d08484c7bbc74.jpg,detr_object_crop,"{""method"": ""detr_object_crop"", ""label"": ""cake"", ""score"": 0.918026864528656, ""box"": [488, 2, 960, 471]}"
50cb939d9c3174e997bf21faf4efaa7ce38181a0,wheat,bing,,data/raw/bing/wheat/witbier_belgian_white_beer_tulip_glass_-bottle_-can_-logo/000023.jpg,000023.jpg,1000,1000,2025-10-04T18:10:12Z,b499716339c76519,data/smart_cropped/50cb939d9c3174e997bf21faf4efaa7ce38181a0.jpg,detr_object_crop,"{""method"": ""detr_object_crop"", ""label"": ""wine glass"", ""score"": 0.9049091935157776, ""box"": [137, 0, 880, 1000]}"
1e6821f7a777d3d8081763aef5a91eca2f530cad,wheat,bing,,data/raw/bing/wheat/witbier_belgian_white_beer_tulip_glass_-bottle_-can_-logo/000022.jpg,000022.jpg,1164,1690,2025-10-04T18:10:12Z,e6ec4c8b1b931b91,data/smart_cropped/1e6821f7a777d3d8081763aef5a91eca2f530cad.jpg,center_square_fallback,"{""method"": ""center_square_fallback"", ""label"": null, ""score"": null, ""box"": [0, 263, 1164, 1427]}"
0beae72af79a286972b8a88f3976e5b8f98d7f11,wheat,bing,,data/raw/bing/wheat/witbier_belgian_white_beer_tulip_glass_-bottle_-can_-logo/000045.jpg,000045.jpg,1200,1200,2025-10-04T18:10:12Z,e499c5324dcf6331,data/smart_cropped/0beae72af79a286972b8a88f3976e5b8f98d7f11.jpg,detr_object_crop,"{""method"": ""detr_object_crop"", ""label"": ""wine glass"", ""score"": 0.9991359114646912, ""box"": [174, 0, 1027, 1200]}"
61406b4d77de55b6ae1529a4691a14827be410a3,wheat,bing,,data/raw/bing/wheat/witbier_belgian_white_beer_tulip_glass_-bottle_-can_-logo/000046.jpg,000046.jpg,853,960,2025-10-04T18:10:12Z,90cc3b9d26f8463b,data/smart_cropped/61406b4d77de55b6ae1529a4691a14827be410a3.jpg,detr_object_crop,"{""method"": ""detr_object_crop"", ""label"": ""wine glass"", ""score"": 0.9498851895332336, ""box"": [229, 0, 664, 749]}"
c2f3bd8f7afe14618d923a9cc4b399fe503505ed,wheat,bing,,data/raw/bing/wheat/witbier_belgian_white_beer_tulip_glass_-bottle_-can_-logo/000043.jpg,000043.jpg,811,960,2025-10-04T18:10:12Z,f895c64a9f37a841,data/smart_cropped/c2f3bd8f7afe14618d923a9cc4b399fe503505ed.jpg,detr_object_crop,"{""method"": ""detr_object_crop"", ""label"": ""wine glass"", ""score"": 0.7359583377838135, ""box"": [1, 0, 463, 782]}"
a054112efde40675a5c0136c1ed0ce4757367ebe,wheat,bing,,data/raw/bing/wheat/witbier_belgian_white_beer_tulip_glass_-bottle_-can_-logo/000042.jpg,000042.jpg,960,960,2025-10-04T18:10:12Z,f7ff0a8aac1d0292,data/smart_cropped/a054112efde40675a5c0136c1ed0ce4757367ebe.jpg,detr_object_crop,"{""method"": ""detr_object_crop"", ""label"": ""wine glass"", ""score"": 0.9986578226089478, ""box"": [98, 297, 356, 616]}"
13fca0f9488a0983c9149ff877f67bdde39329f9,wheat,bing,,data/raw/bing/wheat/witbier_belgian_white_beer_tulip_glass_-bottle_-can_-logo/000040.jpg,000040.jpg,600,600,2025-10-04T18:10:12Z,bc9b6599226d9334,data/smart_cropped/13fca0f9488a0983c9149ff877f67bdde39329f9.jpg,detr_object_crop,"{""method"": ""detr_object_crop"", ""label"": ""wine glass"", ""score"": 0.9670693278312683, ""box"": [115, 0, 487, 600]}"
4aa1b53a2e690b6a5cc61e3ac2b1681df58965b3,wheat,bing,,data/raw/bing/wheat/witbier_belgian_white_beer_tulip_glass_-bottle_-can_-logo/000041.jpg,000041.jpg,1280,720,2025-10-04T18:10:12Z,b838cccf93920ec7,data/smart_cropped/4aa1b53a2e690b6a5cc61e3ac2b1681df58965b3.jpg,detr_object_crop,"{""method"": ""detr_object_crop"", ""label"": ""person"", ""score"": 0.8716745376586914, ""box"": [623, 0, 1114, 361]}"
1d5724209875452bdccc05cb365131d32e4c7eb7,wheat,bing,,data/raw/bing/wheat/witbier_belgian_white_beer_tulip_glass_-bottle_-can_-logo/000013.jpg,000013.jpg,768,1151,2025-10-04T18:10:12Z,8e9070d17cc67a3e,data/smart_cropped/1d5724209875452bdccc05cb365131d32e4c7eb7.jpg,detr_object_crop,"{""method"": ""detr_object_crop"", ""label"": ""wine glass"", ""score"": 0.9982604384422302, ""box"": [144, 265, 618, 984]}"
12e9f317dfd047fc1e27696b1016d561e2b141cf,wheat,bing,,data/raw/bing/wheat/witbier_belgian_white_beer_tulip_glass_-bottle_-can_-logo/000012.jpg,000012.jpg,1422,1600,2025-10-04T18:10:12Z,90cc3b9d26f8463b,data/smart_cropped/12e9f317dfd047fc1e27696b1016d561e2b141cf.jpg,detr_object_crop,"{""method"": ""detr_object_crop"", ""label"": ""wine glass"", ""score"": 0.953392505645752, ""box"": [382, 0, 1104, 1248]}"
3c6ab441a33e65c999410e63cfb79828702a5c88,wheat,bing,,data/raw/bing/wheat/witbier_belgian_white_beer_tulip_glass_-bottle_-can_-logo/000006.jpg,000006.jpg,1288,1416,2025-10-04T18:10:12Z,bbb3c0ec2d112c3d,data/smart_cropped/3c6ab441a33e65c999410e63cfb79828702a5c88.jpg,detr_object_crop,"{""method"": ""detr_object_crop"", ""label"": ""wine glass"", ""score"": 0.9979841709136963, ""box"": [409, 0, 1138, 1048]}"
4865c2dcbaa7f5900a62a4814394d2f3da998bed,wheat,bing,,data/raw/bing/wheat/witbier_belgian_white_beer_tulip_glass_-bottle_-can_-logo/000038.jpg,000038.jpg,600,600,2025-10-04T18:10:12Z,c23e3cd11967ce38,data/smart_cropped/4865c2dcbaa7f5900a62a4814394d2f3da998bed.jpg,center_square_fallback,"{""method"": ""center_square_fallback"", ""label"": null, ""score"": null, ""box"": [0, 0, 600, 600]}"
cdae3616390f0c4c60bec3c1de87d9cf6bab3d1b,wheat,bing,,data/raw/bing/wheat/witbier_belgian_white_beer_tulip_glass_-bottle_-can_-logo/000010.jpg,000010.jpg,770,1500,2025-10-04T18:10:12Z,e4909e6fdb0e922c,data/smart_cropped/cdae3616390f0c4c60bec3c1de87d9cf6bab3d1b.jpg,center_square_fallback,"{""method"": ""center_square_fallback"", ""label"": null, ""score"": null, ""box"": [0, 365, 770, 1135]}"
273d778ac5fa46b36550de345a23e44b33941014,wheat,bing,,data/raw/bing/wheat/witbier_belgian_white_beer_tulip_glass_-bottle_-can_-logo/000004.jpg,000004.jpg,1024,1024,2025-10-04T18:10:12Z,e79c983393663299,data/smart_cropped/273d778ac5fa46b36550de345a23e44b33941014.jpg,detr_object_crop,"{""method"": ""detr_object_crop"", ""label"": ""wine glass"", ""score"": 0.9987653493881226, ""box"": [260, 140, 755, 857]}"
797637672bde92621c9694103a84538616c4bcb0,wheat,bing,,data/raw/bing/wheat/witbier_belgian_white_beer_tulip_glass_-bottle_-can_-logo/000001.jpg,000001.jpg,1200,1200,2025-10-04T18:10:12Z,82a6a569194e3f8f,data/smart_cropped/797637672bde92621c9694103a84538616c4bcb0.jpg,detr_object_crop,"{""method"": ""detr_object_crop"", ""label"": ""wine glass"", ""score"": 0.9985418319702148, ""box"": [372, 98, 987, 1200]}"
dd106221bd9cfd81206d17b5ff70b2f8c249569d,wheat,bing,,data/raw/bing/wheat/witbier_belgian_white_beer_tulip_glass_-bottle_-can_-logo/000029.jpg,000029.jpg,1000,1000,2025-10-04T18:10:12Z,bb3994c7c4d886e1,data/smart_cropped/dd106221bd9cfd81206d17b5ff70b2f8c249569d.jpg,detr_object_crop,"{""method"": ""detr_object_crop"", ""label"": ""vase"", ""score"": 0.9851475358009338, ""box"": [237, 427, 519, 863]}"
3eb2cab905016dbea1c929dfbeef7be1fa894b16,wheat,bing,,data/raw/bing/wheat/witbier_belgian_white_beer_tulip_glass_-bottle_-can_-logo/000028.jpg,000028.jpg,1600,1600,2025-10-04T18:10:12Z,f7ff0a8aac1d0292,data/smart_cropped/3eb2cab905016dbea1c929dfbeef7be1fa894b16.jpg,detr_object_crop,"{""method"": ""detr_object_crop"", ""label"": ""wine glass"", ""score"": 0.9985231757164001, ""box"": [163, 496, 596, 1028]}"
b3887b9fdba3229e54386466d10f839930f9e1b7,wheat,bing,,data/raw/bing/wheat/witbier_belgian_white_beer_tulip_glass_-bottle_-can_-logo/000014.jpg,000014.jpg,569,738,2025-10-04T18:10:12Z,cbf1f60e106d6271,data/smart_cropped/b3887b9fdba3229e54386466d10f839930f9e1b7.jpg,detr_object_crop,"{""method"": ""detr_object_crop"", ""label"": ""wine glass"", ""score"": 0.9947353005409241, ""box"": [0, 341, 162, 619]}"
6baf254a4c7c23cd03e76ceefbd492c7b0eef3e2,wheat,bing,,data/raw/bing/wheat/witbier_belgian_white_beer_tulip_glass_-bottle_-can_-logo/000002.jpg,000002.jpg,1068,1690,2025-10-04T18:10:12Z,b4a4dbcb32a478c3,data/smart_cropped/6baf254a4c7c23cd03e76ceefbd492c7b0eef3e2.jpg,detr_object_crop,"{""method"": ""detr_object_crop"", ""label"": ""wine glass"", ""score"": 0.9996178150177002, ""box"": [221, 273, 836, 1287]}"
2905845e217e00f3d133d5b350cf63a309383a0e,wheat,bing,,data/raw/bing/wheat/witbier_belgian_white_beer_tulip_glass_-bottle_-can_-logo/000016.jpg,000016.jpg,1000,1000,2025-10-04T18:10:12Z,d577935622d2a3c4,data/smart_cropped/2905845e217e00f3d133d5b350cf63a309383a0e.jpg,detr_object_crop,"{""method"": ""detr_object_crop"", ""label"": ""wine glass"", ""score"": 0.9993419051170349, ""box"": [43, 448, 352, 876]}"
a32d3f43e242131379883c792a1b9bf7e8f13de0,wheat,bing,,data/raw/bing/wheat/witbier_belgian_white_beer_tulip_glass_-bottle_-can_-logo/000003.jpg,000003.jpg,920,920,2025-10-04T18:10:12Z,99662466db996ca6,data/smart_cropped/a32d3f43e242131379883c792a1b9bf7e8f13de0.jpg,detr_object_crop,"{""method"": ""detr_object_crop"", ""label"": ""wine glass"", ""score"": 0.9987167119979858, ""box"": [235, 265, 693, 891]}"
0441cea659b741a698534fbd357c5869616d7358,wheat,bing,,data/raw/bing/wheat/dunkelweizen_dark_wheat_beer_tall_glass_-bottle_-can_-logo/000026.jpg,000026.jpg,600,900,2025-10-04T18:11:27Z,f64c7088a3abb1b3,data/smart_cropped/0441cea659b741a698534fbd357c5869616d7358.jpg,detr_object_crop,"{""method"": ""detr_object_crop"", ""label"": ""wine glass"", ""score"": 0.9478839635848999, ""box"": [124, 189, 468, 900]}"
05b1eed2c3801e9a56d758aff6efed9f029d6c3a,wheat,bing,,data/raw/bing/wheat/dunkelweizen_dark_wheat_beer_tall_glass_-bottle_-can_-logo/000032.jpg,000032.jpg,600,600,2025-10-04T18:11:27Z,b32ccccecc66cc23,data/smart_cropped/05b1eed2c3801e9a56d758aff6efed9f029d6c3a.jpg,detr_object_crop,"{""method"": ""detr_object_crop"", ""label"": ""vase"", ""score"": 0.9878315329551697, ""box"": [148, 0, 444, 600]}"
3b780e2e6e084b18b5cea3e90f8759af717510b7,wheat,bing,,data/raw/bing/wheat/dunkelweizen_dark_wheat_beer_tall_glass_-bottle_-can_-logo/000033.jpg,000033.jpg,946,1390,2025-10-04T18:11:27Z,e4e44c831b935b9b,data/smart_cropped/3b780e2e6e084b18b5cea3e90f8759af717510b7.jpg,center_square_fallback,"{""method"": ""center_square_fallback"", ""label"": null, ""score"": null, ""box"": [0, 222, 946, 1168]}"
1dc8a173c0148d67c7e4b2fdce1792fe1d3c61b1,wheat,bing,,data/raw/bing/wheat/dunkelweizen_dark_wheat_beer_tall_glass_-bottle_-can_-logo/000027.jpg,000027.jpg,1300,1064,2025-10-04T18:11:27Z,b4cbc2a43d964bf0,data/smart_cropped/1dc8a173c0148d67c7e4b2fdce1792fe1d3c61b1.jpg,detr_object_crop,"{""method"": ""detr_object_crop"", ""label"": ""cup"", ""score"": 0.9939998388290405, ""box"": [277, 10, 1072, 1064]}"
1cb72d809b7377f87968b6e0acf3ac0d05104b82,wheat,bing,,data/raw/bing/wheat/dunkelweizen_dark_wheat_beer_tall_glass_-bottle_-can_-logo/000019.jpg,000019.jpg,2448,3264,2025-10-04T18:11:27Z,a45b53b83de5c0e2,data/smart_cropped/1cb72d809b7377f87968b6e0acf3ac0d05104b82.jpg,detr_object_crop,"{""method"": ""detr_object_crop"", ""label"": ""bottle"", ""score"": 0.9863460659980774, ""box"": [850, 40, 2006, 3225]}"
0c25fa6b2c178130b61663a1df8908845adfe385,wheat,bing,,data/raw/bing/wheat/dunkelweizen_dark_wheat_beer_tall_glass_-bottle_-can_-logo/000025.jpg,000025.jpg,768,512,2025-10-04T18:11:27Z,db1d0861863efb52,data/smart_cropped/0c25fa6b2c178130b61663a1df8908845adfe385.jpg,detr_object_crop,"{""method"": ""detr_object_crop"", ""label"": ""cup"", ""score"": 0.9960916638374329, ""box"": [352, 87, 594, 512]}"
a845a1add45d6d8c61c5f85a210b437fc09a24f2,wheat,bing,,data/raw/bing/wheat/dunkelweizen_dark_wheat_beer_tall_glass_-bottle_-can_-logo/000024.jpg,000024.jpg,2336,2336,2025-10-04T18:11:27Z,b6c6c2f99964c91c,data/smart_cropped/a845a1add45d6d8c61c5f85a210b437fc09a24f2.jpg,detr_object_crop,"{""method"": ""detr_object_crop"", ""label"": ""bottle"", ""score"": 0.9978253841400146, ""box"": [216, 176, 1023, 2310]}"
d58337e519b89fb2c9d64e3b3350a4fe3649de7c,wheat,bing,,data/raw/bing/wheat/dunkelweizen_dark_wheat_beer_tall_glass_-bottle_-can_-logo/000030.jpg,000030.jpg,1700,740,2025-10-04T18:11:27Z,8aa27e5c76a3d1c8,data/smart_cropped/d58337e519b89fb2c9d64e3b3350a4fe3649de7c.jpg,detr_object_crop,"{""method"": ""detr_object_crop"", ""label"": ""bottle"", ""score"": 0.9949072003364563, ""box"": [541, 17, 815, 740]}"
9f18a36eb67389aa4349e1465e9de9dffb4d6e6c,wheat,bing,,data/raw/bing/wheat/dunkelweizen_dark_wheat_beer_tall_glass_-bottle_-can_-logo/000018.jpg,000018.jpg,800,533,2025-10-04T18:11:27Z,84d347e5f4079993,data/smart_cropped/9f18a36eb67389aa4349e1465e9de9dffb4d6e6c.jpg,detr_object_crop,"{""method"": ""detr_object_crop"", ""label"": ""cup"", ""score"": 0.9986028075218201, ""box"": [139, 33, 394, 517]}"
323155f4bcad5d0653dc7834042bd481a6139334,wheat,bing,,data/raw/bing/wheat/dunkelweizen_dark_wheat_beer_tall_glass_-bottle_-can_-logo/000034.jpg,000034.jpg,1300,1034,2025-10-04T18:11:27Z,ed9239ec12b946b8,data/smart_cropped/323155f4bcad5d0653dc7834042bd481a6139334.jpg,detr_object_crop,"{""method"": ""detr_object_crop"", ""label"": ""cup"", ""score"": 0.9896509647369385, ""box"": [11, 166, 786, 1034]}"
ec69b20c9363618eb65251b3514d380b908c8b80,wheat,bing,,data/raw/bing/wheat/dunkelweizen_dark_wheat_beer_tall_glass_-bottle_-can_-logo/000020.jpg,000020.jpg,1280,720,2025-10-04T18:11:27Z,90c16d1e1b2d6cdb,data/smart_cropped/ec69b20c9363618eb65251b3514d380b908c8b80.jpg,center_square_fallback,"{""method"": ""center_square_fallback"", ""label"": null, ""score"": null, ""box"": [280, 0, 1000, 720]}"
768805e2787b580cf1ca4c3c1910002edca148dd,wheat,bing,,data/raw/bing/wheat/dunkelweizen_dark_wheat_beer_tall_glass_-bottle_-can_-logo/000008.jpg,000008.jpg,1200,1200,2025-10-04T18:11:27Z,b399d98e66264cb1,data/smart_cropped/768805e2787b580cf1ca4c3c1910002edca148dd.jpg,detr_object_crop,"{""method"": ""detr_object_crop"", ""label"": ""dining table"", ""score"": 0.8713111281394958, ""box"": [0, 914, 1200, 1200]}"
59cb92ca6681a994ca0b868543754859fe434891,wheat,bing,,data/raw/bing/wheat/dunkelweizen_dark_wheat_beer_tall_glass_-bottle_-can_-logo/000009.jpg,000009.jpg,1280,720,2025-10-04T18:11:27Z,a714a537926b4b2b,data/smart_cropped/59cb92ca6681a994ca0b868543754859fe434891.jpg,detr_object_crop,"{""method"": ""detr_object_crop"", ""label"": ""cup"", ""score"": 0.9986733198165894, ""box"": [819, 0, 1197, 720]}"
5f35b7e6687ec4f4a92362d7eb2f3764b47f3cdb,wheat,bing,,data/raw/bing/wheat/dunkelweizen_dark_wheat_beer_tall_glass_-bottle_-can_-logo/000021.jpg,000021.jpg,585,585,2025-10-04T18:11:27Z,f5d083f1c80b7a2b,data/smart_cropped/5f35b7e6687ec4f4a92362d7eb2f3764b47f3cdb.jpg,detr_object_crop,"{""method"": ""detr_object_crop"", ""label"": ""bottle"", ""score"": 0.8960375785827637, ""box"": [115, 0, 441, 585]}"
ae7d99c26a81b109a0dc17e04db0ca4136a5f1ff,wheat,bing,,data/raw/bing/wheat/dunkelweizen_dark_wheat_beer_tall_glass_-bottle_-can_-logo/000023.jpg,000023.jpg,1200,1848,2025-10-04T18:11:27Z,e61a9b9969a4d925,data/smart_cropped/ae7d99c26a81b109a0dc17e04db0ca4136a5f1ff.jpg,detr_object_crop,"{""method"": ""detr_object_crop"", ""label"": ""bottle"", ""score"": 0.9985907673835754, ""box"": [317, 20, 914, 1826]}"
14e6960467d8289ecc445ae64057f2a7bc4c0e7b,wheat,bing,,data/raw/bing/wheat/dunkelweizen_dark_wheat_beer_tall_glass_-bottle_-can_-logo/000037.jpg,000037.jpg,1300,1064,2025-10-04T18:11:27Z,bcc340b9479c77c8,data/smart_cropped/14e6960467d8289ecc445ae64057f2a7bc4c0e7b.jpg,detr_object_crop,"{""method"": ""detr_object_crop"", ""label"": ""cup"", ""score"": 0.9359298348426819, ""box"": [37, 95, 693, 1064]}"
68c683740ca0d524f4c6d462b58e4ec6db817057,wheat,bing,,data/raw/bing/wheat/dunkelweizen_dark_wheat_beer_tall_glass_-bottle_-can_-logo/000036.jpg,000036.jpg,736,985,2025-10-04T18:11:27Z,a997c258dea1d748,data/smart_cropped/68c683740ca0d524f4c6d462b58e4ec6db817057.jpg,detr_object_crop,"{""method"": ""detr_object_crop"", ""label"": ""bottle"", ""score"": 0.9974092841148376, ""box"": [337, 164, 631, 941]}"
919c4a31610e52dc074e1a79788501ca5596bc80,wheat,bing,,data/raw/bing/wheat/dunkelweizen_dark_wheat_beer_tall_glass_-bottle_-can_-logo/000022.jpg,000022.jpg,1200,630,2025-10-04T18:11:27Z,ea8f6ce48764872a,data/smart_cropped/919c4a31610e52dc074e1a79788501ca5596bc80.jpg,detr_object_crop,"{""method"": ""detr_object_crop"", ""label"": ""wine glass"", ""score"": 0.9979019165039062, ""box"": [636, 25, 847, 262]}"
c804d4cfc806396990670f545248f0368a95ff49,wheat,bing,,data/raw/bing/wheat/dunkelweizen_dark_wheat_beer_tall_glass_-bottle_-can_-logo/000040.jpg,000040.jpg,534,800,2025-10-04T18:11:27Z,cac33935c03e93f1,data/smart_cropped/c804d4cfc806396990670f545248f0368a95ff49.jpg,detr_object_crop,"{""method"": ""detr_object_crop"", ""label"": ""bottle"", ""score"": 0.9991113543510437, ""box"": [263, 0, 534, 800]}"
2804f20c3d63a50f386677282dc5a0c6ff6944fa,wheat,bing,,data/raw/bing/wheat/dunkelweizen_dark_wheat_beer_tall_glass_-bottle_-can_-logo/000007.jpg,000007.jpg,1024,1024,2025-10-04T18:11:27Z,b0cf4f32363a4d91,data/smart_cropped/2804f20c3d63a50f386677282dc5a0c6ff6944fa.jpg,detr_object_crop,"{""method"": ""detr_object_crop"", ""label"": ""cup"", ""score"": 0.9952296018600464, ""box"": [119, 58, 678, 1024]}"
9dd2035ed7aeee393657c3cc3c96820e54bf37b2,wheat,bing,,data/raw/bing/wheat/dunkelweizen_dark_wheat_beer_tall_glass_-bottle_-can_-logo/000013.jpg,000013.jpg,1080,1920,2025-10-04T18:11:27Z,d2d6bd308d2f28b8,data/smart_cropped/9dd2035ed7aeee393657c3cc3c96820e54bf37b2.jpg,detr_object_crop,"{""method"": ""detr_object_crop"", ""label"": ""wine glass"", ""score"": 0.983509361743927, ""box"": [0, 64, 396, 1654]}"
98d11040de78a21ae3c1f8f5ea48457733db14e4,wheat,bing,,data/raw/bing/wheat/dunkelweizen_dark_wheat_beer_tall_glass_-bottle_-can_-logo/000012.jpg,000012.jpg,905,1600,2025-10-04T18:11:27Z,e5edca821c397878,data/smart_cropped/98d11040de78a21ae3c1f8f5ea48457733db14e4.jpg,detr_object_crop,"{""method"": ""detr_object_crop"", ""label"": ""cup"", ""score"": 0.9565438032150269, ""box"": [138, 102, 793, 1462]}"
49ba993edce3d76d3f3f37b5d55ab15ff4b08e39,wheat,bing,,data/raw/bing/wheat/dunkelweizen_dark_wheat_beer_tall_glass_-bottle_-can_-logo/000006.jpg,000006.jpg,600,610,2025-10-04T18:11:27Z,e6e1999a981e9867,data/smart_cropped/49ba993edce3d76d3f3f37b5d55ab15ff4b08e39.jpg,detr_object_crop,"{""method"": ""detr_object_crop"", ""label"": ""wine glass"", ""score"": 0.9092674851417542, ""box"": [162, 0, 467, 610]}"
0cb96fe720ff189514523dbe4bd105dcde1d561f,wheat,bing,,data/raw/bing/wheat/dunkelweizen_dark_wheat_beer_tall_glass_-bottle_-can_-logo/000038.jpg,000038.jpg,2000,1333,2025-10-04T18:11:27Z,f339c8ce4c660a9b,data/smart_cropped/0cb96fe720ff189514523dbe4bd105dcde1d561f.jpg,detr_object_crop,"{""method"": ""detr_object_crop"", ""label"": ""cup"", ""score"": 0.9987558126449585, ""box"": [588, 21, 1387, 1271]}"
640e9c0a76e5494c8ddf971a7ba009705207fe63,wheat,bing,,data/raw/bing/wheat/dunkelweizen_dark_wheat_beer_tall_glass_-bottle_-can_-logo/000004.jpg,000004.jpg,769,1024,2025-10-04T18:11:27Z,ba87c5106939b736,data/smart_cropped/640e9c0a76e5494c8ddf971a7ba009705207fe63.jpg,detr_object_crop,"{""method"": ""detr_object_crop"", ""label"": ""bottle"", ""score"": 0.9968649744987488, ""box"": [349, 0, 726, 1024]}"
3a40149deac4fff013b47ea223873610ba61fa81,wheat,bing,,data/raw/bing/wheat/dunkelweizen_dark_wheat_beer_tall_glass_-bottle_-can_-logo/000005.jpg,000005.jpg,947,1500,2025-10-04T18:11:27Z,f845c5382b7ac9d4,data/smart_cropped/3a40149deac4fff013b47ea223873610ba61fa81.jpg,detr_object_crop,"{""method"": ""detr_object_crop"", ""label"": ""bottle"", ""score"": 0.9987804293632507, ""box"": [460, 25, 947, 1481]}"
28220b43c7c89ec07cb20c1d53f8501a2af9d2ea,wheat,bing,,data/raw/bing/wheat/dunkelweizen_dark_wheat_beer_tall_glass_-bottle_-can_-logo/000039.jpg,000039.jpg,550,550,2025-10-04T18:11:27Z,e0db012cfa9f4f42,data/smart_cropped/28220b43c7c89ec07cb20c1d53f8501a2af9d2ea.jpg,detr_object_crop,"{""method"": ""detr_object_crop"", ""label"": ""person"", ""score"": 0.9963390827178955, ""box"": [132, 260, 294, 550]}"
4f53fb7c9ad4fce24f782634019de5c0b1ac2719,wheat,bing,,data/raw/bing/wheat/dunkelweizen_dark_wheat_beer_tall_glass_-bottle_-can_-logo/000001.jpg,000001.jpg,512,512,2025-10-04T18:11:27Z,b339999b8c93cc23,data/smart_cropped/4f53fb7c9ad4fce24f782634019de5c0b1ac2719.jpg,detr_object_crop,"{""method"": ""detr_object_crop"", ""label"": ""vase"", ""score"": 0.9916623830795288, ""box"": [129, 0, 384, 512]}"
e312bf365b1e1ed2a4baa754b65d2639b3f7c4b7,wheat,bing,,data/raw/bing/wheat/dunkelweizen_dark_wheat_beer_tall_glass_-bottle_-can_-logo/000029.jpg,000029.jpg,1200,900,2025-10-04T18:11:27Z,b8c7c03ea7c4d839,data/smart_cropped/e312bf365b1e1ed2a4baa754b65d2639b3f7c4b7.jpg,detr_object_crop,"{""method"": ""detr_object_crop"", ""label"": ""cup"", ""score"": 0.9889394640922546, ""box"": [84, 57, 691, 900]}"
dcd5175258f0d64ade9112c52825e53dd8812357,wheat,bing,,data/raw/bing/wheat/dunkelweizen_dark_wheat_beer_tall_glass_-bottle_-can_-logo/000028.jpg,000028.jpg,1067,1600,2025-10-04T18:11:27Z,cac33935c03e93f1,data/smart_cropped/dcd5175258f0d64ade9112c52825e53dd8812357.jpg,detr_object_crop,"{""method"": ""detr_object_crop"", ""label"": ""bottle"", ""score"": 0.9988887906074524, ""box"": [524, 0, 1067, 1600]}"
cf7b08c544a7270cc053b71680bbdc11a397f181,wheat,bing,,data/raw/bing/wheat/dunkelweizen_dark_wheat_beer_tall_glass_-bottle_-can_-logo/000014.jpg,000014.jpg,866,1390,2025-10-04T18:11:27Z,e99b128d67e66892,data/smart_cropped/cf7b08c544a7270cc053b71680bbdc11a397f181.jpg,detr_object_crop,"{""method"": ""detr_object_crop"", ""label"": ""dining table"", ""score"": 0.9922215342521667, ""box"": [0, 0, 866, 1385]}"
b5a25e3c741388cf4f78fe93e0c5227a19f7faac,wheat,bing,,data/raw/bing/wheat/dunkelweizen_dark_wheat_beer_tall_glass_-bottle_-can_-logo/000002.jpg,000002.jpg,1920,1000,2025-10-04T18:11:27Z,e3cc8d3199cccc71,data/smart_cropped/b5a25e3c741388cf4f78fe93e0c5227a19f7faac.jpg,detr_object_crop,"{""method"": ""detr_object_crop"", ""label"": ""vase"", ""score"": 0.9998272061347961, ""box"": [548, 5, 1374, 1000]}"
8ddaad6bf2d5ffdfd2bbe562564da846682c1d73,wheat,bing,,data/raw/bing/wheat/dunkelweizen_dark_wheat_beer_tall_glass_-bottle_-can_-logo/000016.jpg,000016.jpg,1200,1200,2025-10-04T18:11:27Z,a9c396969652ce39,data/smart_cropped/8ddaad6bf2d5ffdfd2bbe562564da846682c1d73.jpg,detr_object_crop,"{""method"": ""detr_object_crop"", ""label"": ""bottle"", ""score"": 0.9966905117034912, ""box"": [214, 66, 705, 1159]}"
02a576e6ce3a714e54b318d850cd21b799451285,wheat,bing,,data/raw/bing/wheat/dunkelweizen_dark_wheat_beer_tall_glass_-bottle_-can_-logo/000017.jpg,000017.jpg,1200,900,2025-10-04T18:11:27Z,bcc3386bc43d69c2,data/smart_cropped/02a576e6ce3a714e54b318d850cd21b799451285.jpg,detr_object_crop,"{""method"": ""detr_object_crop"", ""label"": ""wine glass"", ""score"": 0.9972242116928101, ""box"": [592, 92, 1193, 900]}"
aa2b8257d7f253670d68f9be6b4b904a18e95d34,wheat,bing,,data/raw/bing/wheat/dunkelweizen_dark_wheat_beer_tall_glass_-bottle_-can_-logo/000003.jpg,000003.jpg,1400,933,2025-10-04T18:11:27Z,c079b7c62f3c188d,data/smart_cropped/aa2b8257d7f253670d68f9be6b4b904a18e95d34.jpg,detr_object_crop,"{""method"": ""detr_object_crop"", ""label"": ""bottle"", ""score"": 0.9271979331970215, ""box"": [113, 9, 525, 933]}"
b8d31df03f2069f75d8d73e491373ec0e3e25df2,wheat,bing,,data/raw/bing/wheat/wheat_ale_hazy_golden_in_weizen_vase_-bottle_-can_-logo/000026.jpg,000026.jpg,736,736,2025-10-04T18:12:42Z,ca4a6cb49a9ad9a5,data/smart_cropped/b8d31df03f2069f75d8d73e491373ec0e3e25df2.jpg,center_square_fallback,"{""method"": ""center_square_fallback"", ""label"": null, ""score"": null, ""box"": [0, 0, 736, 736]}"
f7108ba7f4732a4a246b83804249396d7c8f1f45,wheat,bing,,data/raw/bing/wheat/wheat_ale_hazy_golden_in_weizen_vase_-bottle_-can_-logo/000032.jpg,000032.jpg,600,600,2025-10-04T18:12:42Z,ccdd7330ce4eb038,data/smart_cropped/f7108ba7f4732a4a246b83804249396d7c8f1f45.jpg,detr_object_crop,"{""method"": ""detr_object_crop"", ""label"": ""cup"", ""score"": 0.8000534176826477, ""box"": [334, 264, 598, 491]}"
40372b98e556ac76213dad0b128d23ef671db57e,wheat,bing,,data/raw/bing/wheat/wheat_ale_hazy_golden_in_weizen_vase_-bottle_-can_-logo/000033.jpg,000033.jpg,903,1600,2025-10-04T18:12:42Z,f19e03a168f85697,data/smart_cropped/40372b98e556ac76213dad0b128d23ef671db57e.jpg,center_square_fallback,"{""method"": ""center_square_fallback"", ""label"": null, ""score"": null, ""box"": [0, 348, 903, 1251]}"
22acbcbf82a9b7757e11d03db350aae0a0e2ff70,wheat,bing,,data/raw/bing/wheat/wheat_ale_hazy_golden_in_weizen_vase_-bottle_-can_-logo/000019.jpg,000019.jpg,600,600,2025-10-04T18:12:42Z,e730d81e82f5e5e0,data/smart_cropped/22acbcbf82a9b7757e11d03db350aae0a0e2ff70.jpg,detr_object_crop,"{""method"": ""detr_object_crop"", ""label"": ""scissors"", ""score"": 0.8928800225257874, ""box"": [164, 0, 497, 600]}"
40e56344c63173f1182329da07dabb6cf5c62ea9,wheat,bing,,data/raw/bing/wheat/wheat_ale_hazy_golden_in_weizen_vase_-bottle_-can_-logo/000031.jpg,000031.jpg,1500,1830,2025-10-04T18:12:42Z,b3d3c43c1b70cc8d,data/smart_cropped/40e56344c63173f1182329da07dabb6cf5c62ea9.jpg,detr_object_crop,"{""method"": ""detr_object_crop"", ""label"": ""vase"", ""score"": 0.9885721206665039, ""box"": [56, 86, 1416, 1693]}"
159ddf9241209f0295d703952bbfc532f0dd14ff,wheat,bing,,data/raw/bing/wheat/wheat_ale_hazy_golden_in_weizen_vase_-bottle_-can_-logo/000024.jpg,000024.jpg,898,1690,2025-10-04T18:12:42Z,92992976ed12b762,data/smart_cropped/159ddf9241209f0295d703952bbfc532f0dd14ff.jpg,center_square_fallback,"{""method"": ""center_square_fallback"", ""label"": null, ""score"": null, ""box"": [0, 396, 898, 1294]}"
cc530993faff5c907c2297d5407b2c42c073cd3a,wheat,bing,,data/raw/bing/wheat/wheat_ale_hazy_golden_in_weizen_vase_-bottle_-can_-logo/000030.jpg,000030.jpg,2288,1712,2025-10-04T18:12:42Z,cba10513f8de9cd8,data/smart_cropped/cc530993faff5c907c2297d5407b2c42c073cd3a.jpg,detr_object_crop,"{""method"": ""detr_object_crop"", ""label"": ""vase"", ""score"": 0.9959208965301514, ""box"": [315, 0, 2195, 1712]}"
0e2bd7d2fcf643291a32ab14066d298ed3a9d099,wheat,bing,,data/raw/bing/wheat/wheat_ale_hazy_golden_in_weizen_vase_-bottle_-can_-logo/000018.jpg,000018.jpg,600,900,2025-10-04T18:12:42Z,9fbb1bc3e382300e,data/smart_cropped/0e2bd7d2fcf643291a32ab14066d298ed3a9d099.jpg,detr_object_crop,"{""method"": ""detr_object_crop"", ""label"": ""vase"", ""score"": 0.9866103529930115, ""box"": [0, 476, 418, 900]}"
44c6eaa8535706d50807d1044260e4d406ceeb37,wheat,bing,,data/raw/bing/wheat/wheat_ale_hazy_golden_in_weizen_vase_-bottle_-can_-logo/000034.jpg,000034.jpg,1920,1280,2025-10-04T18:12:42Z,bfc3d00fd40c9c6c,data/smart_cropped/44c6eaa8535706d50807d1044260e4d406ceeb37.jpg,detr_object_crop,"{""method"": ""detr_object_crop"", ""label"": ""vase"", ""score"": 0.9920221567153931, ""box"": [131, 6, 1672, 1280]}"
47fd4af6703b31d42d791ded533c826cbf68ae95,wheat,bing,,data/raw/bing/wheat/wheat_ale_hazy_golden_in_weizen_vase_-bottle_-can_-logo/000020.jpg,000020.jpg,800,534,2025-10-04T18:12:42Z,80e3cf320ee3bec1,data/smart_cropped/47fd4af6703b31d42d791ded533c826cbf68ae95.jpg,detr_object_crop,"{""method"": ""detr_object_crop"", ""label"": ""vase"", ""score"": 0.9983528852462769, ""box"": [453, 297, 638, 534]}"
67a51fa760708375ff862545be2d2389689a0a2c,wheat,bing,,data/raw/bing/wheat/wheat_ale_hazy_golden_in_weizen_vase_-bottle_-can_-logo/000008.jpg,000008.jpg,1300,1336,2025-10-04T18:12:42Z,eee151971d9052d3,data/smart_cropped/67a51fa760708375ff862545be2d2389689a0a2c.jpg,detr_object_crop,"{""method"": ""detr_object_crop"", ""label"": ""vase"", ""score"": 0.9995520710945129, ""box"": [532, 434, 1110, 1322]}"
9659f63d2be6490d6f831d188d5943c854361707,wheat,bing,,data/raw/bing/wheat/wheat_ale_hazy_golden_in_weizen_vase_-bottle_-can_-logo/000009.jpg,000009.jpg,640,960,2025-10-04T18:12:42Z,9933646c4e9f9389,data/smart_cropped/9659f63d2be6490d6f831d188d5943c854361707.jpg,detr_object_crop,"{""method"": ""detr_object_crop"", ""label"": ""vase"", ""score"": 0.8743721842765808, ""box"": [135, 586, 496, 960]}"
ddab8b5e7b0bd4ee1d402b85e6ccec4a0ba1b8e9,wheat,bing,,data/raw/bing/wheat/wheat_ale_hazy_golden_in_weizen_vase_-bottle_-can_-logo/000021.jpg,000021.jpg,626,626,2025-10-04T18:12:42Z,fc87c13cc31fa560,data/smart_cropped/ddab8b5e7b0bd4ee1d402b85e6ccec4a0ba1b8e9.jpg,detr_object_crop,"{""method"": ""detr_object_crop"", ""label"": ""bottle"", ""score"": 0.9962877035140991, ""box"": [225, 198, 398, 595]}"
688ddb40eccf3232ec654761a1eb42c696d6b827,wheat,bing,,data/raw/bing/wheat/wheat_ale_hazy_golden_in_weizen_vase_-bottle_-can_-logo/000035.jpg,000035.jpg,1024,860,2025-10-04T18:12:42Z,b3329ec69ec66419,data/smart_cropped/688ddb40eccf3232ec654761a1eb42c696d6b827.jpg,center_square_fallback,"{""method"": ""center_square_fallback"", ""label"": null, ""score"": null, ""box"": [82, 0, 942, 860]}"
66ed8479cda91d7118a96d36dfbebd7937ccd530,wheat,bing,,data/raw/bing/wheat/wheat_ale_hazy_golden_in_weizen_vase_-bottle_-can_-logo/000036.jpg,000036.jpg,1200,1468,2025-10-04T18:12:42Z,e19696383349cf99,data/smart_cropped/66ed8479cda91d7118a96d36dfbebd7937ccd530.jpg,detr_object_crop,"{""method"": ""detr_object_crop"", ""label"": ""vase"", ""score"": 0.9962849617004395, ""box"": [181, 0, 1029, 1468]}"
9c66e8985082de25d45a48e860d60550dfee0d57,wheat,bing,,data/raw/bing/wheat/wheat_ale_hazy_golden_in_weizen_vase_-bottle_-can_-logo/000022.jpg,000022.jpg,600,600,2025-10-04T18:12:42Z,b30ccb989c13e739,data/smart_cropped/9c66e8985082de25d45a48e860d60550dfee0d57.jpg,detr_object_crop,"{""method"": ""detr_object_crop"", ""label"": ""vase"", ""score"": 0.9997560381889343, ""box"": [125, 29, 474, 578]}"
fc0619fdb2644dd4a1fef73cfcd257f71c8da333,wheat,bing,,data/raw/bing/wheat/wheat_ale_hazy_golden_in_weizen_vase_-bottle_-can_-logo/000051.jpg,000051.jpg,1000,1000,2025-10-04T18:12:42Z,ec9a93634c3471da,data/smart_cropped/fc0619fdb2644dd4a1fef73cfcd257f71c8da333.jpg,detr_object_crop,"{""method"": ""detr_object_crop"", ""label"": ""vase"", ""score"": 0.9996145963668823, ""box"": [125, 144, 873, 894]}"
68be3dd64a4570175da62d94f9ca8ac9a2691b24,wheat,bing,,data/raw/bing/wheat/wheat_ale_hazy_golden_in_weizen_vase_-bottle_-can_-logo/000050.jpg,000050.jpg,731,600,2025-10-04T18:12:42Z,836c2c13bc67ecb8,data/smart_cropped/68be3dd64a4570175da62d94f9ca8ac9a2691b24.jpg,detr_object_crop,"{""method"": ""detr_object_crop"", ""label"": ""vase"", ""score"": 0.9994128942489624, ""box"": [91, 0, 368, 600]}"
467b0d24f167958af8cc6d89d217abb10fd5e487,wheat,bing,,data/raw/bing/wheat/wheat_ale_hazy_golden_in_weizen_vase_-bottle_-can_-logo/000044.jpg,000044.jpg,652,900,2025-10-04T18:12:42Z,a5669a99cd4f8692,data/smart_cropped/467b0d24f167958af8cc6d89d217abb10fd5e487.jpg,detr_object_crop,"{""method"": ""detr_object_crop"", ""label"": ""vase"", ""score"": 0.9941595792770386, ""box"": [126, 89, 557, 870]}"
b5ef74b49ff5d0a1c57c70d02c224cdaea6e0620,wheat,bing,,data/raw/bing/wheat/wheat_ale_hazy_golden_in_weizen_vase_-bottle_-can_-logo/000052.jpg,000052.jpg,837,1024,2025-10-04T18:12:42Z,a4c79bc79b2c9838,data/smart_cropped/b5ef74b49ff5d0a1c57c70d02c224cdaea6e0620.jpg,detr_object_crop,"{""method"": ""detr_object_crop"", ""label"": ""vase"", ""score"": 0.8203981518745422, ""box"": [143, 0, 660, 1024]}"
4fc5a7c930109d4b3cec8b37a101801561f28b36,wheat,bing,,data/raw/bing/wheat/wheat_ale_hazy_golden_in_weizen_vase_-bottle_-can_-logo/000046.jpg,000046.jpg,742,742,2025-10-04T18:12:42Z,cf983c34e1c33336,data/smart_cropped/4fc5a7c930109d4b3cec8b37a101801561f28b36.jpg,detr_object_crop,"{""method"": ""detr_object_crop"", ""label"": ""vase"", ""score"": 0.9393381476402283, ""box"": [75, 0, 670, 742]}"
a43086d423213be4704010b808fb08d9672ca268,wheat,bing,,data/raw/bing/wheat/wheat_ale_hazy_golden_in_weizen_vase_-bottle_-can_-logo/000057.jpg,000057.jpg,1600,1157,2025-10-04T18:12:42Z,a3ed5c9210b24dcf,data/smart_cropped/a43086d423213be4704010b808fb08d9672ca268.jpg,center_square_fallback,"{""method"": ""center_square_fallback"", ""label"": null, ""score"": null, ""box"": [221, 0, 1378, 1157]}"
d5290f330e80f168f648d8e1680fb10722e2879a,wheat,bing,,data/raw/bing/wheat/wheat_ale_hazy_golden_in_weizen_vase_-bottle_-can_-logo/000043.jpg,000043.jpg,685,1024,2025-10-04T18:12:42Z,9f43f91d70762131,data/smart_cropped/d5290f330e80f168f648d8e1680fb10722e2879a.jpg,detr_object_crop,"{""method"": ""detr_object_crop"", ""label"": ""vase"", ""score"": 0.9997957348823547, ""box"": [105, 3, 556, 998]}"
d76a35f3c58af306c8d67f685332ca649b3a95d5,wheat,bing,,data/raw/bing/wheat/wheat_ale_hazy_golden_in_weizen_vase_-bottle_-can_-logo/000056.jpg,000056.jpg,600,600,2025-10-04T18:12:42Z,e6999966996613a6,data/smart_cropped/d76a35f3c58af306c8d67f685332ca649b3a95d5.jpg,detr_object_crop,"{""method"": ""detr_object_crop"", ""label"": ""vase"", ""score"": 0.99830162525177, ""box"": [165, 126, 439, 600]}"
a1f6e97abaaaef3f0219bda1514314531a67179c,wheat,bing,,data/raw/bing/wheat/wheat_ale_hazy_golden_in_weizen_vase_-bottle_-can_-logo/000040.jpg,000040.jpg,837,1024,2025-10-04T18:12:42Z,b39bc9649a33cc34,data/smart_cropped/a1f6e97abaaaef3f0219bda1514314531a67179c.jpg,detr_object_crop,"{""method"": ""detr_object_crop"", ""label"": ""vase"", ""score"": 0.9989438652992249, ""box"": [219, 0, 596, 1024]}"
42cdd6fc90fda3dcacab48aecfa0b20f12d601c2,wheat,bing,,data/raw/bing/wheat/wheat_ale_hazy_golden_in_weizen_vase_-bottle_-can_-logo/000055.jpg,000055.jpg,768,768,2025-10-04T18:12:42Z,ec9a93634c3471da,data/smart_cropped/42cdd6fc90fda3dcacab48aecfa0b20f12d601c2.jpg,detr_object_crop,"{""method"": ""detr_object_crop"", ""label"": ""vase"", ""score"": 0.9996101260185242, ""box"": [96, 110, 670, 686]}"
79ffe56de03aa5a1c93ea6e483e88500a9f9f304,wheat,bing,,data/raw/bing/wheat/wheat_ale_hazy_golden_in_weizen_vase_-bottle_-can_-logo/000058.jpg,000058.jpg,720,960,2025-10-04T18:12:42Z,9a692d3686de6549,data/smart_cropped/79ffe56de03aa5a1c93ea6e483e88500a9f9f304.jpg,detr_object_crop,"{""method"": ""detr_object_crop"", ""label"": ""vase"", ""score"": 0.9990274906158447, ""box"": [106, 22, 607, 960]}"
ef73573e78e334ac2383057379bf79ad93212429,wheat,bing,,data/raw/bing/wheat/wheat_ale_hazy_golden_in_weizen_vase_-bottle_-can_-logo/000059.jpg,000059.jpg,800,534,2025-10-04T18:12:42Z,a34dd892b033cd67,data/smart_cropped/ef73573e78e334ac2383057379bf79ad93212429.jpg,detr_object_crop,"{""method"": ""detr_object_crop"", ""label"": ""potted plant"", ""score"": 0.8321635723114014, ""box"": [38, 1, 768, 488]}"
ab0221647e8d23bec89c80a7903ec3eb7b497a8c,wheat,bing,,data/raw/bing/wheat/wheat_ale_hazy_golden_in_weizen_vase_-bottle_-can_-logo/000049.jpg,000049.jpg,975,1390,2025-10-04T18:12:42Z,b383ceac4c937389,data/smart_cropped/ab0221647e8d23bec89c80a7903ec3eb7b497a8c.jpg,detr_object_crop,"{""method"": ""detr_object_crop"", ""label"": ""vase"", ""score"": 0.9849081039428711, ""box"": [140, 263, 816, 1158]}"
fb91e0c8704392c03b1535e7d046a8d52ebedfc3,wheat,bing,,data/raw/bing/wheat/wheat_ale_hazy_golden_in_weizen_vase_-bottle_-can_-logo/000048.jpg,000048.jpg,1200,1468,2025-10-04T18:12:42Z,be93c12b9fd86031,data/smart_cropped/fb91e0c8704392c03b1535e7d046a8d52ebedfc3.jpg,detr_object_crop,"{""method"": ""detr_object_crop"", ""label"": ""vase"", ""score"": 0.9986300468444824, ""box"": [77, 0, 1095, 1468]}"
dc573919d76c7c84d622465fa4ec63e1a826894d,wheat,bing,,data/raw/bing/wheat/wheat_ale_hazy_golden_in_weizen_vase_-bottle_-can_-logo/000060.jpg,000060.jpg,837,1024,2025-10-04T18:12:42Z,be93c12b9f9c6031,data/smart_cropped/dc573919d76c7c84d622465fa4ec63e1a826894d.jpg,detr_object_crop,"{""method"": ""detr_object_crop"", ""label"": ""vase"", ""score"": 0.9986879229545593, ""box"": [53, 0, 763, 1024]}"
b48a9a85f797ef4ac90ae4ab70e21d37863da1d3,wheat,bing,,data/raw/bing/wheat/wheat_ale_hazy_golden_in_weizen_vase_-bottle_-can_-logo/000007.jpg,000007.jpg,640,960,2025-10-04T18:12:42Z,d6c901f63b9069a7,data/smart_cropped/b48a9a85f797ef4ac90ae4ab70e21d37863da1d3.jpg,detr_object_crop,"{""method"": ""detr_object_crop"", ""label"": ""vase"", ""score"": 0.9987002611160278, ""box"": [332, 476, 640, 960]}"
d4fd83fb8e85912b6c17ea629fb9175a6d8c9d36,wheat,bing,,data/raw/bing/wheat/wheat_ale_hazy_golden_in_weizen_vase_-bottle_-can_-logo/000038.jpg,000038.jpg,626,626,2025-10-04T18:12:42Z,cab936a52dc22bcc,data/smart_cropped/d4fd83fb8e85912b6c17ea629fb9175a6d8c9d36.jpg,detr_object_crop,"{""method"": ""detr_object_crop"", ""label"": ""vase"", ""score"": 0.9985893368721008, ""box"": [374, 365, 571, 626]}"
b0c565d748f707658b8ad2bf4a0da61fc0c597e2,wheat,bing,,data/raw/bing/wheat/wheat_ale_hazy_golden_in_weizen_vase_-bottle_-can_-logo/000010.jpg,000010.jpg,1300,1324,2025-10-04T18:12:42Z,ac9f72c213c33ac9,data/smart_cropped/b0c565d748f707658b8ad2bf4a0da61fc0c597e2.jpg,detr_object_crop,"{""method"": ""detr_object_crop"", ""label"": ""vase"", ""score"": 0.9990291595458984, ""box"": [626, 505, 1208, 1244]}"
aa84a4133dc2b5d10ead5fb8d91fd39c9b6c67da,wheat,bing,,data/raw/bing/wheat/wheat_ale_hazy_golden_in_weizen_vase_-bottle_-can_-logo/000004.jpg,000004.jpg,1066,1690,2025-10-04T18:12:42Z,c3cf1fc99830e634,data/smart_cropped/aa84a4133dc2b5d10ead5fb8d91fd39c9b6c67da.jpg,center_square_fallback,"{""method"": ""center_square_fallback"", ""label"": null, ""score"": null, ""box"": [0, 312, 1066, 1378]}"
f5b83bb5765f95acf53bba6a816f85c757662cfa,wheat,bing,,data/raw/bing/wheat/wheat_ale_hazy_golden_in_weizen_vase_-bottle_-can_-logo/000005.jpg,000005.jpg,1600,1156,2025-10-04T18:12:42Z,c3f715957a892c8a,data/smart_cropped/f5b83bb5765f95acf53bba6a816f85c757662cfa.jpg,detr_object_crop,"{""method"": ""detr_object_crop"", ""label"": ""giraffe"", ""score"": 0.953229546546936, ""box"": [1055, 0, 1600, 1156]}"
7306321812f3e423c5f30a1603bec2e66b144792,wheat,bing,,data/raw/bing/wheat/wheat_ale_hazy_golden_in_weizen_vase_-bottle_-can_-logo/000011.jpg,000011.jpg,660,900,2025-10-04T18:12:42Z,934c2d636d46da35,data/smart_cropped/7306321812f3e423c5f30a1603bec2e66b144792.jpg,detr_object_crop,"{""method"": ""detr_object_crop"", ""label"": ""vase"", ""score"": 0.9991647005081177, ""box"": [296, 348, 541, 831]}"
a821e453c771ad75b6863930d2acd4aaee674286,wheat,bing,,data/raw/bing/wheat/wheat_ale_hazy_golden_in_weizen_vase_-bottle_-can_-logo/000039.jpg,000039.jpg,1200,1468,2025-10-04T18:12:42Z,fa85855ad9699127,data/smart_cropped/a821e453c771ad75b6863930d2acd4aaee674286.jpg,detr_object_crop,"{""method"": ""detr_object_crop"", ""label"": ""vase"", ""score"": 0.9944885969161987, ""box"": [0, 135, 1200, 1445]}"
18a747d3c0141ac6c90fa645fe4e725ae21ef27f,wheat,bing,,data/raw/bing/wheat/wheat_ale_hazy_golden_in_weizen_vase_-bottle_-can_-logo/000015.jpg,000015.jpg,866,1390,2025-10-04T18:12:42Z,e5c7399714ab2989,data/smart_cropped/18a747d3c0141ac6c90fa645fe4e725ae21ef27f.jpg,detr_object_crop,"{""method"": ""detr_object_crop"", ""label"": ""vase"", ""score"": 0.988842248916626, ""box"": [605, 789, 866, 1387]}"
b4881040bc64f395eb9e0b3eede24ec9c61606e1,wheat,bing,,data/raw/bing/wheat/wheat_ale_hazy_golden_in_weizen_vase_-bottle_-can_-logo/000001.jpg,000001.jpg,994,1390,2025-10-04T18:12:42Z,e3855c875cc378a3,data/smart_cropped/b4881040bc64f395eb9e0b3eede24ec9c61606e1.jpg,detr_object_crop,"{""method"": ""detr_object_crop"", ""label"": ""vase"", ""score"": 0.9959820508956909, ""box"": [330, 700, 623, 1249]}"
65edd599dbe727fcff7c5b4f724e0dbe06cd4924,wheat,bing,,data/raw/bing/wheat/wheat_ale_hazy_golden_in_weizen_vase_-bottle_-can_-logo/000029.jpg,000029.jpg,1257,1600,2025-10-04T18:12:42Z,cc4c3073b363b27c,data/smart_cropped/65edd599dbe727fcff7c5b4f724e0dbe06cd4924.jpg,detr_object_crop,"{""method"": ""detr_object_crop"", ""label"": ""vase"", ""score"": 0.9997653365135193, ""box"": [268, 0, 944, 1600]}"
869128be5b4a6d34d4796162129d4bc4d6ce0fff,wheat,bing,,data/raw/bing/wheat/wheat_ale_hazy_golden_in_weizen_vase_-bottle_-can_-logo/000014.jpg,000014.jpg,626,626,2025-10-04T18:12:42Z,89e6cc09e63ff10c,data/smart_cropped/869128be5b4a6d34d4796162129d4bc4d6ce0fff.jpg,detr_object_crop,"{""method"": ""detr_object_crop"", ""label"": ""vase"", ""score"": 0.9993023872375488, ""box"": [194, 299, 394, 626]}"
378342c24121b8dcc5b8aab7076411449f573d9b,wheat,bing,,data/raw/bing/wheat/wheat_ale_hazy_golden_in_weizen_vase_-bottle_-can_-logo/000016.jpg,000016.jpg,735,897,2025-10-04T18:12:42Z,b3d3c43c1b70cc8d,data/smart_cropped/378342c24121b8dcc5b8aab7076411449f573d9b.jpg,detr_object_crop,"{""method"": ""detr_object_crop"", ""label"": ""vase"", ""score"": 0.9907432198524475, ""box"": [27, 43, 692, 831]}"
c54c5ec749128ced69cfb7d1132ab7269722157b,wheat,bing,,data/raw/bing/wheat/wheat_ale_hazy_golden_in_weizen_vase_-bottle_-can_-logo/000017.jpg,000017.jpg,598,900,2025-10-04T18:12:42Z,b34ecbc3c4958ca6,data/smart_cropped/c54c5ec749128ced69cfb7d1132ab7269722157b.jpg,detr_object_crop,"{""method"": ""detr_object_crop"", ""label"": ""vase"", ""score"": 0.9994513392448425, ""box"": [163, 477, 420, 900]}"
4d584c50e6e0005f23caf4f9d0cec4d41e99a296,wheat,bing,,data/raw/bing/wheat/wheat_ale_hazy_golden_in_weizen_vase_-bottle_-can_-logo/000003.jpg,000003.jpg,1066,1690,2025-10-04T18:12:42Z,91d8fe0fc1709e91,data/smart_cropped/4d584c50e6e0005f23caf4f9d0cec4d41e99a296.jpg,detr_object_crop,"{""method"": ""detr_object_crop"", ""label"": ""vase"", ""score"": 0.7453433275222778, ""box"": [225, 982, 835, 1409]}"
6b4a14108af1d4325b8515552d186cf1914c519e,ipa,bing,,data/raw/bing/ipa/ipa_beer_tulip_teku_glass_amber_hops_-bottle_-can_-logo_-mockup/000033.jpg,000033.jpg,1000,1000,2025-10-04T18:14:25Z,878f8cd86025f973,data/smart_cropped/6b4a14108af1d4325b8515552d186cf1914c519e.jpg,detr_object_crop,"{""method"": ""detr_object_crop"", ""label"": ""cup"", ""score"": 0.9977750182151794, ""box"": [669, 0, 1000, 428]}"
054f424118876735009815c4c528249e6b5f9bb0,ipa,bing,,data/raw/bing/ipa/ipa_beer_tulip_teku_glass_amber_hops_-bottle_-can_-logo_-mockup/000027.jpg,000027.jpg,1300,956,2025-10-04T18:14:25Z,98a907a77af838d2,data/smart_cropped/054f424118876735009815c4c528249e6b5f9bb0.jpg,detr_object_crop,"{""method"": ""detr_object_crop"", ""label"": ""wine glass"", ""score"": 0.9984419941902161, ""box"": [186, 31, 636, 863]}"
c9d2a4a63ddf82bde4749e49fc2605bbd88484c3,ipa,bing,,data/raw/bing/ipa/ipa_beer_tulip_teku_glass_amber_hops_-bottle_-can_-logo_-mockup/000031.jpg,000031.jpg,1200,628,2025-10-04T18:14:25Z,e9eac615f5791068,data/smart_cropped/c9d2a4a63ddf82bde4749e49fc2605bbd88484c3.jpg,detr_object_crop,"{""method"": ""detr_object_crop"", ""label"": ""wine glass"", ""score"": 0.9985585808753967, ""box"": [722, 0, 1180, 628]}"
7f83e50f9bb0ca5d25eb59527c82b79d4b90e3de,ipa,bing,,data/raw/bing/ipa/ipa_beer_tulip_teku_glass_amber_hops_-bottle_-can_-logo_-mockup/000024.jpg,000024.jpg,800,534,2025-10-04T18:14:25Z,cc32f117c7789c0d,data/smart_cropped/7f83e50f9bb0ca5d25eb59527c82b79d4b90e3de.jpg,center_square_fallback,"{""method"": ""center_square_fallback"", ""label"": null, ""score"": null, ""box"": [133, 0, 667, 534]}"
55f957096506dae20c036f971a1cb6060cf2d8af,ipa,bing,,data/raw/bing/ipa/ipa_beer_tulip_teku_glass_amber_hops_-bottle_-can_-logo_-mockup/000030.jpg,000030.jpg,1140,1140,2025-10-04T18:14:25Z,e3a398747078c7b2,data/smart_cropped/55f957096506dae20c036f971a1cb6060cf2d8af.jpg,center_square_fallback,"{""method"": ""center_square_fallback"", ""label"": null, ""score"": null, ""box"": [0, 0, 1140, 1140]}"
55dc3294a2711524cf5f2a587450b52b98788ca2,ipa,bing,,data/raw/bing/ipa/ipa_beer_tulip_teku_glass_amber_hops_-bottle_-can_-logo_-mockup/000018.jpg,000018.jpg,600,600,2025-10-04T18:14:25Z,ca5ea964b6613363,data/smart_cropped/55dc3294a2711524cf5f2a587450b52b98788ca2.jpg,detr_object_crop,"{""method"": ""detr_object_crop"", ""label"": ""wine glass"", ""score"": 0.9560290575027466, ""box"": [87, 9, 515, 600]}"
b4fe74a83ffec555df2ce5e362c14981dcde4f79,ipa,bing,,data/raw/bing/ipa/ipa_beer_tulip_teku_glass_amber_hops_-bottle_-can_-logo_-mockup/000020.jpg,000020.jpg,2048,1365,2025-10-04T18:14:25Z,8686d17ac5396a9d,data/smart_cropped/b4fe74a83ffec555df2ce5e362c14981dcde4f79.jpg,detr_object_crop,"{""method"": ""detr_object_crop"", ""label"": ""wine glass"", ""score"": 0.9990547299385071, ""box"": [233, 282, 1138, 1365]}"
107216bc546a9e9818acdc80f8692e495642c6d2,ipa,bing,,data/raw/bing/ipa/ipa_beer_tulip_teku_glass_amber_hops_-bottle_-can_-logo_-mockup/000021.jpg,000021.jpg,1020,1028,2025-10-04T18:14:25Z,b51b093d252567a7,data/smart_cropped/107216bc546a9e9818acdc80f8692e495642c6d2.jpg,detr_object_crop,"{""method"": ""detr_object_crop"", ""label"": ""cup"", ""score"": 0.9969580173492432, ""box"": [160, 66, 882, 996]}"
06b91a4ff433681d382674a067364fc609096687,ipa,bing,,data/raw/bing/ipa/ipa_beer_tulip_teku_glass_amber_hops_-bottle_-can_-logo_-mockup/000023.jpg,000023.jpg,1600,901,2025-10-04T18:14:25Z,cd18e622974b33e3,data/smart_cropped/06b91a4ff433681d382674a067364fc609096687.jpg,detr_object_crop,"{""method"": ""detr_object_crop"", ""label"": ""wine glass"", ""score"": 0.9499882459640503, ""box"": [560, 10, 1045, 901]}"
4272c5b20ee0d900c9aca644d6657ce2a00b2820,ipa,bing,,data/raw/bing/ipa/ipa_beer_tulip_teku_glass_amber_hops_-bottle_-can_-logo_-mockup/000036.jpg,000036.jpg,687,1030,2025-10-04T18:14:25Z,dd913f0c7702d887,data/smart_cropped/4272c5b20ee0d900c9aca644d6657ce2a00b2820.jpg,detr_object_crop,"{""method"": ""detr_object_crop"", ""label"": ""wine glass"", ""score"": 0.9712274670600891, ""box"": [157, 202, 579, 838]}"
e994ec19f26464fcc8b9bbef4b15514974a4a275,ipa,bing,,data/raw/bing/ipa/ipa_beer_tulip_teku_glass_amber_hops_-bottle_-can_-logo_-mockup/000022.jpg,000022.jpg,765,1569,2025-10-04T18:14:25Z,e660c5919f1e5e26,data/smart_cropped/e994ec19f26464fcc8b9bbef4b15514974a4a275.jpg,detr_object_crop,"{""method"": ""detr_object_crop"", ""label"": ""vase"", ""score"": 0.8297363519668579, ""box"": [31, 80, 745, 1569]}"
0b2761ce7fdb057a84093c1ff87ba6527c62b3a0,ipa,bing,,data/raw/bing/ipa/ipa_beer_tulip_teku_glass_amber_hops_-bottle_-can_-logo_-mockup/000044.jpg,000044.jpg,4288,4288,2025-10-04T18:14:25Z,d887cbd83735282d,data/smart_cropped/0b2761ce7fdb057a84093c1ff87ba6527c62b3a0.jpg,detr_object_crop,"{""method"": ""detr_object_crop"", ""label"": ""cup"", ""score"": 0.9973291158676147, ""box"": [0, 108, 2709, 4288]}"
b1bf29e8856a850ec9c1623529babe1c75f033cf,ipa,bing,,data/raw/bing/ipa/ipa_beer_tulip_teku_glass_amber_hops_-bottle_-can_-logo_-mockup/000046.jpg,000046.jpg,2000,2000,2025-10-04T18:14:25Z,878f8cd86025f973,data/smart_cropped/b1bf29e8856a850ec9c1623529babe1c75f033cf.jpg,detr_object_crop,"{""method"": ""detr_object_crop"", ""label"": ""cup"", ""score"": 0.9974992871284485, ""box"": [1340, 0, 2000, 856]}"
bc8ef63401c3f5256fd6ab1865d811cb319c2306,ipa,bing,,data/raw/bing/ipa/ipa_beer_tulip_teku_glass_amber_hops_-bottle_-can_-logo_-mockup/000041.jpg,000041.jpg,736,1137,2025-10-04T18:14:25Z,8edb05c022a6b57f,data/smart_cropped/bc8ef63401c3f5256fd6ab1865d811cb319c2306.jpg,detr_object_crop,"{""method"": ""detr_object_crop"", ""label"": ""bottle"", ""score"": 0.9734216332435608, ""box"": [290, 0, 468, 291]}"
d0010f53a73373e55eba9c7f7faf6f5f0d7d9ab2,ipa,bing,,data/raw/bing/ipa/ipa_beer_tulip_teku_glass_amber_hops_-bottle_-can_-logo_-mockup/000007.jpg,000007.jpg,921,1464,2025-10-04T18:14:25Z,ea729b9ce710526c,data/smart_cropped/d0010f53a73373e55eba9c7f7faf6f5f0d7d9ab2.jpg,center_square_fallback,"{""method"": ""center_square_fallback"", ""label"": null, ""score"": null, ""box"": [0, 271, 921, 1192]}"
42b670cfcd74c1e5c9246b9d0a5bfbefb5e0dedc,ipa,bing,,data/raw/bing/ipa/ipa_beer_tulip_teku_glass_amber_hops_-bottle_-can_-logo_-mockup/000013.jpg,000013.jpg,600,900,2025-10-04T18:14:25Z,eac4d50f2dd50e8a,data/smart_cropped/42b670cfcd74c1e5c9246b9d0a5bfbefb5e0dedc.jpg,detr_object_crop,"{""method"": ""detr_object_crop"", ""label"": ""wine glass"", ""score"": 0.9950551986694336, ""box"": [78, 141, 470, 897]}"
79873dcfec4e63c65d04f3f31997c78868534822,ipa,bing,,data/raw/bing/ipa/ipa_beer_tulip_teku_glass_amber_hops_-bottle_-can_-logo_-mockup/000012.jpg,000012.jpg,1200,1200,2025-10-04T18:14:25Z,8d8bda78cca5dc09,data/smart_cropped/79873dcfec4e63c65d04f3f31997c78868534822.jpg,detr_object_crop,"{""method"": ""detr_object_crop"", ""label"": ""wine glass"", ""score"": 0.9982550740242004, ""box"": [238, 0, 958, 1200]}"
6efe9e17f290ce311ed9f99c3e6aa7372708e767,ipa,bing,,data/raw/bing/ipa/ipa_beer_tulip_teku_glass_amber_hops_-bottle_-can_-logo_-mockup/000006.jpg,000006.jpg,800,776,2025-10-04T18:14:25Z,e73198ce3165c633,data/smart_cropped/6efe9e17f290ce311ed9f99c3e6aa7372708e767.jpg,center_square_fallback,"{""method"": ""center_square_fallback"", ""label"": null, ""score"": null, ""box"": [12, 0, 788, 776]}"
16621654a743bfa3d4baf323c24eb60e2c74131a,ipa,bing,,data/raw/bing/ipa/ipa_beer_tulip_teku_glass_amber_hops_-bottle_-can_-logo_-mockup/000038.jpg,000038.jpg,697,586,2025-10-04T18:14:25Z,94c18b3b6f12d2e5,data/smart_cropped/16621654a743bfa3d4baf323c24eb60e2c74131a.jpg,detr_object_crop,"{""method"": ""detr_object_crop"", ""label"": ""cup"", ""score"": 0.9820019006729126, ""box"": [530, 72, 697, 586]}"
20a02147bb3b6f0ed97f67911bb68165c0edd355,ipa,bing,,data/raw/bing/ipa/ipa_beer_tulip_teku_glass_amber_hops_-bottle_-can_-logo_-mockup/000010.jpg,000010.jpg,1080,1080,2025-10-04T18:14:25Z,a4651eda9a7988ce,data/smart_cropped/20a02147bb3b6f0ed97f67911bb68165c0edd355.jpg,detr_object_crop,"{""method"": ""detr_object_crop"", ""label"": ""wine glass"", ""score"": 0.999521017074585, ""box"": [237, 0, 849, 1080]}"
e1a3a561ca1ef7897f37d1718b2e90223ae8ec55,ipa,bing,,data/raw/bing/ipa/ipa_beer_tulip_teku_glass_amber_hops_-bottle_-can_-logo_-mockup/000004.jpg,000004.jpg,740,555,2025-10-04T18:14:25Z,c1645dfc32b26a4b,data/smart_cropped/e1a3a561ca1ef7897f37d1718b2e90223ae8ec55.jpg,detr_object_crop,"{""method"": ""detr_object_crop"", ""label"": ""wine glass"", ""score"": 0.9985330104827881, ""box"": [91, 62, 334, 512]}"
34e9421d591b34aaef167e2b18bc4b7d28e645ea,ipa,bing,,data/raw/bing/ipa/ipa_beer_tulip_teku_glass_amber_hops_-bottle_-can_-logo_-mockup/000005.jpg,000005.jpg,800,800,2025-10-04T18:14:25Z,8752a3796ddc4782,data/smart_cropped/34e9421d591b34aaef167e2b18bc4b7d28e645ea.jpg,detr_object_crop,"{""method"": ""detr_object_crop"", ""label"": ""wine glass"", ""score"": 0.9994534850120544, ""box"": [361, 62, 729, 751]}"
aacb74e74900eadab12e2b248b9e882bfaeb9d9f,ipa,bing,,data/raw/bing/ipa/ipa_beer_tulip_teku_glass_amber_hops_-bottle_-can_-logo_-mockup/000011.jpg,000011.jpg,1588,1588,2025-10-04T18:14:25Z,87409a586377647f,data/smart_cropped/aacb74e74900eadab12e2b248b9e882bfaeb9d9f.jpg,center_square_fallback,"{""method"": ""center_square_fallback"", ""label"": null, ""score"": null, ""box"": [0, 0, 1588, 1588]}"
423017d77fd025d077733c215e77bbcc7283af57,ipa,bing,,data/raw/bing/ipa/ipa_beer_tulip_teku_glass_amber_hops_-bottle_-can_-logo_-mockup/000039.jpg,000039.jpg,640,853,2025-10-04T18:14:25Z,cc44a113df6e9635,data/smart_cropped/423017d77fd025d077733c215e77bbcc7283af57.jpg,detr_object_crop,"{""method"": ""detr_object_crop"", ""label"": ""wine glass"", ""score"": 0.9991186261177063, ""box"": [78, 201, 394, 799]}"
16c541b4fcc82c5003de4d6d4d438d9768fda097,ipa,bing,,data/raw/bing/ipa/ipa_beer_tulip_teku_glass_amber_hops_-bottle_-can_-logo_-mockup/000029.jpg,000029.jpg,1200,630,2025-10-04T18:14:25Z,a0bcf881074aeef5,data/smart_cropped/16c541b4fcc82c5003de4d6d4d438d9768fda097.jpg,detr_object_crop,"{""method"": ""detr_object_crop"", ""label"": ""person"", ""score"": 0.9151755571365356, ""box"": [50, 9, 920, 630]}"
9bad9d134d62eae1b64c670403340f122b9cb41c,ipa,bing,,data/raw/bing/ipa/ipa_beer_tulip_teku_glass_amber_hops_-bottle_-can_-logo_-mockup/000028.jpg,000028.jpg,1500,1000,2025-10-04T18:14:25Z,9878965d619ef02d,data/smart_cropped/9bad9d134d62eae1b64c670403340f122b9cb41c.jpg,detr_object_crop,"{""method"": ""detr_object_crop"", ""label"": ""wine glass"", ""score"": 0.9988137483596802, ""box"": [537, 148, 963, 958]}"
51f345a0848f9a0009e5c8f59ba007d84efdb5e9,ipa,bing,,data/raw/bing/ipa/ipa_beer_tulip_teku_glass_amber_hops_-bottle_-can_-logo_-mockup/000014.jpg,000014.jpg,800,800,2025-10-04T18:14:25Z,9c8c637326366337,data/smart_cropped/51f345a0848f9a0009e5c8f59ba007d84efdb5e9.jpg,detr_object_crop,"{""method"": ""detr_object_crop"", ""label"": ""wine glass"", ""score"": 0.995686948299408, ""box"": [215, 13, 701, 800]}"
2ef89f4c8fa9ca0e2e0dd59386c6863b604f7f29,ipa,bing,,data/raw/bing/ipa/ipa_beer_tulip_teku_glass_amber_hops_-bottle_-can_-logo_-mockup/000016.jpg,000016.jpg,1080,865,2025-10-04T18:14:25Z,ec93936c9469ce31,data/smart_cropped/2ef89f4c8fa9ca0e2e0dd59386c6863b604f7f29.jpg,detr_object_crop,"{""method"": ""detr_object_crop"", ""label"": ""vase"", ""score"": 0.9069772362709045, ""box"": [142, 8, 938, 865]}"
7191df9ad77aba249e8f053d359307325d0c2a2b,ipa,bing,,data/raw/bing/ipa/ipa_beer_tulip_teku_glass_amber_hops_-bottle_-can_-logo_-mockup/000017.jpg,000017.jpg,2367,3156,2025-10-04T18:14:25Z,eacacf3ae0d4414e,data/smart_cropped/7191df9ad77aba249e8f053d359307325d0c2a2b.jpg,detr_object_crop,"{""method"": ""detr_object_crop"", ""label"": ""bottle"", ""score"": 0.9994950294494629, ""box"": [1285, 0, 2367, 3156]}"
c332077a2af74cfcda6f471d646d373af3a9d02c,ipa,bing,,data/raw/bing/ipa/ipa_beer_tulip_teku_glass_amber_hops_-bottle_-can_-logo_-mockup/000003.jpg,000003.jpg,1600,899,2025-10-04T18:14:25Z,cc1ce13ce3337163,data/smart_cropped/c332077a2af74cfcda6f471d646d373af3a9d02c.jpg,detr_object_crop,"{""method"": ""detr_object_crop"", ""label"": ""wine glass"", ""score"": 0.9996050000190735, ""box"": [467, 0, 1128, 899]}"
491dadea96ae934b909de14f52b1c3464f8da47c,ipa,bing,,data/raw/bing/ipa/west_coast_ipa_clear_golden_nonic_pint_-bottle_-can_-logo/000026.jpg,000026.jpg,1400,800,2025-10-04T18:15:53Z,ef908c63b12e338d,data/smart_cropped/491dadea96ae934b909de14f52b1c3464f8da47c.jpg,center_square_fallback,"{""method"": ""center_square_fallback"", ""label"": null, ""score"": null, ""box"": [300, 0, 1100, 800]}"
0aaeb7b167c681453d351be851cc25bd458aa8aa,ipa,bing,,data/raw/bing/ipa/west_coast_ipa_clear_golden_nonic_pint_-bottle_-can_-logo/000027.jpg,000027.jpg,1024,1024,2025-10-04T18:15:53Z,f8968f6996285369,data/smart_cropped/0aaeb7b167c681453d351be851cc25bd458aa8aa.jpg,detr_object_crop,"{""method"": ""detr_object_crop"", ""label"": ""cup"", ""score"": 0.9697403311729431, ""box"": [134, 142, 573, 938]}"
4b629b0b38ec78d51661f8f44771d20d2106dc55,ipa,bing,,data/raw/bing/ipa/west_coast_ipa_clear_golden_nonic_pint_-bottle_-can_-logo/000019.jpg,000019.jpg,2000,2000,2025-10-04T18:15:53Z,dffd280229933e89,data/smart_cropped/4b629b0b38ec78d51661f8f44771d20d2106dc55.jpg,detr_object_crop,"{""method"": ""detr_object_crop"", ""label"": ""wine glass"", ""score"": 0.9467044472694397, ""box"": [856, 450, 1866, 1904]}"
cfe73f7fdae47aa32d07562270bfef940c3c4d06,ipa,bing,,data/raw/bing/ipa/west_coast_ipa_clear_golden_nonic_pint_-bottle_-can_-logo/000031.jpg,000031.jpg,640,640,2025-10-04T18:15:53Z,c2a968979569db4a,data/smart_cropped/cfe73f7fdae47aa32d07562270bfef940c3c4d06.jpg,detr_object_crop,"{""method"": ""detr_object_crop"", ""label"": ""bottle"", ""score"": 0.9973347783088684, ""box"": [282, 0, 640, 640]}"
2f7b522d302999bf724f404ce074b4682a34c2e8,ipa,bing,,data/raw/bing/ipa/west_coast_ipa_clear_golden_nonic_pint_-bottle_-can_-logo/000025.jpg,000025.jpg,3024,4032,2025-10-04T18:15:53Z,a1efda018689f4e9,data/smart_cropped/2f7b522d302999bf724f404ce074b4682a34c2e8.jpg,center_square_fallback,"{""method"": ""center_square_fallback"", ""label"": null, ""score"": null, ""box"": [0, 504, 3024, 3528]}"
a88a9c0d78ff6b766b7b0695a7e205fc7643ce26,ipa,bing,,data/raw/bing/ipa/west_coast_ipa_clear_golden_nonic_pint_-bottle_-can_-logo/000024.jpg,000024.jpg,612,612,2025-10-04T18:15:53Z,be36e0c7e8ca2ba0,data/smart_cropped/a88a9c0d78ff6b766b7b0695a7e205fc7643ce26.jpg,detr_object_crop,"{""method"": ""detr_object_crop"", ""label"": ""bottle"", ""score"": 0.8078305721282959, ""box"": [95, 0, 612, 612]}"
368f2557be9603baab89036fe9cfed0e60d34ff3,ipa,bing,,data/raw/bing/ipa/west_coast_ipa_clear_golden_nonic_pint_-bottle_-can_-logo/000030.jpg,000030.jpg,1200,1452,2025-10-04T18:15:53Z,b1c90de193f98666,data/smart_cropped/368f2557be9603baab89036fe9cfed0e60d34ff3.jpg,center_square_fallback,"{""method"": ""center_square_fallback"", ""label"": null, ""score"": null, ""box"": [0, 126, 1200, 1326]}"
e44c9ae770fd8e053dc82d5b9f04554f68b2cff2,ipa,bing,,data/raw/bing/ipa/west_coast_ipa_clear_golden_nonic_pint_-bottle_-can_-logo/000018.jpg,000018.jpg,1200,900,2025-10-04T18:15:53Z,e693998c99669993,data/smart_cropped/e44c9ae770fd8e053dc82d5b9f04554f68b2cff2.jpg,detr_object_crop,"{""method"": ""detr_object_crop"", ""label"": ""bottle"", ""score"": 0.9970792531967163, ""box"": [423, 12, 789, 862]}"
0d677c0c4f5607c8f45b59133f61074751204b05,ipa,bing,,data/raw/bing/ipa/west_coast_ipa_clear_golden_nonic_pint_-bottle_-can_-logo/000020.jpg,000020.jpg,1136,1599,2025-10-04T18:15:53Z,c0343b0dcbe6b738,data/smart_cropped/0d677c0c4f5607c8f45b59133f61074751204b05.jpg,detr_object_crop,"{""method"": ""detr_object_crop"", ""label"": ""bottle"", ""score"": 0.9981447458267212, ""box"": [599, 0, 1136, 1599]}"
01b2c61874dcdc8dac650b3d03659a430e9997ec,ipa,bing,,data/raw/bing/ipa/west_coast_ipa_clear_golden_nonic_pint_-bottle_-can_-logo/000008.jpg,000008.jpg,1024,682,2025-10-04T18:15:53Z,b3c1cdc29e313d32,data/smart_cropped/01b2c61874dcdc8dac650b3d03659a430e9997ec.jpg,detr_object_crop,"{""method"": ""detr_object_crop"", ""label"": ""cup"", ""score"": 0.9711229801177979, ""box"": [128, 0, 696, 682]}"
bbca3cb3a1d2666d48870fa348f115426feb5834,ipa,bing,,data/raw/bing/ipa/west_coast_ipa_clear_golden_nonic_pint_-bottle_-can_-logo/000009.jpg,000009.jpg,1250,833,2025-10-04T18:15:53Z,d8b1e466536aa5a5,data/smart_cropped/bbca3cb3a1d2666d48870fa348f115426feb5834.jpg,detr_object_crop,"{""method"": ""detr_object_crop"", ""label"": ""dining table"", ""score"": 0.7640138268470764, ""box"": [323, 14, 1250, 833]}"
b09a06d70db32f48a55c32e66fa1cf9cfe914bdb,ipa,bing,,data/raw/bing/ipa/west_coast_ipa_clear_golden_nonic_pint_-bottle_-can_-logo/000022.jpg,000022.jpg,512,512,2025-10-04T18:15:53Z,a613dbe798780785,data/smart_cropped/b09a06d70db32f48a55c32e66fa1cf9cfe914bdb.jpg,center_square_fallback,"{""method"": ""center_square_fallback"", ""label"": null, ""score"": null, ""box"": [0, 0, 512, 512]}"
3d892ba17e298982e6516bfc03d016d789b633a4,ipa,bing,,data/raw/bing/ipa/west_coast_ipa_clear_golden_nonic_pint_-bottle_-can_-logo/000007.jpg,000007.jpg,600,803,2025-10-04T18:15:53Z,b338cc9391c3ce4e,data/smart_cropped/3d892ba17e298982e6516bfc03d016d789b633a4.jpg,detr_object_crop,"{""method"": ""detr_object_crop"", ""label"": ""cup"", ""score"": 0.9638012647628784, ""box"": [166, 297, 412, 735]}"
4b74f82ab37e2ed7442a6700e2f14bc0a9435941,ipa,bing,,data/raw/bing/ipa/west_coast_ipa_clear_golden_nonic_pint_-bottle_-can_-logo/000013.jpg,000013.jpg,1200,800,2025-10-04T18:15:53Z,eb43d43a9c64907d,data/smart_cropped/4b74f82ab37e2ed7442a6700e2f14bc0a9435941.jpg,center_square_fallback,"{""method"": ""center_square_fallback"", ""label"": null, ""score"": null, ""box"": [200, 0, 1000, 800]}"
c89f781a64618dd43e3385ad2b6db8e7d7a2b46b,ipa,bing,,data/raw/bing/ipa/west_coast_ipa_clear_golden_nonic_pint_-bottle_-can_-logo/000012.jpg,000012.jpg,4032,3024,2025-10-04T18:15:53Z,f4909f35d4d6d1c0,data/smart_cropped/c89f781a64618dd43e3385ad2b6db8e7d7a2b46b.jpg,detr_object_crop,"{""method"": ""detr_object_crop"", ""label"": ""frisbee"", ""score"": 0.9998231530189514, ""box"": [999, 712, 3278, 2988]}"
7869cc34f48368f536bb784715d4b41a306af089,ipa,bing,,data/raw/bing/ipa/west_coast_ipa_clear_golden_nonic_pint_-bottle_-can_-logo/000006.jpg,000006.jpg,1000,837,2025-10-04T18:15:53Z,e64cdc33b39b8922,data/smart_cropped/7869cc34f48368f536bb784715d4b41a306af089.jpg,detr_object_crop,"{""method"": ""detr_object_crop"", ""label"": ""cup"", ""score"": 0.9950560331344604, ""box"": [303, 241, 712, 837]}"
ce2a68042277b215190fe07bc605287d7112e646,ipa,bing,,data/raw/bing/ipa/west_coast_ipa_clear_golden_nonic_pint_-bottle_-can_-logo/000010.jpg,000010.jpg,1536,2048,2025-10-04T18:15:53Z,b8589793d324cf64,data/smart_cropped/ce2a68042277b215190fe07bc605287d7112e646.jpg,detr_object_crop,"{""method"": ""detr_object_crop"", ""label"": ""vase"", ""score"": 0.980476975440979, ""box"": [199, 0, 1349, 2048]}"
b05bf98c2d106e12107521612edb6ae548c453ee,ipa,bing,,data/raw/bing/ipa/west_coast_ipa_clear_golden_nonic_pint_-bottle_-can_-logo/000004.jpg,000004.jpg,1000,1000,2025-10-04T18:15:53Z,c0b63b097468767b,data/smart_cropped/b05bf98c2d106e12107521612edb6ae548c453ee.jpg,detr_object_crop,"{""method"": ""detr_object_crop"", ""label"": ""dining table"", ""score"": 0.9348608255386353, ""box"": [0, 543, 1000, 1000]}"
8320c6db2e6ecfab1fc6333ff39aae8fd55959fa,ipa,bing,,data/raw/bing/ipa/west_coast_ipa_clear_golden_nonic_pint_-bottle_-can_-logo/000005.jpg,000005.jpg,1024,683,2025-10-04T18:15:53Z,b2c2ddf40cf04793,data/smart_cropped/8320c6db2e6ecfab1fc6333ff39aae8fd55959fa.jpg,detr_object_crop,"{""method"": ""detr_object_crop"", ""label"": ""bottle"", ""score"": 0.9984164237976074, ""box"": [361, 48, 599, 659]}"
0b95a3f05d032cc1c1ce4cfa7b8bcb2ef91d29e6,ipa,bing,,data/raw/bing/ipa/west_coast_ipa_clear_golden_nonic_pint_-bottle_-can_-logo/000011.jpg,000011.jpg,1407,2000,2025-10-04T18:15:53Z,ed8d9072bee0922d,data/smart_cropped/0b95a3f05d032cc1c1ce4cfa7b8bcb2ef91d29e6.jpg,detr_object_crop,"{""method"": ""detr_object_crop"", ""label"": ""wine glass"", ""score"": 0.9991756081581116, ""box"": [36, 590, 777, 1938]}"
5f1256a223f72778d868856e8444474654a3956b,ipa,bing,,data/raw/bing/ipa/west_coast_ipa_clear_golden_nonic_pint_-bottle_-can_-logo/000015.jpg,000015.jpg,1526,874,2025-10-04T18:15:53Z,ce93991999cc9936,data/smart_cropped/5f1256a223f72778d868856e8444474654a3956b.jpg,center_square_fallback,"{""method"": ""center_square_fallback"", ""label"": null, ""score"": null, ""box"": [326, 0, 1200, 874]}"
6c707509de3e6372b69ef7ab0106b77970f4251b,ipa,bing,,data/raw/bing/ipa/west_coast_ipa_clear_golden_nonic_pint_-bottle_-can_-logo/000001.jpg,000001.jpg,705,800,2025-10-04T18:15:53Z,ac4a13174a56e3ed,data/smart_cropped/6c707509de3e6372b69ef7ab0106b77970f4251b.jpg,detr_object_crop,"{""method"": ""detr_object_crop"", ""label"": ""bottle"", ""score"": 0.9969252943992615, ""box"": [328, 0, 691, 800]}"
eaf45e1b7719f0868267391340a6ccf351c4ccf3,ipa,bing,,data/raw/bing/ipa/west_coast_ipa_clear_golden_nonic_pint_-bottle_-can_-logo/000029.jpg,000029.jpg,736,736,2025-10-04T18:15:53Z,b4483f343589dd47,data/smart_cropped/eaf45e1b7719f0868267391340a6ccf351c4ccf3.jpg,detr_object_crop,"{""method"": ""detr_object_crop"", ""label"": ""cup"", ""score"": 0.9868619441986084, ""box"": [0, 0, 618, 736]}"
4a0577a9d7e31d96bc9cc2e28c7054228de95327,ipa,bing,,data/raw/bing/ipa/west_coast_ipa_clear_golden_nonic_pint_-bottle_-can_-logo/000014.jpg,000014.jpg,1280,853,2025-10-04T18:15:53Z,c6cc69354ab61769,data/smart_cropped/4a0577a9d7e31d96bc9cc2e28c7054228de95327.jpg,detr_object_crop,"{""method"": ""detr_object_crop"", ""label"": ""cup"", ""score"": 0.9005149006843567, ""box"": [136, 0, 774, 853]}"
83407084ff3d44b82de7f4bebac78067040398c6,ipa,bing,,data/raw/bing/ipa/west_coast_ipa_clear_golden_nonic_pint_-bottle_-can_-logo/000002.jpg,000002.jpg,1386,924,2025-10-04T18:15:53Z,8787f4d83bf42231,data/smart_cropped/83407084ff3d44b82de7f4bebac78067040398c6.jpg,detr_object_crop,"{""method"": ""detr_object_crop"", ""label"": ""wine glass"", ""score"": 0.998212456703186, ""box"": [262, 0, 858, 834]}"
6ec6e605522dc91bba2e22239ae91e8ca54188fb,ipa,bing,,data/raw/bing/ipa/west_coast_ipa_clear_golden_nonic_pint_-bottle_-can_-logo/000016.jpg,000016.jpg,1200,1200,2025-10-04T18:15:53Z,f8968f6996285369,data/smart_cropped/6ec6e605522dc91bba2e22239ae91e8ca54188fb.jpg,detr_object_crop,"{""method"": ""detr_object_crop"", ""label"": ""cup"", ""score"": 0.9707109332084656, ""box"": [158, 168, 672, 1099]}"
3b5b9178553f39baef6f92f406cd53473ea335dd,ipa,bing,,data/raw/bing/ipa/west_coast_ipa_clear_golden_nonic_pint_-bottle_-can_-logo/000017.jpg,000017.jpg,1417,1417,2025-10-04T18:15:53Z,b3ccce339831649b,data/smart_cropped/3b5b9178553f39baef6f92f406cd53473ea335dd.jpg,detr_object_crop,"{""method"": ""detr_object_crop"", ""label"": ""bottle"", ""score"": 0.952566385269165, ""box"": [386, 273, 1020, 1411]}"
ace7d732e92cbd51c2e8964d812686b9969560e6,ipa,bing,,data/raw/bing/ipa/west_coast_ipa_clear_golden_nonic_pint_-bottle_-can_-logo/000003.jpg,000003.jpg,600,600,2025-10-04T18:15:53Z,aee9c80cc32e9c3b,data/smart_cropped/ace7d732e92cbd51c2e8964d812686b9969560e6.jpg,center_square_fallback,"{""method"": ""center_square_fallback"", ""label"": null, ""score"": null, ""box"": [0, 0, 600, 600]}"
5e214660acc5b03bd4b3ddff04da1b63e8fd9efd,ipa,bing,,data/raw/bing/ipa/neipa_hazy_juicy_ipa_tulip_glass_-bottle_-can_-logo_-illustration/000026.jpg,000026.jpg,4501,4501,2025-10-04T18:17:02Z,adc2db3cd0cb2cb0,data/smart_cropped/5e214660acc5b03bd4b3ddff04da1b63e8fd9efd.jpg,center_square_fallback,"{""method"": ""center_square_fallback"", ""label"": null, ""score"": null, ""box"": [0, 0, 4501, 4501]}"
c0aeb7d38547bfe2d5bc5b8c3fb3e4bf51025b48,ipa,bing,,data/raw/bing/ipa/neipa_hazy_juicy_ipa_tulip_glass_-bottle_-can_-logo_-illustration/000032.jpg,000032.jpg,1200,1200,2025-10-04T18:17:02Z,b1c99e36299b99c2,data/smart_cropped/c0aeb7d38547bfe2d5bc5b8c3fb3e4bf51025b48.jpg,center_square_fallback,"{""method"": ""center_square_fallback"", ""label"": null, ""score"": null, ""box"": [0, 0, 1200, 1200]}"
e6c6441c72ebfc94d16a5862383dfea1ab045ca1,ipa,bing,,data/raw/bing/ipa/neipa_hazy_juicy_ipa_tulip_glass_-bottle_-can_-logo_-illustration/000033.jpg,000033.jpg,1280,720,2025-10-04T18:17:02Z,c0375be936d24c66,data/smart_cropped/e6c6441c72ebfc94d16a5862383dfea1ab045ca1.jpg,detr_object_crop,"{""method"": ""detr_object_crop"", ""label"": ""person"", ""score"": 0.9787386059761047, ""box"": [584, 9, 1280, 337]}"
bcee92ea1de1d808458760ef6bcd2f9cb50ca1e0,ipa,bing,,data/raw/bing/ipa/neipa_hazy_juicy_ipa_tulip_glass_-bottle_-can_-logo_-illustration/000027.jpg,000027.jpg,736,736,2025-10-04T18:17:02Z,c7d670ece0b23631,data/smart_cropped/bcee92ea1de1d808458760ef6bcd2f9cb50ca1e0.jpg,detr_object_crop,"{""method"": ""detr_object_crop"", ""label"": ""cup"", ""score"": 0.9584846496582031, ""box"": [384, 105, 627, 620]}"
5237f2eba36eb6cdf56ffdf59ffb7ffaa1c5838a,ipa,bing,,data/raw/bing/ipa/neipa_hazy_juicy_ipa_tulip_glass_-bottle_-can_-logo_-illustration/000019.jpg,000019.jpg,1920,1280,2025-10-04T18:17:02Z,d0d00b39b5d76f22,data/smart_cropped/5237f2eba36eb6cdf56ffdf59ffb7ffaa1c5838a.jpg,detr_object_crop,"{""method"": ""detr_object_crop"", ""label"": ""bottle"", ""score"": 0.9722919464111328, ""box"": [1050, 253, 1561, 1199]}"
dd079fb6779ea55da9f681a4e6766e90f8ef06d6,ipa,bing,,data/raw/bing/ipa/neipa_hazy_juicy_ipa_tulip_glass_-bottle_-can_-logo_-illustration/000031.jpg,000031.jpg,1280,720,2025-10-04T18:17:02Z,9afb2c66b19ab10c,data/smart_cropped/dd079fb6779ea55da9f681a4e6766e90f8ef06d6.jpg,detr_object_crop,"{""method"": ""detr_object_crop"", ""label"": ""wine glass"", ""score"": 0.9968583583831787, ""box"": [574, 142, 1018, 720]}"
2300a67c9f7beccf51ae42634aacd2ff88df4965,ipa,bing,,data/raw/bing/ipa/neipa_hazy_juicy_ipa_tulip_glass_-bottle_-can_-logo_-illustration/000025.jpg,000025.jpg,736,981,2025-10-04T18:17:02Z,f74fc3524261352d,data/smart_cropped/2300a67c9f7beccf51ae42634aacd2ff88df4965.jpg,detr_object_crop,"{""method"": ""detr_object_crop"", ""label"": ""cup"", ""score"": 0.9989818930625916, ""box"": [63, 0, 648, 877]}"
432ca9abe4c7e05bea8f4bfe0bdff29423cc03d1,ipa,bing,,data/raw/bing/ipa/neipa_hazy_juicy_ipa_tulip_glass_-bottle_-can_-logo_-illustration/000024.jpg,000024.jpg,1280,720,2025-10-04T18:17:02Z,d17859671e0e1e0f,data/smart_cropped/432ca9abe4c7e05bea8f4bfe0bdff29423cc03d1.jpg,detr_object_crop,"{""method"": ""detr_object_crop"", ""label"": ""cup"", ""score"": 0.9962694644927979, ""box"": [0, 0, 543, 720]}"
4999f204c7939454f644b979f371cf3ed7daec94,ipa,bing,,data/raw/bing/ipa/neipa_hazy_juicy_ipa_tulip_glass_-bottle_-can_-logo_-illustration/000030.jpg,000030.jpg,1280,915,2025-10-04T18:17:02Z,926de51b82562fcc,data/smart_cropped/4999f204c7939454f644b979f371cf3ed7daec94.jpg,detr_object_crop,"{""method"": ""detr_object_crop"", ""label"": ""cup"", ""score"": 0.9180513620376587, ""box"": [636, 275, 1046, 915]}"
d525b0913dff6e6447f1b13733a8994811b53853,ipa,bing,,data/raw/bing/ipa/neipa_hazy_juicy_ipa_tulip_glass_-bottle_-can_-logo_-illustration/000018.jpg,000018.jpg,714,688,2025-10-04T18:17:02Z,b8c784c6e829b53d,data/smart_cropped/d525b0913dff6e6447f1b13733a8994811b53853.jpg,detr_object_crop,"{""method"": ""detr_object_crop"", ""label"": ""cup"", ""score"": 0.998343825340271, ""box"": [313, 10, 714, 688]}"
4681e4ce8ab50ef639e200550f855a941e3412f8,ipa,bing,,data/raw/bing/ipa/neipa_hazy_juicy_ipa_tulip_glass_-bottle_-can_-logo_-illustration/000034.jpg,000034.jpg,640,637,2025-10-04T18:17:02Z,c3672e391e9c3a4a,data/smart_cropped/4681e4ce8ab50ef639e200550f855a941e3412f8.jpg,detr_object_crop,"{""method"": ""detr_object_crop"", ""label"": ""cup"", ""score"": 0.9952238202095032, ""box"": [241, 155, 564, 584]}"
fafd51c00acadca0ed07939d49d67618072650a1,ipa,bing,,data/raw/bing/ipa/neipa_hazy_juicy_ipa_tulip_glass_-bottle_-can_-logo_-illustration/000020.jpg,000020.jpg,1280,720,2025-10-04T18:17:02Z,eb62d09d8c279696,data/smart_cropped/fafd51c00acadca0ed07939d49d67618072650a1.jpg,center_square_fallback,"{""method"": ""center_square_fallback"", ""label"": null, ""score"": null, ""box"": [280, 0, 1000, 720]}"
1243da67973bf04a572147c8012db9226588443e,ipa,bing,,data/raw/bing/ipa/neipa_hazy_juicy_ipa_tulip_glass_-bottle_-can_-logo_-illustration/000009.jpg,000009.jpg,1280,720,2025-10-04T18:17:02Z,b59760ee42e98959,data/smart_cropped/1243da67973bf04a572147c8012db9226588443e.jpg,detr_object_crop,"{""method"": ""detr_object_crop"", ""label"": ""wine glass"", ""score"": 0.9981028437614441, ""box"": [972, 123, 1275, 551]}"
2ab76eff70ff849910d1e411d11c71089a4d3bf9,ipa,bing,,data/raw/bing/ipa/neipa_hazy_juicy_ipa_tulip_glass_-bottle_-can_-logo_-illustration/000021.jpg,000021.jpg,1920,1292,2025-10-04T18:17:02Z,d4540e2f258f974b,data/smart_cropped/2ab76eff70ff849910d1e411d11c71089a4d3bf9.jpg,detr_object_crop,"{""method"": ""detr_object_crop"", ""label"": ""bottle"", ""score"": 0.9898313879966736, ""box"": [1140, 245, 1568, 1004]}"
2cb1933dddfe0f37f77223096b59fffc39c09859,ipa,bing,,data/raw/bing/ipa/neipa_hazy_juicy_ipa_tulip_glass_-bottle_-can_-logo_-illustration/000035.jpg,000035.jpg,1280,720,2025-10-04T18:17:02Z,85078cd66b0d17cf,data/smart_cropped/2cb1933dddfe0f37f77223096b59fffc39c09859.jpg,detr_object_crop,"{""method"": ""detr_object_crop"", ""label"": ""person"", ""score"": 0.9996547698974609, ""box"": [228, 0, 1072, 685]}"
8538996fe510b551e140219df3fcf0bbcf56705c,ipa,bing,,data/raw/bing/ipa/neipa_hazy_juicy_ipa_tulip_glass_-bottle_-can_-logo_-illustration/000023.jpg,000023.jpg,1280,720,2025-10-04T18:17:02Z,a1d3d13d133bc869,data/smart_cropped/8538996fe510b551e140219df3fcf0bbcf56705c.jpg,detr_object_crop,"{""method"": ""detr_object_crop"", ""label"": ""wine glass"", ""score"": 0.9846782684326172, ""box"": [747, 0, 1222, 686]}"
bb1cf8d51107d5d13b96a4c04de67cef44e05984,ipa,bing,,data/raw/bing/ipa/neipa_hazy_juicy_ipa_tulip_glass_-bottle_-can_-logo_-illustration/000036.jpg,000036.jpg,1280,720,2025-10-04T18:17:02Z,d2be65b9867f1060,data/smart_cropped/bb1cf8d51107d5d13b96a4c04de67cef44e05984.jpg,detr_object_crop,"{""method"": ""detr_object_crop"", ""label"": ""vase"", ""score"": 0.955865204334259, ""box"": [440, 473, 809, 720]}"
656c929afaf2471e363d80150a9adf3bc00d908c,ipa,bing,,data/raw/bing/ipa/neipa_hazy_juicy_ipa_tulip_glass_-bottle_-can_-logo_-illustration/000022.jpg,000022.jpg,640,640,2025-10-04T18:17:02Z,9e423369c536b29b,data/smart_cropped/656c929afaf2471e363d80150a9adf3bc00d908c.jpg,detr_object_crop,"{""method"": ""detr_object_crop"", ""label"": ""wine glass"", ""score"": 0.999231219291687, ""box"": [293, 117, 585, 622]}"
d349703bd6cf7be3441c3bf1970c20dc2982bf35,ipa,bing,,data/raw/bing/ipa/neipa_hazy_juicy_ipa_tulip_glass_-bottle_-can_-logo_-illustration/000044.jpg,000044.jpg,1280,720,2025-10-04T18:17:02Z,ebd819692525d6f0,data/smart_cropped/d349703bd6cf7be3441c3bf1970c20dc2982bf35.jpg,detr_object_crop,"{""method"": ""detr_object_crop"", ""label"": ""person"", ""score"": 0.9896836280822754, ""box"": [708, 0, 1280, 716]}"
c661343b3ae4c73e57022b2730c6031025d69d56,ipa,bing,,data/raw/bing/ipa/neipa_hazy_juicy_ipa_tulip_glass_-bottle_-can_-logo_-illustration/000046.jpg,000046.jpg,736,736,2025-10-04T18:17:02Z,841f68b09e7aeae8,data/smart_cropped/c661343b3ae4c73e57022b2730c6031025d69d56.jpg,detr_object_crop,"{""method"": ""detr_object_crop"", ""label"": ""bottle"", ""score"": 0.9985800981521606, ""box"": [381, 0, 722, 699]}"
b3f9061afeab9cc9087a4e638c09411b683e7aab,ipa,bing,,data/raw/bing/ipa/neipa_hazy_juicy_ipa_tulip_glass_-bottle_-can_-logo_-illustration/000047.jpg,000047.jpg,1200,1200,2025-10-04T18:17:02Z,c2c09d3f43c23e9d,data/smart_cropped/b3f9061afeab9cc9087a4e638c09411b683e7aab.jpg,detr_object_crop,"{""method"": ""detr_object_crop"", ""label"": ""person"", ""score"": 0.8427379727363586, ""box"": [721, 447, 1128, 770]}"
af3534a58568bca1d5410d75f90bcb693b8d1dbe,ipa,bing,,data/raw/bing/ipa/neipa_hazy_juicy_ipa_tulip_glass_-bottle_-can_-logo_-illustration/000043.jpg,000043.jpg,1588,1058,2025-10-04T18:17:02Z,fa4d5563e0a1c4d9,data/smart_cropped/af3534a58568bca1d5410d75f90bcb693b8d1dbe.jpg,detr_object_crop,"{""method"": ""detr_object_crop"", ""label"": ""vase"", ""score"": 0.9994120597839355, ""box"": [389, 65, 903, 887]}"
12f13dbd1031692e457af7141ba451417670b8ff,ipa,bing,,data/raw/bing/ipa/neipa_hazy_juicy_ipa_tulip_glass_-bottle_-can_-logo_-illustration/000042.jpg,000042.jpg,794,567,2025-10-04T18:17:02Z,94516fd146b78279,data/smart_cropped/12f13dbd1031692e457af7141ba451417670b8ff.jpg,detr_object_crop,"{""method"": ""detr_object_crop"", ""label"": ""cup"", ""score"": 0.9868661761283875, ""box"": [561, 111, 794, 535]}"
ae2a3be80924a832300fec4dbf47eade91b69cb2,ipa,bing,,data/raw/bing/ipa/neipa_hazy_juicy_ipa_tulip_glass_-bottle_-can_-logo_-illustration/000040.jpg,000040.jpg,736,920,2025-10-04T18:17:02Z,a0739d87b68de198,data/smart_cropped/ae2a3be80924a832300fec4dbf47eade91b69cb2.jpg,detr_object_crop,"{""method"": ""detr_object_crop"", ""label"": ""cup"", ""score"": 0.9678126573562622, ""box"": [0, 0, 277, 728]}"
5a0e9c9f8c11d7a95aebe26dd9359c99320c1549,ipa,bing,,data/raw/bing/ipa/neipa_hazy_juicy_ipa_tulip_glass_-bottle_-can_-logo_-illustration/000041.jpg,000041.jpg,600,600,2025-10-04T18:17:02Z,ea95359e6a6b1485,data/smart_cropped/5a0e9c9f8c11d7a95aebe26dd9359c99320c1549.jpg,detr_object_crop,"{""method"": ""detr_object_crop"", ""label"": ""vase"", ""score"": 0.9970467686653137, ""box"": [112, 90, 600, 570]}"
53764754af7df7129634af38a7d329e27ca5440a,ipa,bing,,data/raw/bing/ipa/neipa_hazy_juicy_ipa_tulip_glass_-bottle_-can_-logo_-illustration/000007.jpg,000007.jpg,1066,1690,2025-10-04T18:17:02Z,cf073c38f33038d3,data/smart_cropped/53764754af7df7129634af38a7d329e27ca5440a.jpg,detr_object_crop,"{""method"": ""detr_object_crop"", ""label"": ""cup"", ""score"": 0.8756117224693298, ""box"": [373, 1096, 670, 1438]}"
887fb65fd32b65c0eabe93d088307bb7d3d825f0,ipa,bing,,data/raw/bing/ipa/neipa_hazy_juicy_ipa_tulip_glass_-bottle_-can_-logo_-illustration/000013.jpg,000013.jpg,1280,1280,2025-10-04T18:17:02Z,b42dcbd2c0338f33,data/smart_cropped/887fb65fd32b65c0eabe93d088307bb7d3d825f0.jpg,detr_object_crop,"{""method"": ""detr_object_crop"", ""label"": ""stop sign"", ""score"": 0.8022372126579285, ""box"": [210, 0, 995, 1280]}"
21aaf4420dad8011a14ea9a88213af751ae85f4d,ipa,bing,,data/raw/bing/ipa/neipa_hazy_juicy_ipa_tulip_glass_-bottle_-can_-logo_-illustration/000006.jpg,000006.jpg,1200,1601,2025-10-04T18:17:02Z,9c0f1cb0c19fbf48,data/smart_cropped/21aaf4420dad8011a14ea9a88213af751ae85f4d.jpg,detr_object_crop,"{""method"": ""detr_object_crop"", ""label"": ""cup"", ""score"": 0.9940794706344604, ""box"": [49, 532, 813, 1515]}"
a5495d880765262a91ec7190b466e3d7880d7ca8,ipa,bing,,data/raw/bing/ipa/neipa_hazy_juicy_ipa_tulip_glass_-bottle_-can_-logo_-illustration/000038.jpg,000038.jpg,768,512,2025-10-04T18:17:02Z,9614753a5ae682be,data/smart_cropped/a5495d880765262a91ec7190b466e3d7880d7ca8.jpg,detr_object_crop,"{""method"": ""detr_object_crop"", ""label"": ""wine glass"", ""score"": 0.995125949382782, ""box"": [467, 33, 768, 512]}"
264e45028881735703afcf33286b6ff9a7869b36,ipa,bing,,data/raw/bing/ipa/neipa_hazy_juicy_ipa_tulip_glass_-bottle_-can_-logo_-illustration/000010.jpg,000010.jpg,1500,1101,2025-10-04T18:17:02Z,961669cd69eb1496,data/smart_cropped/264e45028881735703afcf33286b6ff9a7869b36.jpg,center_square_fallback,"{""method"": ""center_square_fallback"", ""label"": null, ""score"": null, ""box"": [199, 0, 1300, 1101]}"
e70ccc33325e2a26b2cf028bc76ef19661e47f91,ipa,bing,,data/raw/bing/ipa/neipa_hazy_juicy_ipa_tulip_glass_-bottle_-can_-logo_-illustration/000005.jpg,000005.jpg,840,1390,2025-10-04T18:17:02Z,ed8fd2a050b13a8f,data/smart_cropped/e70ccc33325e2a26b2cf028bc76ef19661e47f91.jpg,center_square_fallback,"{""method"": ""center_square_fallback"", ""label"": null, ""score"": null, ""box"": [0, 275, 840, 1115]}"
c365a1f40813a1bbfc712a132fe1abf315762617,ipa,bing,,data/raw/bing/ipa/neipa_hazy_juicy_ipa_tulip_glass_-bottle_-can_-logo_-illustration/000011.jpg,000011.jpg,1400,2100,2025-10-04T18:17:02Z,81876e4867a74d7c,data/smart_cropped/c365a1f40813a1bbfc712a132fe1abf315762617.jpg,detr_object_crop,"{""method"": ""detr_object_crop"", ""label"": ""cup"", ""score"": 0.9968043565750122, ""box"": [353, 645, 1020, 1815]}"
e81512d8e2f9621a8ac42aab33889f51167d441c,ipa,bing,,data/raw/bing/ipa/neipa_hazy_juicy_ipa_tulip_glass_-bottle_-can_-logo_-illustration/000039.jpg,000039.jpg,1588,1135,2025-10-04T18:17:02Z,9c1ca6ab3959ab83,data/smart_cropped/e81512d8e2f9621a8ac42aab33889f51167d441c.jpg,detr_object_crop,"{""method"": ""detr_object_crop"", ""label"": ""vase"", ""score"": 0.9984641075134277, ""box"": [753, 98, 1367, 1109]}"
2181b2b93bf9d83ebed8cfbaef4efcaefe01ba06,ipa,bing,,data/raw/bing/ipa/neipa_hazy_juicy_ipa_tulip_glass_-bottle_-can_-logo_-illustration/000015.jpg,000015.jpg,1280,853,2025-10-04T18:17:02Z,8b5e28733327d689,data/smart_cropped/2181b2b93bf9d83ebed8cfbaef4efcaefe01ba06.jpg,detr_object_crop,"{""method"": ""detr_object_crop"", ""label"": ""wine glass"", ""score"": 0.9447187185287476, ""box"": [264, 0, 1010, 853]}"
00e5734435d2a6e5bf1f0b99bf5b8ac9126502b8,ipa,bing,,data/raw/bing/ipa/neipa_hazy_juicy_ipa_tulip_glass_-bottle_-can_-logo_-illustration/000029.jpg,000029.jpg,1280,720,2025-10-04T18:17:02Z,d29daec381d275e0,data/smart_cropped/00e5734435d2a6e5bf1f0b99bf5b8ac9126502b8.jpg,detr_object_crop,"{""method"": ""detr_object_crop"", ""label"": ""apple"", ""score"": 0.9346740245819092, ""box"": [4, 257, 255, 497]}"
c6c6a5c2093ee9ba6b4796f995bea8e1b3041043,ipa,bing,,data/raw/bing/ipa/neipa_hazy_juicy_ipa_tulip_glass_-bottle_-can_-logo_-illustration/000014.jpg,000014.jpg,1300,956,2025-10-04T18:17:02Z,995d76860d9958e3,data/smart_cropped/c6c6a5c2093ee9ba6b4796f995bea8e1b3041043.jpg,detr_object_crop,"{""method"": ""detr_object_crop"", ""label"": ""cup"", ""score"": 0.9991569519042969, ""box"": [497, 219, 921, 833]}"
b4e6542078d83023666edfa1a082e644a6d47e20,ipa,bing,,data/raw/bing/ipa/neipa_hazy_juicy_ipa_tulip_glass_-bottle_-can_-logo_-illustration/000002.jpg,000002.jpg,1143,1690,2025-10-04T18:17:02Z,bdadd0906ccb52a5,data/smart_cropped/b4e6542078d83023666edfa1a082e644a6d47e20.jpg,center_square_fallback,"{""method"": ""center_square_fallback"", ""label"": null, ""score"": null, ""box"": [0, 273, 1143, 1416]}"
0aa31a059b61c85f2fc998af827e812f1f65fd0f,ipa,bing,,data/raw/bing/ipa/neipa_hazy_juicy_ipa_tulip_glass_-bottle_-can_-logo_-illustration/000016.jpg,000016.jpg,949,1390,2025-10-04T18:17:02Z,ec9b56a552a55685,data/smart_cropped/0aa31a059b61c85f2fc998af827e812f1f65fd0f.jpg,detr_object_crop,"{""method"": ""detr_object_crop"", ""label"": ""cup"", ""score"": 0.9968186616897583, ""box"": [67, 0, 876, 1362]}"
df37b1d7c74c359d7c7f8e6e8d0479a5f6caa452,ipa,bing,,data/raw/bing/ipa/neipa_hazy_juicy_ipa_tulip_glass_-bottle_-can_-logo_-illustration/000017.jpg,000017.jpg,1024,1024,2025-10-04T18:17:02Z,d41236ed48f1675c,data/smart_cropped/df37b1d7c74c359d7c7f8e6e8d0479a5f6caa452.jpg,detr_object_crop,"{""method"": ""detr_object_crop"", ""label"": ""cup"", ""score"": 0.9903861284255981, ""box"": [339, 315, 711, 821]}"
e11f2184fdc7af9d2060a806c01dee8e805b1e20,ipa,bing,,data/raw/bing/ipa/neipa_hazy_juicy_ipa_tulip_glass_-bottle_-can_-logo_-illustration/000003.jpg,000003.jpg,683,1390,2025-10-04T18:17:02Z,eaaf5885508f5a87,data/smart_cropped/e11f2184fdc7af9d2060a806c01dee8e805b1e20.jpg,detr_object_crop,"{""method"": ""detr_object_crop"", ""label"": ""wine glass"", ""score"": 0.9890405535697937, ""box"": [7, 6, 667, 1328]}"
abbb688f876529186039cf03a9e57606e16bbd1d,ipa,bing,,data/raw/bing/ipa/double_ipa_dipa_in_snifter_glass_bar_-bottle_-can_-logo/000026.jpg,000026.jpg,1000,1000,2025-10-04T18:18:49Z,89a394526b3535db,data/smart_cropped/abbb688f876529186039cf03a9e57606e16bbd1d.jpg,detr_object_crop,"{""method"": ""detr_object_crop"", ""label"": ""wine glass"", ""score"": 0.9976542592048645, ""box"": [141, 0, 859, 1000]}"
b7269888273ad40aaaa9ea3301eab37e239c4469,ipa,bing,,data/raw/bing/ipa/double_ipa_dipa_in_snifter_glass_bar_-bottle_-can_-logo/000032.jpg,000032.jpg,1170,1170,2025-10-04T18:18:49Z,d9f4f899561910e3,data/smart_cropped/b7269888273ad40aaaa9ea3301eab37e239c4469.jpg,detr_object_crop,"{""method"": ""detr_object_crop"", ""label"": ""bottle"", ""score"": 0.9986005425453186, ""box"": [398, 160, 822, 1170]}"
2c7994c8630e95c73c993dbfd95bf0209b5a4c3e,ipa,bing,,data/raw/bing/ipa/double_ipa_dipa_in_snifter_glass_bar_-bottle_-can_-logo/000033.jpg,000033.jpg,600,550,2025-10-04T18:18:49Z,ebb5c03394c0374f,data/smart_cropped/2c7994c8630e95c73c993dbfd95bf0209b5a4c3e.jpg,center_square_fallback,"{""method"": ""center_square_fallback"", ""label"": null, ""score"": null, ""box"": [25, 0, 575, 550]}"
0f1b884a2cb2999fbfe37213a7f30c3ac8c72182,ipa,bing,,data/raw/bing/ipa/double_ipa_dipa_in_snifter_glass_bar_-bottle_-can_-logo/000027.jpg,000027.jpg,1536,2048,2025-10-04T18:18:49Z,ec95d33a3668d264,data/smart_cropped/0f1b884a2cb2999fbfe37213a7f30c3ac8c72182.jpg,detr_object_crop,"{""method"": ""detr_object_crop"", ""label"": ""cup"", ""score"": 0.997177004814148, ""box"": [0, 304, 926, 1987]}"
3bef5e5181c3767c8326bea06cf78b3cd1dd20e8,ipa,bing,,data/raw/bing/ipa/double_ipa_dipa_in_snifter_glass_bar_-bottle_-can_-logo/000019.jpg,000019.jpg,1800,1800,2025-10-04T18:18:49Z,e39cd14edc849c4b,data/smart_cropped/3bef5e5181c3767c8326bea06cf78b3cd1dd20e8.jpg,detr_object_crop,"{""method"": ""detr_object_crop"", ""label"": ""wine glass"", ""score"": 0.998846173286438, ""box"": [453, 0, 1180, 959]}"
c2392ffd5ce5be22ef25e3f1d89666498ac12ba0,ipa,bing,,data/raw/bing/ipa/double_ipa_dipa_in_snifter_glass_bar_-bottle_-can_-logo/000031.jpg,000031.jpg,600,800,2025-10-04T18:18:49Z,b3b5444b4bb4b4a3,data/smart_cropped/c2392ffd5ce5be22ef25e3f1d89666498ac12ba0.jpg,detr_object_crop,"{""method"": ""detr_object_crop"", ""label"": ""vase"", ""score"": 0.9175223708152771, ""box"": [296, 85, 600, 747]}"
96813bcf3498531d2f48aad2b8e71c113325b53a,ipa,bing,,data/raw/bing/ipa/double_ipa_dipa_in_snifter_glass_bar_-bottle_-can_-logo/000025.jpg,000025.jpg,1000,669,2025-10-04T18:18:49Z,dea3c26fb52e0942,data/smart_cropped/96813bcf3498531d2f48aad2b8e71c113325b53a.jpg,detr_object_crop,"{""method"": ""detr_object_crop"", ""label"": ""cup"", ""score"": 0.9947539567947388, ""box"": [88, 108, 400, 669]}"
f2d099f3a9ce16a757d7da7a0f68738115a1bdf1,ipa,bing,,data/raw/bing/ipa/double_ipa_dipa_in_snifter_glass_bar_-bottle_-can_-logo/000024.jpg,000024.jpg,1866,2560,2025-10-04T18:18:49Z,edcdd012966cd12d,data/smart_cropped/f2d099f3a9ce16a757d7da7a0f68738115a1bdf1.jpg,detr_object_crop,"{""method"": ""detr_object_crop"", ""label"": ""bottle"", ""score"": 0.9923171997070312, ""box"": [839, 0, 1725, 2424]}"
ea7749c2efa22fa10e5ccbcdd6526a15cb07392e,ipa,bing,,data/raw/bing/ipa/double_ipa_dipa_in_snifter_glass_bar_-bottle_-can_-logo/000030.jpg,000030.jpg,855,570,2025-10-04T18:18:49Z,e699996499339966,data/smart_cropped/ea7749c2efa22fa10e5ccbcdd6526a15cb07392e.jpg,detr_object_crop,"{""method"": ""detr_object_crop"", ""label"": ""bottle"", ""score"": 0.9992522597312927, ""box"": [320, 0, 534, 567]}"
6ecd28aed48a604d3ac776daa895452a82a0bcc7,ipa,bing,,data/raw/bing/ipa/double_ipa_dipa_in_snifter_glass_bar_-bottle_-can_-logo/000020.jpg,000020.jpg,1200,628,2025-10-04T18:18:49Z,94542b9c0dfd559a,data/smart_cropped/6ecd28aed48a604d3ac776daa895452a82a0bcc7.jpg,detr_object_crop,"{""method"": ""detr_object_crop"", ""label"": ""cup"", ""score"": 0.991800844669342, ""box"": [341, 0, 931, 628]}"
f2a066da95ae0afae1ff991f1f2b91ebd3b1e058,ipa,bing,,data/raw/bing/ipa/double_ipa_dipa_in_snifter_glass_bar_-bottle_-can_-logo/000008.jpg,000008.jpg,735,1102,2025-10-04T18:18:49Z,e5679892b16de164,data/smart_cropped/f2a066da95ae0afae1ff991f1f2b91ebd3b1e058.jpg,detr_object_crop,"{""method"": ""detr_object_crop"", ""label"": ""wine glass"", ""score"": 0.9983283877372742, ""box"": [76, 21, 656, 961]}"
494e59ccaaf1645048e50782444135a7df4ccae9,ipa,bing,,data/raw/bing/ipa/double_ipa_dipa_in_snifter_glass_bar_-bottle_-can_-logo/000009.jpg,000009.jpg,1080,628,2025-10-04T18:18:49Z,9c54628889fded9a,data/smart_cropped/494e59ccaaf1645048e50782444135a7df4ccae9.jpg,detr_object_crop,"{""method"": ""detr_object_crop"", ""label"": ""cup"", ""score"": 0.9651381373405457, ""box"": [263, 0, 870, 628]}"
03208b8eea98685ef9988a633e24be672f3b350b,ipa,bing,,data/raw/bing/ipa/double_ipa_dipa_in_snifter_glass_bar_-bottle_-can_-logo/000021.jpg,000021.jpg,736,981,2025-10-04T18:18:49Z,fb87c0bcc394a34a,data/smart_cropped/03208b8eea98685ef9988a633e24be672f3b350b.jpg,detr_object_crop,"{""method"": ""detr_object_crop"", ""label"": ""cup"", ""score"": 0.9974242448806763, ""box"": [310, 0, 736, 830]}"
ed595210892b14ec764eced4f55f9fb0670241a6,ipa,bing,,data/raw/bing/ipa/double_ipa_dipa_in_snifter_glass_bar_-bottle_-can_-logo/000023.jpg,000023.jpg,1280,720,2025-10-04T18:18:49Z,d1c430def78403be,data/smart_cropped/ed595210892b14ec764eced4f55f9fb0670241a6.jpg,detr_object_crop,"{""method"": ""detr_object_crop"", ""label"": ""cup"", ""score"": 0.8866688013076782, ""box"": [733, 0, 1143, 720]}"
9ad600d9f762b10f3c3be287ce3f79b6eaf42699,ipa,bing,,data/raw/bing/ipa/double_ipa_dipa_in_snifter_glass_bar_-bottle_-can_-logo/000022.jpg,000022.jpg,1024,828,2025-10-04T18:18:49Z,81e2099dd6f627a9,data/smart_cropped/9ad600d9f762b10f3c3be287ce3f79b6eaf42699.jpg,center_square_fallback,"{""method"": ""center_square_fallback"", ""label"": null, ""score"": null, ""box"": [98, 0, 926, 828]}"
024dbe1e314e18e4c02bc431bae3723a93a4f723,ipa,bing,,data/raw/bing/ipa/double_ipa_dipa_in_snifter_glass_bar_-bottle_-can_-logo/000007.jpg,000007.jpg,1000,878,2025-10-04T18:18:49Z,e29dcdc860a58f63,data/smart_cropped/024dbe1e314e18e4c02bc431bae3723a93a4f723.jpg,center_square_fallback,"{""method"": ""center_square_fallback"", ""label"": null, ""score"": null, ""box"": [61, 0, 939, 878]}"
8b36de431f6b02473987f7e4d61e8ddb65c3a7b3,ipa,bing,,data/raw/bing/ipa/double_ipa_dipa_in_snifter_glass_bar_-bottle_-can_-logo/000013.jpg,000013.jpg,1280,720,2025-10-04T18:18:49Z,a7f88d0f73083a27,data/smart_cropped/8b36de431f6b02473987f7e4d61e8ddb65c3a7b3.jpg,detr_object_crop,"{""method"": ""detr_object_crop"", ""label"": ""wine glass"", ""score"": 0.9953526258468628, ""box"": [417, 56, 857, 720]}"
d2a805ee5dade793cb50384655d9446ce6a2a879,ipa,bing,,data/raw/bing/ipa/double_ipa_dipa_in_snifter_glass_bar_-bottle_-can_-logo/000012.jpg,000012.jpg,600,1300,2025-10-04T18:18:49Z,e0898f7c38cf501f,data/smart_cropped/d2a805ee5dade793cb50384655d9446ce6a2a879.jpg,detr_object_crop,"{""method"": ""detr_object_crop"", ""label"": ""wine glass"", ""score"": 0.9984891414642334, ""box"": [85, 449, 505, 1224]}"
160ca799ae24827cf4b4a76687e29ab6462d06c3,ipa,bing,,data/raw/bing/ipa/double_ipa_dipa_in_snifter_glass_bar_-bottle_-can_-logo/000006.jpg,000006.jpg,1536,2048,2025-10-04T18:18:49Z,a8089f9f1e1291bf,data/smart_cropped/160ca799ae24827cf4b4a76687e29ab6462d06c3.jpg,detr_object_crop,"{""method"": ""detr_object_crop"", ""label"": ""wine glass"", ""score"": 0.9947453737258911, ""box"": [0, 119, 741, 1755]}"
aa307ba1cc8aa96de11b713a733175d5a3b7961a,ipa,bing,,data/raw/bing/ipa/double_ipa_dipa_in_snifter_glass_bar_-bottle_-can_-logo/000010.jpg,000010.jpg,1000,1000,2025-10-04T18:18:49Z,e06acb87207c7637,data/smart_cropped/aa307ba1cc8aa96de11b713a733175d5a3b7961a.jpg,detr_object_crop,"{""method"": ""detr_object_crop"", ""label"": ""wine glass"", ""score"": 0.9963594079017639, ""box"": [182, 11, 818, 979]}"
4cf231d31a3f45dc82b328336d21e2e04bf02450,ipa,bing,,data/raw/bing/ipa/double_ipa_dipa_in_snifter_glass_bar_-bottle_-can_-logo/000004.jpg,000004.jpg,1200,1200,2025-10-04T18:18:49Z,db57e418e22665a6,data/smart_cropped/4cf231d31a3f45dc82b328336d21e2e04bf02450.jpg,detr_object_crop,"{""method"": ""detr_object_crop"", ""label"": ""cup"", ""score"": 0.9828846454620361, ""box"": [286, 25, 918, 1200]}"
94c8d3289dc9163cc7bb715a13b03c9af38e4230,ipa,bing,,data/raw/bing/ipa/double_ipa_dipa_in_snifter_glass_bar_-bottle_-can_-logo/000011.jpg,000011.jpg,780,1040,2025-10-04T18:18:49Z,fb87c0bcc394a34a,data/smart_cropped/94c8d3289dc9163cc7bb715a13b03c9af38e4230.jpg,detr_object_crop,"{""method"": ""detr_object_crop"", ""label"": ""cup"", ""score"": 0.9973817467689514, ""box"": [329, 0, 780, 882]}"
c2a6a298bf4f85f3a6b46bfbf2b67b6501dcb938,ipa,bing,,data/raw/bing/ipa/double_ipa_dipa_in_snifter_glass_bar_-bottle_-can_-logo/000015.jpg,000015.jpg,900,1191,2025-10-04T18:18:49Z,bc94e26d639c6a25,data/smart_cropped/c2a6a298bf4f85f3a6b46bfbf2b67b6501dcb938.jpg,detr_object_crop,"{""method"": ""detr_object_crop"", ""label"": ""wine glass"", ""score"": 0.9991788268089294, ""box"": [375, 370, 900, 1105]}"
68845e43a1dab96cb40cfe56f9b9045ad0105d9f,ipa,bing,,data/raw/bing/ipa/double_ipa_dipa_in_snifter_glass_bar_-bottle_-can_-logo/000001.jpg,000001.jpg,1599,899,2025-10-04T18:18:49Z,875dc01f78233667,data/smart_cropped/68845e43a1dab96cb40cfe56f9b9045ad0105d9f.jpg,detr_object_crop,"{""method"": ""detr_object_crop"", ""label"": ""dining table"", ""score"": 0.7915192246437073, ""box"": [54, 0, 1599, 899]}"
5579c89951677e816df8b3a5f71a1c56183c310a,ipa,bing,,data/raw/bing/ipa/double_ipa_dipa_in_snifter_glass_bar_-bottle_-can_-logo/000029.jpg,000029.jpg,1280,720,2025-10-04T18:18:49Z,a3a96d5ac5e13896,data/smart_cropped/5579c89951677e816df8b3a5f71a1c56183c310a.jpg,detr_object_crop,"{""method"": ""detr_object_crop"", ""label"": ""cup"", ""score"": 0.9891030788421631, ""box"": [976, 265, 1255, 546]}"
97abe72224359fbe028825abdbef4a663de54503,ipa,bing,,data/raw/bing/ipa/double_ipa_dipa_in_snifter_glass_bar_-bottle_-can_-logo/000028.jpg,000028.jpg,675,1200,2025-10-04T18:18:49Z,ee9991b356686a91,data/smart_cropped/97abe72224359fbe028825abdbef4a663de54503.jpg,detr_object_crop,"{""method"": ""detr_object_crop"", ""label"": ""cup"", ""score"": 0.9903878569602966, ""box"": [0, 273, 342, 974]}"
095366010a75ec048b12b42fb0b72d24e2185220,ipa,bing,,data/raw/bing/ipa/double_ipa_dipa_in_snifter_glass_bar_-bottle_-can_-logo/000016.jpg,000016.jpg,956,520,2025-10-04T18:18:49Z,bc9c9d23636342ea,data/smart_cropped/095366010a75ec048b12b42fb0b72d24e2185220.jpg,detr_object_crop,"{""method"": ""detr_object_crop"", ""label"": ""cup"", ""score"": 0.997219443321228, ""box"": [287, 0, 664, 520]}"
e900a39c69601eae48dc8baf55d1093bfd38f0dc,ipa,bing,,data/raw/bing/ipa/double_ipa_dipa_in_snifter_glass_bar_-bottle_-can_-logo/000017.jpg,000017.jpg,531,800,2025-10-04T18:18:49Z,8c4878b6b54b6b36,data/smart_cropped/e900a39c69601eae48dc8baf55d1093bfd38f0dc.jpg,detr_object_crop,"{""method"": ""detr_object_crop"", ""label"": ""bottle"", ""score"": 0.9739295244216919, ""box"": [75, 0, 388, 800]}"
07f99fabbf424f7390b07cd40a79363bb56799d1,ipa,bing,,data/raw/bing/ipa/double_ipa_dipa_in_snifter_glass_bar_-bottle_-can_-logo/000003.jpg,000003.jpg,1080,1080,2025-10-04T18:18:49Z,cc0c1c1d3f25e56b,data/smart_cropped/07f99fabbf424f7390b07cd40a79363bb56799d1.jpg,detr_object_crop,"{""method"": ""detr_object_crop"", ""label"": ""wine glass"", ""score"": 0.968295156955719, ""box"": [268, 0, 814, 1080]}"
45a21f9ffe7d7bbddcce7ebc7b528b540c461787,ipa,bing,,data/raw/bing/ipa/session_ipa_light_crisp_shaker_pint_-bottle_-can_-logo/000026.jpg,000026.jpg,600,600,2025-10-04T18:20:13Z,b7e3891c64a3335c,data/smart_cropped/45a21f9ffe7d7bbddcce7ebc7b528b540c461787.jpg,detr_object_crop,"{""method"": ""detr_object_crop"", ""label"": ""bottle"", ""score"": 0.9950313568115234, ""box"": [202, 119, 392, 474]}"
b46583091da34d373ad972293aaf0f90bbc5ac2e,ipa,bing,,data/raw/bing/ipa/session_ipa_light_crisp_shaker_pint_-bottle_-can_-logo/000033.jpg,000033.jpg,600,600,2025-10-04T18:20:13Z,b398cc739933cc4c,data/smart_cropped/b46583091da34d373ad972293aaf0f90bbc5ac2e.jpg,detr_object_crop,"{""method"": ""detr_object_crop"", ""label"": ""bottle"", ""score"": 0.9016460180282593, ""box"": [152, 0, 449, 600]}"
d0443050875fc42928cb030593acf15ac002620b,ipa,bing,,data/raw/bing/ipa/session_ipa_light_crisp_shaker_pint_-bottle_-can_-logo/000019.jpg,000019.jpg,1280,1280,2025-10-04T18:20:13Z,ac9b926dc334d361,data/smart_cropped/d0443050875fc42928cb030593acf15ac002620b.jpg,center_square_fallback,"{""method"": ""center_square_fallback"", ""label"": null, ""score"": null, ""box"": [0, 0, 1280, 1280]}"
c4777cbee5c316894850189c1a71f8dfc9940883,ipa,bing,,data/raw/bing/ipa/session_ipa_light_crisp_shaker_pint_-bottle_-can_-logo/000025.jpg,000025.jpg,560,840,2025-10-04T18:20:13Z,f1804c3bc43fc1f6,data/smart_cropped/c4777cbee5c316894850189c1a71f8dfc9940883.jpg,detr_object_crop,"{""method"": ""detr_object_crop"", ""label"": ""orange"", ""score"": 0.9734383821487427, ""box"": [309, 598, 560, 808]}"
cf4bd232ac4fc5383fb1f6057365409d7c7d9a3c,ipa,bing,,data/raw/bing/ipa/session_ipa_light_crisp_shaker_pint_-bottle_-can_-logo/000030.jpg,000030.jpg,1000,1000,2025-10-04T18:20:13Z,882eb7599515dcaa,data/smart_cropped/cf4bd232ac4fc5383fb1f6057365409d7c7d9a3c.jpg,detr_object_crop,"{""method"": ""detr_object_crop"", ""label"": ""cup"", ""score"": 0.8967443108558655, ""box"": [540, 226, 1000, 528]}"
363cd42ad109b5a1b87245484fb4b9ed83be94cf,ipa,bing,,data/raw/bing/ipa/session_ipa_light_crisp_shaker_pint_-bottle_-can_-logo/000020.jpg,000020.jpg,5760,3840,2025-10-04T18:20:13Z,d1f9827e24f492e4,data/smart_cropped/363cd42ad109b5a1b87245484fb4b9ed83be94cf.jpg,detr_object_crop,"{""method"": ""detr_object_crop"", ""label"": ""cup"", ""score"": 0.9970899820327759, ""box"": [2541, 250, 4959, 3773]}"
f5f1f086b3ab5ff7f1d0b7431ddefda6baa267ba,ipa,bing,,data/raw/bing/ipa/session_ipa_light_crisp_shaker_pint_-bottle_-can_-logo/000008.jpg,000008.jpg,1024,640,2025-10-04T18:20:13Z,ee26c969948986be,data/smart_cropped/f5f1f086b3ab5ff7f1d0b7431ddefda6baa267ba.jpg,detr_object_crop,"{""method"": ""detr_object_crop"", ""label"": ""wine glass"", ""score"": 0.9993077516555786, ""box"": [192, 0, 607, 606]}"
272f4ef64e9505c2730e7789372e371838c6a578,ipa,bing,,data/raw/bing/ipa/session_ipa_light_crisp_shaker_pint_-bottle_-can_-logo/000009.jpg,000009.jpg,2000,2000,2025-10-04T18:20:13Z,e5805b89a6769b59,data/smart_cropped/272f4ef64e9505c2730e7789372e371838c6a578.jpg,detr_object_crop,"{""method"": ""detr_object_crop"", ""label"": ""cup"", ""score"": 0.907954216003418, ""box"": [492, 113, 1589, 1800]}"
18a49c1212e9ca8c30c1b186653dd33f65855b4b,ipa,bing,,data/raw/bing/ipa/session_ipa_light_crisp_shaker_pint_-bottle_-can_-logo/000021.jpg,000021.jpg,2000,2000,2025-10-04T18:20:13Z,e5cb9aa6a6309e64,data/smart_cropped/18a49c1212e9ca8c30c1b186653dd33f65855b4b.jpg,detr_object_crop,"{""method"": ""detr_object_crop"", ""label"": ""cup"", ""score"": 0.9735971093177795, ""box"": [391, 36, 1619, 1958]}"
fa0321740c70176dd8c508d082dd02c58914631c,ipa,bing,,data/raw/bing/ipa/session_ipa_light_crisp_shaker_pint_-bottle_-can_-logo/000035.jpg,000035.jpg,1000,1000,2025-10-04T18:20:13Z,99643627e2787b4a,data/smart_cropped/fa0321740c70176dd8c508d082dd02c58914631c.jpg,detr_object_crop,"{""method"": ""detr_object_crop"", ""label"": ""orange"", ""score"": 0.9671745896339417, ""box"": [0, 232, 189, 535]}"
a13c8c5143e7697af224a497e28f9ca2d49d6f5a,ipa,bing,,data/raw/bing/ipa/session_ipa_light_crisp_shaker_pint_-bottle_-can_-logo/000023.jpg,000023.jpg,867,1390,2025-10-04T18:20:13Z,914de4c559b3718e,data/smart_cropped/a13c8c5143e7697af224a497e28f9ca2d49d6f5a.jpg,detr_object_crop,"{""method"": ""detr_object_crop"", ""label"": ""cup"", ""score"": 0.9912295341491699, ""box"": [225, 382, 646, 1169]}"
fe5e52509fda73410ba9d7f2ab68dc7460002043,ipa,bing,,data/raw/bing/ipa/session_ipa_light_crisp_shaker_pint_-bottle_-can_-logo/000007.jpg,000007.jpg,1200,1200,2025-10-04T18:20:13Z,93b03c6f6d09343e,data/smart_cropped/fe5e52509fda73410ba9d7f2ab68dc7460002043.jpg,detr_object_crop,"{""method"": ""detr_object_crop"", ""label"": ""wine glass"", ""score"": 0.9481804966926575, ""box"": [496, 0, 1096, 1111]}"
75a39d94fd21d51f0649181eea736e9df3ec0ff4,ipa,bing,,data/raw/bing/ipa/session_ipa_light_crisp_shaker_pint_-bottle_-can_-logo/000013.jpg,000013.jpg,1280,853,2025-10-04T18:20:13Z,d6c6833b292cfcb0,data/smart_cropped/75a39d94fd21d51f0649181eea736e9df3ec0ff4.jpg,detr_object_crop,"{""method"": ""detr_object_crop"", ""label"": ""cup"", ""score"": 0.9966645836830139, ""box"": [839, 349, 1097, 695]}"
802754d7cc29039cb4e750db14f71a4fbca8b977,ipa,bing,,data/raw/bing/ipa/session_ipa_light_crisp_shaker_pint_-bottle_-can_-logo/000012.jpg,000012.jpg,1280,853,2025-10-04T18:20:13Z,8aa5cdde65d39818,data/smart_cropped/802754d7cc29039cb4e750db14f71a4fbca8b977.jpg,detr_object_crop,"{""method"": ""detr_object_crop"", ""label"": ""wine glass"", ""score"": 0.9978255033493042, ""box"": [380, 135, 768, 853]}"
92507fab65179b05d4f5ee1c66895f2e227d5eb9,ipa,bing,,data/raw/bing/ipa/session_ipa_light_crisp_shaker_pint_-bottle_-can_-logo/000006.jpg,000006.jpg,2000,2000,2025-10-04T18:20:13Z,a6cc1b9b98194dec,data/smart_cropped/92507fab65179b05d4f5ee1c66895f2e227d5eb9.jpg,detr_object_crop,"{""method"": ""detr_object_crop"", ""label"": ""cup"", ""score"": 0.8956696391105652, ""box"": [474, 152, 1504, 2000]}"
256652578c0a8af65fda56dbdc93c44429ce15a0,ipa,bing,,data/raw/bing/ipa/session_ipa_light_crisp_shaker_pint_-bottle_-can_-logo/000004.jpg,000004.jpg,1024,1024,2025-10-04T18:20:13Z,87d5945aca8a95b5,data/smart_cropped/256652578c0a8af65fda56dbdc93c44429ce15a0.jpg,detr_object_crop,"{""method"": ""detr_object_crop"", ""label"": ""bottle"", ""score"": 0.9965993762016296, ""box"": [0, 0, 341, 945]}"
dd201c1c33e9833be0f105dc29e0e58a83177230,ipa,bing,,data/raw/bing/ipa/session_ipa_light_crisp_shaker_pint_-bottle_-can_-logo/000005.jpg,000005.jpg,600,600,2025-10-04T18:20:13Z,f98684d3c63c926d,data/smart_cropped/dd201c1c33e9833be0f105dc29e0e58a83177230.jpg,detr_object_crop,"{""method"": ""detr_object_crop"", ""label"": ""vase"", ""score"": 0.9951882362365723, ""box"": [36, 65, 344, 543]}"
71a308a63d5e2d7fa56729043f2d948b73c55b03,ipa,bing,,data/raw/bing/ipa/session_ipa_light_crisp_shaker_pint_-bottle_-can_-logo/000015.jpg,000015.jpg,2000,2000,2025-10-04T18:20:13Z,e5805fc6a27f984c,data/smart_cropped/71a308a63d5e2d7fa56729043f2d948b73c55b03.jpg,detr_object_crop,"{""method"": ""detr_object_crop"", ""label"": ""vase"", ""score"": 0.9545143246650696, ""box"": [494, 116, 1585, 1800]}"
168242f5266938600e05643c7a290a4d06076012,ipa,bing,,data/raw/bing/ipa/session_ipa_light_crisp_shaker_pint_-bottle_-can_-logo/000001.jpg,000001.jpg,1861,1808,2025-10-04T18:20:13Z,98c5c713b33cd42e,data/smart_cropped/168242f5266938600e05643c7a290a4d06076012.jpg,detr_object_crop,"{""method"": ""detr_object_crop"", ""label"": ""wine glass"", ""score"": 0.9993225336074829, ""box"": [754, 143, 1557, 1782]}"
f701f83ab5351801c63d9d6f08c1778e0650cdbf,ipa,bing,,data/raw/bing/ipa/session_ipa_light_crisp_shaker_pint_-bottle_-can_-logo/000029.jpg,000029.jpg,800,1024,2025-10-04T18:20:13Z,e4929b6d99668b92,data/smart_cropped/f701f83ab5351801c63d9d6f08c1778e0650cdbf.jpg,detr_object_crop,"{""method"": ""detr_object_crop"", ""label"": ""vase"", ""score"": 0.9848804473876953, ""box"": [175, 296, 635, 924]}"
86618b4728a182ace42da6f1b6df34a4828ce03f,ipa,bing,,data/raw/bing/ipa/session_ipa_light_crisp_shaker_pint_-bottle_-can_-logo/000028.jpg,000028.jpg,640,853,2025-10-04T18:20:13Z,b41883e34fac1d5b,data/smart_cropped/86618b4728a182ace42da6f1b6df34a4828ce03f.jpg,detr_object_crop,"{""method"": ""detr_object_crop"", ""label"": ""dining table"", ""score"": 0.9456373453140259, ""box"": [0, 368, 640, 853]}"
093527c4f41590738c43a3a315b1192bdfe8f38a,ipa,bing,,data/raw/bing/ipa/session_ipa_light_crisp_shaker_pint_-bottle_-can_-logo/000014.jpg,000014.jpg,535,535,2025-10-04T18:20:13Z,e529da8f9a869a32,data/smart_cropped/093527c4f41590738c43a3a315b1192bdfe8f38a.jpg,detr_object_crop,"{""method"": ""detr_object_crop"", ""label"": ""cup"", ""score"": 0.9978983402252197, ""box"": [83, 0, 461, 535]}"
4d7153ca296999a75aff0be93334a28ba8a9fb4d,ipa,bing,,data/raw/bing/ipa/session_ipa_light_crisp_shaker_pint_-bottle_-can_-logo/000016.jpg,000016.jpg,600,600,2025-10-04T18:20:13Z,a6cd4899b339cce4,data/smart_cropped/4d7153ca296999a75aff0be93334a28ba8a9fb4d.jpg,detr_object_crop,"{""method"": ""detr_object_crop"", ""label"": ""cup"", ""score"": 0.9833586812019348, ""box"": [142, 44, 450, 600]}"
1607d70c87c08c5503591ba85d84d4443b272f6e,ipa,bing,,data/raw/bing/ipa/session_ipa_light_crisp_shaker_pint_-bottle_-can_-logo/000017.jpg,000017.jpg,823,762,2025-10-04T18:20:13Z,d9d9867c0df27a08,data/smart_cropped/1607d70c87c08c5503591ba85d84d4443b272f6e.jpg,detr_object_crop,"{""method"": ""detr_object_crop"", ""label"": ""wine glass"", ""score"": 0.9982348680496216, ""box"": [280, 132, 597, 729]}"
1ba942d889f8a3b0d07706c12a27f12fa858f19d,ipa,bing,,data/raw/bing/ipa/session_ipa_light_crisp_shaker_pint_-bottle_-can_-logo/000003.jpg,000003.jpg,1080,1080,2025-10-04T18:20:13Z,889a2ab6b235b795,data/smart_cropped/1ba942d889f8a3b0d07706c12a27f12fa858f19d.jpg,detr_object_crop,"{""method"": ""detr_object_crop"", ""label"": ""wine glass"", ""score"": 0.8751384615898132, ""box"": [293, 62, 790, 1080]}"
d3c78fb14f81642d427e552462df2e8c427b46d4,stout,bing,,data/raw/bing/stout/stout_beer_in_nonic_pint_creamy_head_-bottle_-can_-logo_-mockup/000026.jpg,000026.jpg,1000,1000,2025-10-04T18:21:48Z,a02f3ec4c23ecde1,data/smart_cropped/d3c78fb14f81642d427e552462df2e8c427b46d4.jpg,detr_object_crop,"{""method"": ""detr_object_crop"", ""label"": ""banana"", ""score"": 0.9899834394454956, ""box"": [303, 191, 715, 662]}"
1d68734b1ac5ff5c855ee99d4f4bd726eff6e9c7,stout,bing,,data/raw/bing/stout/stout_beer_in_nonic_pint_creamy_head_-bottle_-can_-logo_-mockup/000032.jpg,000032.jpg,1200,1200,2025-10-04T18:21:48Z,d2450d3b3bd2e4cc,data/smart_cropped/1d68734b1ac5ff5c855ee99d4f4bd726eff6e9c7.jpg,detr_object_crop,"{""method"": ""detr_object_crop"", ""label"": ""cup"", ""score"": 0.9977298378944397, ""box"": [31, 51, 685, 1126]}"
0f543335dbf80478b5a7055d5ba91139839b2371,stout,bing,,data/raw/bing/stout/stout_beer_in_nonic_pint_creamy_head_-bottle_-can_-logo_-mockup/000033.jpg,000033.jpg,939,1390,2025-10-04T18:21:48Z,95d4683a4fa164bd,data/smart_cropped/0f543335dbf80478b5a7055d5ba91139839b2371.jpg,detr_object_crop,"{""method"": ""detr_object_crop"", ""label"": ""mouse"", ""score"": 0.9587571024894714, ""box"": [23, 40, 939, 899]}"
5255e238551cb3a9b9e85bb1a8a266baedd3f4fd,stout,bing,,data/raw/bing/stout/stout_beer_in_nonic_pint_creamy_head_-bottle_-can_-logo_-mockup/000027.jpg,000027.jpg,1600,1157,2025-10-04T18:21:48Z,bde1060756fad81a,data/smart_cropped/5255e238551cb3a9b9e85bb1a8a266baedd3f4fd.jpg,center_square_fallback,"{""method"": ""center_square_fallback"", ""label"": null, ""score"": null, ""box"": [221, 0, 1378, 1157]}"
5e080801ab267a96b5b8e17c0ed7c323761f00e2,stout,bing,,data/raw/bing/stout/stout_beer_in_nonic_pint_creamy_head_-bottle_-can_-logo_-mockup/000019.jpg,000019.jpg,974,1390,2025-10-04T18:21:48Z,b3cc4ce264b36c99,data/smart_cropped/5e080801ab267a96b5b8e17c0ed7c323761f00e2.jpg,detr_object_crop,"{""method"": ""detr_object_crop"", ""label"": ""cup"", ""score"": 0.937524139881134, ""box"": [0, 234, 658, 1390]}"
194bbbb64eaee3e3f3569eb37a9b9057ef51dde3,stout,bing,,data/raw/bing/stout/stout_beer_in_nonic_pint_creamy_head_-bottle_-can_-logo_-mockup/000031.jpg,000031.jpg,1064,1690,2025-10-04T18:21:48Z,d4949b03e27a7b4c,data/smart_cropped/194bbbb64eaee3e3f3569eb37a9b9057ef51dde3.jpg,center_square_fallback,"{""method"": ""center_square_fallback"", ""label"": null, ""score"": null, ""box"": [0, 313, 1064, 1377]}"
ab85297fdaaf38a3f30be08e25f6fb1c4015f97f,stout,bing,,data/raw/bing/stout/stout_beer_in_nonic_pint_creamy_head_-bottle_-can_-logo_-mockup/000025.jpg,000025.jpg,1600,1157,2025-10-04T18:21:48Z,f3c30e3839e3ce18,data/smart_cropped/ab85297fdaaf38a3f30be08e25f6fb1c4015f97f.jpg,detr_object_crop,"{""method"": ""detr_object_crop"", ""label"": ""vase"", ""score"": 0.818705677986145, ""box"": [61, 35, 875, 751]}"
bfd2b2d46ee5c947a0ee3d4c1088d406306135f4,stout,bing,,data/raw/bing/stout/stout_beer_in_nonic_pint_creamy_head_-bottle_-can_-logo_-mockup/000024.jpg,000024.jpg,1067,1690,2025-10-04T18:21:48Z,e6069bdaf0519b64,data/smart_cropped/bfd2b2d46ee5c947a0ee3d4c1088d406306135f4.jpg,detr_object_crop,"{""method"": ""detr_object_crop"", ""label"": ""parking meter"", ""score"": 0.7116318345069885, ""box"": [227, 81, 899, 1212]}"
3d91911bcb18ab7f892b7e039dd54bafc4fb4547,stout,bing,,data/raw/bing/stout/stout_beer_in_nonic_pint_creamy_head_-bottle_-can_-logo_-mockup/000030.jpg,000030.jpg,2118,1418,2025-10-04T18:21:48Z,b7837838c3c396ac,data/smart_cropped/3d91911bcb18ab7f892b7e039dd54bafc4fb4547.jpg,detr_object_crop,"{""method"": ""detr_object_crop"", ""label"": ""cup"", ""score"": 0.7974716424942017, ""box"": [311, 193, 1953, 1256]}"
c97a5644340fc578c9b853e583e510f40bca03ca,stout,bing,,data/raw/bing/stout/stout_beer_in_nonic_pint_creamy_head_-bottle_-can_-logo_-mockup/000018.jpg,000018.jpg,1200,1200,2025-10-04T18:21:48Z,8c491f27653ba6c5,data/smart_cropped/c97a5644340fc578c9b853e583e510f40bca03ca.jpg,detr_object_crop,"{""method"": ""detr_object_crop"", ""label"": ""cup"", ""score"": 0.9992469549179077, ""box"": [387, 0, 880, 678]}"
34b83f549f3a3b21ab4f8f73d73d0e3301167c1a,stout,bing,,data/raw/bing/stout/stout_beer_in_nonic_pint_creamy_head_-bottle_-can_-logo_-mockup/000034.jpg,000034.jpg,1200,800,2025-10-04T18:21:48Z,e0ca5ef14337e581,data/smart_cropped/34b83f549f3a3b21ab4f8f73d73d0e3301167c1a.jpg,detr_object_crop,"{""method"": ""detr_object_crop"", ""label"": ""cup"", ""score"": 0.9970044493675232, ""box"": [419, 82, 801, 648]}"
55a4cbf2c7f499cb7e6aac35784d4316518664fb,stout,bing,,data/raw/bing/stout/stout_beer_in_nonic_pint_creamy_head_-bottle_-can_-logo_-mockup/000020.jpg,000020.jpg,1300,1201,2025-10-04T18:21:48Z,b88747c4383f39b8,data/smart_cropped/55a4cbf2c7f499cb7e6aac35784d4316518664fb.jpg,detr_object_crop,"{""method"": ""detr_object_crop"", ""label"": ""cup"", ""score"": 0.7920482158660889, ""box"": [137, 96, 726, 1075]}"
d6f418b0218c0f1f3ad721a70a89c2114df5eec8,stout,bing,,data/raw/bing/stout/stout_beer_in_nonic_pint_creamy_head_-bottle_-can_-logo_-mockup/000008.jpg,000008.jpg,800,800,2025-10-04T18:21:48Z,e4cf9b309b66c924,data/smart_cropped/d6f418b0218c0f1f3ad721a70a89c2114df5eec8.jpg,center_square_fallback,"{""method"": ""center_square_fallback"", ""label"": null, ""score"": null, ""box"": [0, 0, 800, 800]}"
d39d54b6cb48219a56cb78fc444a8969e3d1e907,stout,bing,,data/raw/bing/stout/stout_beer_in_nonic_pint_creamy_head_-bottle_-can_-logo_-mockup/000023.jpg,000023.jpg,866,1390,2025-10-04T18:21:48Z,b0cf4fb01cb34cac,data/smart_cropped/d39d54b6cb48219a56cb78fc444a8969e3d1e907.jpg,detr_object_crop,"{""method"": ""detr_object_crop"", ""label"": ""vase"", ""score"": 0.8088971972465515, ""box"": [120, 475, 661, 1372]}"
8638804dd60f688f6a434fb3eb0b8f25599c752f,stout,bing,,data/raw/bing/stout/stout_beer_in_nonic_pint_creamy_head_-bottle_-can_-logo_-mockup/000037.jpg,000037.jpg,1054,1690,2025-10-04T18:21:48Z,dcc86a6c9c16f269,data/smart_cropped/8638804dd60f688f6a434fb3eb0b8f25599c752f.jpg,center_square_fallback,"{""method"": ""center_square_fallback"", ""label"": null, ""score"": null, ""box"": [0, 318, 1054, 1372]}"
ce215e50add1c0d4a2b7730b3354f16497c6b55c,stout,bing,,data/raw/bing/stout/stout_beer_in_nonic_pint_creamy_head_-bottle_-can_-logo_-mockup/000036.jpg,000036.jpg,900,600,2025-10-04T18:21:48Z,d848dd755c666626,data/smart_cropped/ce215e50add1c0d4a2b7730b3354f16497c6b55c.jpg,detr_object_crop,"{""method"": ""detr_object_crop"", ""label"": ""dining table"", ""score"": 0.8249804377555847, ""box"": [0, 314, 900, 600]}"
c29ab6898f4c06209196220e65dd103d76ff5d78,stout,bing,,data/raw/bing/stout/stout_beer_in_nonic_pint_creamy_head_-bottle_-can_-logo_-mockup/000045.jpg,000045.jpg,1600,1157,2025-10-04T18:21:48Z,9416ee579b02ed49,data/smart_cropped/c29ab6898f4c06209196220e65dd103d76ff5d78.jpg,detr_object_crop,"{""method"": ""detr_object_crop"", ""label"": ""wine glass"", ""score"": 0.9583622217178345, ""box"": [610, 446, 1282, 1150]}"
4f68759fb505c7bd3c7e27a5ed887a837b84b777,stout,bing,,data/raw/bing/stout/stout_beer_in_nonic_pint_creamy_head_-bottle_-can_-logo_-mockup/000051.jpg,000051.jpg,1200,630,2025-10-04T18:21:48Z,8bb046c6719eb699,data/smart_cropped/4f68759fb505c7bd3c7e27a5ed887a837b84b777.jpg,detr_object_crop,"{""method"": ""detr_object_crop"", ""label"": ""cup"", ""score"": 0.9802943468093872, ""box"": [195, 288, 642, 630]}"
0a2d0a9fce5b93ec44f21dbd2862fb9ec670dddf,stout,bing,,data/raw/bing/stout/stout_beer_in_nonic_pint_creamy_head_-bottle_-can_-logo_-mockup/000050.jpg,000050.jpg,863,1390,2025-10-04T18:21:48Z,eccc54155de20d73,data/smart_cropped/0a2d0a9fce5b93ec44f21dbd2862fb9ec670dddf.jpg,detr_object_crop,"{""method"": ""detr_object_crop"", ""label"": ""cup"", ""score"": 0.9529906511306763, ""box"": [153, 432, 635, 1191]}"
634603274e51410232f2ccb15848d09a8c1a2783,stout,bing,,data/raw/bing/stout/stout_beer_in_nonic_pint_creamy_head_-bottle_-can_-logo_-mockup/000044.jpg,000044.jpg,600,900,2025-10-04T18:21:48Z,95db6a6c9592626c,data/smart_cropped/634603274e51410232f2ccb15848d09a8c1a2783.jpg,detr_object_crop,"{""method"": ""detr_object_crop"", ""label"": ""wine glass"", ""score"": 0.8929784297943115, ""box"": [110, 400, 388, 842]}"
a2f43a389885aecd3b7c2eb062b16380ea16377a,stout,bing,,data/raw/bing/stout/stout_beer_in_nonic_pint_creamy_head_-bottle_-can_-logo_-mockup/000052.jpg,000052.jpg,1080,1080,2025-10-04T18:21:48Z,e6781ac6edbb1284,data/smart_cropped/a2f43a389885aecd3b7c2eb062b16380ea16377a.jpg,detr_object_crop,"{""method"": ""detr_object_crop"", ""label"": ""bottle"", ""score"": 0.9977960586547852, ""box"": [67, 0, 585, 1080]}"
6ed93c0f5a2d9544d76f6531f2f0453c52c3579d,stout,bing,,data/raw/bing/stout/stout_beer_in_nonic_pint_creamy_head_-bottle_-can_-logo_-mockup/000046.jpg,000046.jpg,1000,652,2025-10-04T18:21:48Z,cd8937e7c68504b5,data/smart_cropped/6ed93c0f5a2d9544d76f6531f2f0453c52c3579d.jpg,detr_object_crop,"{""method"": ""detr_object_crop"", ""label"": ""cup"", ""score"": 0.9853044152259827, ""box"": [331, 51, 629, 562]}"
74cd4a6361e01425da02b5816753796f2701a54e,stout,bing,,data/raw/bing/stout/stout_beer_in_nonic_pint_creamy_head_-bottle_-can_-logo_-mockup/000047.jpg,000047.jpg,1000,560,2025-10-04T18:21:48Z,cc8e8e0b39cd647a,data/smart_cropped/74cd4a6361e01425da02b5816753796f2701a54e.jpg,detr_object_crop,"{""method"": ""detr_object_crop"", ""label"": ""cup"", ""score"": 0.997994065284729, ""box"": [508, 24, 790, 511]}"
2c6de05fcc1f7fd1c380f0b62900fae9558ec7a2,stout,bing,,data/raw/bing/stout/stout_beer_in_nonic_pint_creamy_head_-bottle_-can_-logo_-mockup/000057.jpg,000057.jpg,1600,1175,2025-10-04T18:21:48Z,8778788778957187,data/smart_cropped/2c6de05fcc1f7fd1c380f0b62900fae9558ec7a2.jpg,center_square_fallback,"{""method"": ""center_square_fallback"", ""label"": null, ""score"": null, ""box"": [212, 0, 1387, 1175]}"
a2e981450581ccccb1a38f53fb981785f4a4e66c,stout,bing,,data/raw/bing/stout/stout_beer_in_nonic_pint_creamy_head_-bottle_-can_-logo_-mockup/000043.jpg,000043.jpg,3888,2592,2025-10-04T18:21:48Z,c2912ce2939f6f62,data/smart_cropped/a2e981450581ccccb1a38f53fb981785f4a4e66c.jpg,detr_object_crop,"{""method"": ""detr_object_crop"", ""label"": ""vase"", ""score"": 0.9732372164726257, ""box"": [1461, 159, 3794, 2592]}"
91aee242de0138851de15af32299150ac8332b9f,stout,bing,,data/raw/bing/stout/stout_beer_in_nonic_pint_creamy_head_-bottle_-can_-logo_-mockup/000042.jpg,000042.jpg,574,900,2025-10-04T18:21:48Z,8dc39e31658d969a,data/smart_cropped/91aee242de0138851de15af32299150ac8332b9f.jpg,detr_object_crop,"{""method"": ""detr_object_crop"", ""label"": ""wine glass"", ""score"": 0.9972372055053711, ""box"": [80, 144, 500, 900]}"
8de583f1a2d5024b858e6197d397996515d72faa,stout,bing,,data/raw/bing/stout/stout_beer_in_nonic_pint_creamy_head_-bottle_-can_-logo_-mockup/000056.jpg,000056.jpg,1300,1018,2025-10-04T18:21:49Z,8dac78da3a2d70a3,data/smart_cropped/8de583f1a2d5024b858e6197d397996515d72faa.jpg,detr_object_crop,"{""method"": ""detr_object_crop"", ""label"": ""cup"", ""score"": 0.9991421699523926, ""box"": [408, 0, 855, 663]}"
e508cec1c920503e2b05072f34bf49cb098f2c7d,stout,bing,,data/raw/bing/stout/stout_beer_in_nonic_pint_creamy_head_-bottle_-can_-logo_-mockup/000040.jpg,000040.jpg,1054,1690,2025-10-04T18:21:49Z,d692a879a61ed938,data/smart_cropped/e508cec1c920503e2b05072f34bf49cb098f2c7d.jpg,center_square_fallback,"{""method"": ""center_square_fallback"", ""label"": null, ""score"": null, ""box"": [0, 318, 1054, 1372]}"
2153236ac9e11744d136fb2765514ab1dcbfd521,stout,bing,,data/raw/bing/stout/stout_beer_in_nonic_pint_creamy_head_-bottle_-can_-logo_-mockup/000054.jpg,000054.jpg,2448,3264,2025-10-04T18:21:49Z,9ebd2b6281846dda,data/smart_cropped/2153236ac9e11744d136fb2765514ab1dcbfd521.jpg,detr_object_crop,"{""method"": ""detr_object_crop"", ""label"": ""cup"", ""score"": 0.9991127848625183, ""box"": [778, 511, 2202, 2891]}"
a9d3bed3714a55bddba356d4a16f0deffcfdcc88,stout,bing,,data/raw/bing/stout/stout_beer_in_nonic_pint_creamy_head_-bottle_-can_-logo_-mockup/000055.jpg,000055.jpg,1600,1157,2025-10-04T18:21:49Z,c956970d26c8785f,data/smart_cropped/a9d3bed3714a55bddba356d4a16f0deffcfdcc88.jpg,detr_object_crop,"{""method"": ""detr_object_crop"", ""label"": ""clock"", ""score"": 0.9770623445510864, ""box"": [889, 14, 1536, 1157]}"
b172935f8796b270075977d7a2915e03b29d9f09,stout,bing,,data/raw/bing/stout/stout_beer_in_nonic_pint_creamy_head_-bottle_-can_-logo_-mockup/000041.jpg,000041.jpg,1300,964,2025-10-04T18:21:49Z,a4931ae46b9a3b93,data/smart_cropped/b172935f8796b270075977d7a2915e03b29d9f09.jpg,center_square_fallback,"{""method"": ""center_square_fallback"", ""label"": null, ""score"": null, ""box"": [168, 0, 1132, 964]}"
de1f3a484b41384456c0c62ff2c2a86fcebae057,stout,bing,,data/raw/bing/stout/stout_beer_in_nonic_pint_creamy_head_-bottle_-can_-logo_-mockup/000058.jpg,000058.jpg,1000,1000,2025-10-04T18:21:49Z,edcb929486659b34,data/smart_cropped/de1f3a484b41384456c0c62ff2c2a86fcebae057.jpg,center_square_fallback,"{""method"": ""center_square_fallback"", ""label"": null, ""score"": null, ""box"": [0, 0, 1000, 1000]}"
00c5dfdb037338a385114db0674445fd66d11685,stout,bing,,data/raw/bing/stout/stout_beer_in_nonic_pint_creamy_head_-bottle_-can_-logo_-mockup/000059.jpg,000059.jpg,1365,2048,2025-10-04T18:21:49Z,e1e55eda61c78648,data/smart_cropped/00c5dfdb037338a385114db0674445fd66d11685.jpg,detr_object_crop,"{""method"": ""detr_object_crop"", ""label"": ""cup"", ""score"": 0.971444308757782, ""box"": [792, 1055, 1353, 1494]}"
5578f504be181f39a636f7afd4ce4603747652a9,stout,bing,,data/raw/bing/stout/stout_beer_in_nonic_pint_creamy_head_-bottle_-can_-logo_-mockup/000048.jpg,000048.jpg,960,1434,2025-10-04T18:21:49Z,95ea1578c7324cf2,data/smart_cropped/5578f504be181f39a636f7afd4ce4603747652a9.jpg,detr_object_crop,"{""method"": ""detr_object_crop"", ""label"": ""umbrella"", ""score"": 0.7922646999359131, ""box"": [0, 0, 960, 1033]}"
b0d338d84cad4f25cb5f464d7a89c5c295918b81,stout,bing,,data/raw/bing/stout/stout_beer_in_nonic_pint_creamy_head_-bottle_-can_-logo_-mockup/000013.jpg,000013.jpg,1200,1200,2025-10-04T18:21:49Z,ead695399568c269,data/smart_cropped/b0d338d84cad4f25cb5f464d7a89c5c295918b81.jpg,detr_object_crop,"{""method"": ""detr_object_crop"", ""label"": ""cup"", ""score"": 0.9279171824455261, ""box"": [480, 0, 1200, 1195]}"
654f8a9b364d86cfde58b0644a4e6d76b26c66c4,stout,bing,,data/raw/bing/stout/stout_beer_in_nonic_pint_creamy_head_-bottle_-can_-logo_-mockup/000006.jpg,000006.jpg,600,900,2025-10-04T18:21:49Z,d5cb62699d863269,data/smart_cropped/654f8a9b364d86cfde58b0644a4e6d76b26c66c4.jpg,detr_object_crop,"{""method"": ""detr_object_crop"", ""label"": ""cup"", ""score"": 0.9662609696388245, ""box"": [239, 275, 554, 900]}"
119a921bcf0b106cc224e1bf26e259dbbffcd65f,stout,bing,,data/raw/bing/stout/stout_beer_in_nonic_pint_creamy_head_-bottle_-can_-logo_-mockup/000038.jpg,000038.jpg,800,534,2025-10-04T18:21:49Z,c3cf0cc11d1af396,data/smart_cropped/119a921bcf0b106cc224e1bf26e259dbbffcd65f.jpg,detr_object_crop,"{""method"": ""detr_object_crop"", ""label"": ""cup"", ""score"": 0.998977780342102, ""box"": [264, 57, 535, 493]}"
872c4901b91b4c151ce64e85b4f0defbd051e3b0,stout,bing,,data/raw/bing/stout/stout_beer_in_nonic_pint_creamy_head_-bottle_-can_-logo_-mockup/000010.jpg,000010.jpg,863,1390,2025-10-04T18:21:49Z,bc036e7f019cc65a,data/smart_cropped/872c4901b91b4c151ce64e85b4f0defbd051e3b0.jpg,detr_object_crop,"{""method"": ""detr_object_crop"", ""label"": ""cup"", ""score"": 0.9981896281242371, ""box"": [0, 330, 554, 1342]}"
50935746a5014c6c3ca113d2de58aa535025cfe4,stout,bing,,data/raw/bing/stout/stout_beer_in_nonic_pint_creamy_head_-bottle_-can_-logo_-mockup/000004.jpg,000004.jpg,1200,1200,2025-10-04T18:21:49Z,bac7c43983d3c43c,data/smart_cropped/50935746a5014c6c3ca113d2de58aa535025cfe4.jpg,detr_object_crop,"{""method"": ""detr_object_crop"", ""label"": ""cup"", ""score"": 0.9896072745323181, ""box"": [47, 202, 658, 1186]}"
3746d865b6fae0a17cb7ab5cc2e5ee9811033c8a,stout,bing,,data/raw/bing/stout/stout_beer_in_nonic_pint_creamy_head_-bottle_-can_-logo_-mockup/000005.jpg,000005.jpg,1009,1690,2025-10-04T18:21:49Z,d3d39918ad3e3426,data/smart_cropped/3746d865b6fae0a17cb7ab5cc2e5ee9811033c8a.jpg,center_square_fallback,"{""method"": ""center_square_fallback"", ""label"": null, ""score"": null, ""box"": [0, 340, 1009, 1349]}"
375dc0a1cb0922ee37cde7d41bc2a4c56ab57dd2,stout,bing,,data/raw/bing/stout/stout_beer_in_nonic_pint_creamy_head_-bottle_-can_-logo_-mockup/000011.jpg,000011.jpg,3920,1960,2025-10-04T18:21:49Z,e0c10f1f0f3c3f32,data/smart_cropped/375dc0a1cb0922ee37cde7d41bc2a4c56ab57dd2.jpg,center_square_fallback,"{""method"": ""center_square_fallback"", ""label"": null, ""score"": null, ""box"": [980, 0, 2940, 1960]}"
827f9f5a31ff4f84d60766a3f9494591391bf562,stout,bing,,data/raw/bing/stout/stout_beer_in_nonic_pint_creamy_head_-bottle_-can_-logo_-mockup/000015.jpg,000015.jpg,1820,1100,2025-10-04T18:21:49Z,9616b256ae696969,data/smart_cropped/827f9f5a31ff4f84d60766a3f9494591391bf562.jpg,center_square_fallback,"{""method"": ""center_square_fallback"", ""label"": null, ""score"": null, ""box"": [360, 0, 1460, 1100]}"
25a782f340fc666ce362a0e8e38115c83d34dc1e,stout,bing,,data/raw/bing/stout/stout_beer_in_nonic_pint_creamy_head_-bottle_-can_-logo_-mockup/000001.jpg,000001.jpg,626,626,2025-10-04T18:21:49Z,e5ec17254c5d7232,data/smart_cropped/25a782f340fc666ce362a0e8e38115c83d34dc1e.jpg,detr_object_crop,"{""method"": ""detr_object_crop"", ""label"": ""cup"", ""score"": 0.994217038154602, ""box"": [142, 198, 459, 626]}"
f807c7a8b6daee3efdbfbc49c29c692a8754e33b,stout,bing,,data/raw/bing/stout/stout_beer_in_nonic_pint_creamy_head_-bottle_-can_-logo_-mockup/000028.jpg,000028.jpg,1200,1690,2025-10-04T18:21:49Z,a498dbe36c9c92a6,data/smart_cropped/f807c7a8b6daee3efdbfbc49c29c692a8754e33b.jpg,center_square_fallback,"{""method"": ""center_square_fallback"", ""label"": null, ""score"": null, ""box"": [0, 245, 1200, 1445]}"
ff78870d6ad28da97d77e54e5a6db9e22cbff1ed,stout,bing,,data/raw/bing/stout/stout_beer_in_nonic_pint_creamy_head_-bottle_-can_-logo_-mockup/000002.jpg,000002.jpg,866,1390,2025-10-04T18:21:49Z,ff803a07c0ff00de,data/smart_cropped/ff78870d6ad28da97d77e54e5a6db9e22cbff1ed.jpg,detr_object_crop,"{""method"": ""detr_object_crop"", ""label"": ""laptop"", ""score"": 0.958913266658783, ""box"": [0, 663, 866, 1390]}"
ebf0a2e0a7eda5420531c14c7ec61d631bd0e5ef,stout,bing,,data/raw/bing/stout/stout_beer_in_nonic_pint_creamy_head_-bottle_-can_-logo_-mockup/000016.jpg,000016.jpg,600,900,2025-10-04T18:21:49Z,bbeccde6c4630243,data/smart_cropped/ebf0a2e0a7eda5420531c14c7ec61d631bd0e5ef.jpg,detr_object_crop,"{""method"": ""detr_object_crop"", ""label"": ""vase"", ""score"": 0.9800904393196106, ""box"": [0, 0, 397, 900]}"
a99b552884552819ad7e83bb5e4c6b8b5502ddb4,stout,bing,,data/raw/bing/stout/stout_beer_in_nonic_pint_creamy_head_-bottle_-can_-logo_-mockup/000017.jpg,000017.jpg,1300,956,2025-10-04T18:21:49Z,edc906b648877b89,data/smart_cropped/a99b552884552819ad7e83bb5e4c6b8b5502ddb4.jpg,detr_object_crop,"{""method"": ""detr_object_crop"", ""label"": ""cup"", ""score"": 0.9923644065856934, ""box"": [354, 16, 943, 910]}"
3cfc2f8bda2535bf755cac0eae0eda39b7ed517d,stout,bing,,data/raw/bing/stout/stout_beer_in_nonic_pint_creamy_head_-bottle_-can_-logo_-mockup/000003.jpg,000003.jpg,863,1390,2025-10-04T18:21:49Z,b1c19b372cbce8d0,data/smart_cropped/3cfc2f8bda2535bf755cac0eae0eda39b7ed517d.jpg,detr_object_crop,"{""method"": ""detr_object_crop"", ""label"": ""cup"", ""score"": 0.9968410730361938, ""box"": [0, 175, 654, 1387]}"
6c699e574390b33264b78c6d72e4a49b4303a251,stout,bing,,data/raw/bing/stout/imperial_stout_dark_in_snifter_pub_-bottle_-can_-logo/000032.jpg,000032.jpg,1280,1280,2025-10-04T18:23:03Z,9bce64333233387c,data/smart_cropped/6c699e574390b33264b78c6d72e4a49b4303a251.jpg,center_square_fallback,"{""method"": ""center_square_fallback"", ""label"": null, ""score"": null, ""box"": [0, 0, 1280, 1280]}"
3d9b611de59ea6dad2e0d5462935dd70c7005e6a,stout,bing,,data/raw/bing/stout/imperial_stout_dark_in_snifter_pub_-bottle_-can_-logo/000033.jpg,000033.jpg,1700,740,2025-10-04T18:23:03Z,c3f090d1f096d7c3,data/smart_cropped/3d9b611de59ea6dad2e0d5462935dd70c7005e6a.jpg,detr_object_crop,"{""method"": ""detr_object_crop"", ""label"": ""bottle"", ""score"": 0.9970180988311768, ""box"": [664, 0, 1031, 740]}"
eabb7a8ca921409ce385d92e7aca117b8a0b01b6,stout,bing,,data/raw/bing/stout/imperial_stout_dark_in_snifter_pub_-bottle_-can_-logo/000027.jpg,000027.jpg,1280,720,2025-10-04T18:23:03Z,8591ccb2764e3795,data/smart_cropped/eabb7a8ca921409ce385d92e7aca117b8a0b01b6.jpg,detr_object_crop,"{""method"": ""detr_object_crop"", ""label"": ""bottle"", ""score"": 0.9975148439407349, ""box"": [691, 36, 1173, 720]}"
92383f7d76d88d8f59e9d1cf5562ffee37f6059b,stout,bing,,data/raw/bing/stout/imperial_stout_dark_in_snifter_pub_-bottle_-can_-logo/000019.jpg,000019.jpg,1600,1157,2025-10-04T18:23:03Z,9393996d6c729664,data/smart_cropped/92383f7d76d88d8f59e9d1cf5562ffee37f6059b.jpg,center_square_fallback,"{""method"": ""center_square_fallback"", ""label"": null, ""score"": null, ""box"": [221, 0, 1378, 1157]}"
1f7cb275a50beac7ba95ad295bf6eb716a3af13b,stout,bing,,data/raw/bing/stout/imperial_stout_dark_in_snifter_pub_-bottle_-can_-logo/000025.jpg,000025.jpg,1600,688,2025-10-04T18:23:03Z,9059ec7c2716de13,data/smart_cropped/1f7cb275a50beac7ba95ad295bf6eb716a3af13b.jpg,detr_object_crop,"{""method"": ""detr_object_crop"", ""label"": ""wine glass"", ""score"": 0.9991245865821838, ""box"": [937, 106, 1235, 554]}"
73d3bf6c2f2e669d16532a9f8e0840911d3536f6,stout,bing,,data/raw/bing/stout/imperial_stout_dark_in_snifter_pub_-bottle_-can_-logo/000018.jpg,000018.jpg,1600,688,2025-10-04T18:23:03Z,9232ed4d6d49ed42,data/smart_cropped/73d3bf6c2f2e669d16532a9f8e0840911d3536f6.jpg,detr_object_crop,"{""method"": ""detr_object_crop"", ""label"": ""wine glass"", ""score"": 0.9958042502403259, ""box"": [912, 50, 1231, 605]}"
a543e11310aaad3ef49a5648b3ceb6fc1f544f27,stout,bing,,data/raw/bing/stout/imperial_stout_dark_in_snifter_pub_-bottle_-can_-logo/000034.jpg,000034.jpg,1000,917,2025-10-04T18:23:03Z,bae2c48c4d97cc96,data/smart_cropped/a543e11310aaad3ef49a5648b3ceb6fc1f544f27.jpg,detr_object_crop,"{""method"": ""detr_object_crop"", ""label"": ""bottle"", ""score"": 0.9912665486335754, ""box"": [435, 0, 982, 917]}"
658165018ee0864d7ed0fde58852f8323cb2bab8,stout,bing,,data/raw/bing/stout/imperial_stout_dark_in_snifter_pub_-bottle_-can_-logo/000020.jpg,000020.jpg,3024,4032,2025-10-04T18:23:03Z,bd56f22d99e1c212,data/smart_cropped/658165018ee0864d7ed0fde58852f8323cb2bab8.jpg,detr_object_crop,"{""method"": ""detr_object_crop"", ""label"": ""bottle"", ""score"": 0.9985135197639465, ""box"": [1326, 53, 2766, 3472]}"
d383d5db5db1a451e18eb90cb30191f71c5ba7b8,stout,bing,,data/raw/bing/stout/imperial_stout_dark_in_snifter_pub_-bottle_-can_-logo/000009.jpg,000009.jpg,1024,646,2025-10-04T18:23:03Z,89d53266661ad9d3,data/smart_cropped/d383d5db5db1a451e18eb90cb30191f71c5ba7b8.jpg,detr_object_crop,"{""method"": ""detr_object_crop"", ""label"": ""wine glass"", ""score"": 0.9983149766921997, ""box"": [424, 57, 831, 603]}"
ca71b6e4bd7e47b1842ff418ecc18941c48d79c0,stout,bing,,data/raw/bing/stout/imperial_stout_dark_in_snifter_pub_-bottle_-can_-logo/000035.jpg,000035.jpg,1067,1690,2025-10-04T18:23:03Z,92d9a969ec1c931b,data/smart_cropped/ca71b6e4bd7e47b1842ff418ecc18941c48d79c0.jpg,center_square_fallback,"{""method"": ""center_square_fallback"", ""label"": null, ""score"": null, ""box"": [0, 311, 1067, 1378]}"
d0b8d69549b8e1790f1e94b0301f34efdcfb4535,stout,bing,,data/raw/bing/stout/imperial_stout_dark_in_snifter_pub_-bottle_-can_-logo/000023.jpg,000023.jpg,2362,3543,2025-10-04T18:23:03Z,b3cfcccc8c328b32,data/smart_cropped/d0b8d69549b8e1790f1e94b0301f34efdcfb4535.jpg,detr_object_crop,"{""method"": ""detr_object_crop"", ""label"": ""bottle"", ""score"": 0.9694823622703552, ""box"": [588, 61, 1704, 3492]}"
ee5f45f93839312b6cbe64bd0216b5512d060ed4,stout,bing,,data/raw/bing/stout/imperial_stout_dark_in_snifter_pub_-bottle_-can_-logo/000036.jpg,000036.jpg,3024,3780,2025-10-04T18:23:03Z,9595c6027a1f397c,data/smart_cropped/ee5f45f93839312b6cbe64bd0216b5512d060ed4.jpg,detr_object_crop,"{""method"": ""detr_object_crop"", ""label"": ""bottle"", ""score"": 0.9979792237281799, ""box"": [1254, 328, 2721, 3780]}"
99a4bbc1388580bbf566ce089c5d117ca85f1ed7,stout,bing,,data/raw/bing/stout/imperial_stout_dark_in_snifter_pub_-bottle_-can_-logo/000045.jpg,000045.jpg,736,552,2025-10-04T18:23:03Z,9aff15886a5846dc,data/smart_cropped/99a4bbc1388580bbf566ce089c5d117ca85f1ed7.jpg,detr_object_crop,"{""method"": ""detr_object_crop"", ""label"": ""chair"", ""score"": 0.9975729584693909, ""box"": [339, 431, 472, 552]}"
7da01305302ad18247b4dede3cca87b7e42f7953,stout,bing,,data/raw/bing/stout/imperial_stout_dark_in_snifter_pub_-bottle_-can_-logo/000044.jpg,000044.jpg,960,634,2025-10-04T18:23:03Z,81f88e858587796f,data/smart_cropped/7da01305302ad18247b4dede3cca87b7e42f7953.jpg,detr_object_crop,"{""method"": ""detr_object_crop"", ""label"": ""bicycle"", ""score"": 0.998745322227478, ""box"": [396, 378, 583, 534]}"
586741e6c97a3566f7e78d0674cd7e337bf462e5,stout,bing,,data/raw/bing/stout/imperial_stout_dark_in_snifter_pub_-bottle_-can_-logo/000046.jpg,000046.jpg,1440,1080,2025-10-04T18:23:03Z,958b6481c3e5279f,data/smart_cropped/586741e6c97a3566f7e78d0674cd7e337bf462e5.jpg,detr_object_crop,"{""method"": ""detr_object_crop"", ""label"": ""wine glass"", ""score"": 0.8300389647483826, ""box"": [139, 167, 341, 410]}"
4d88869f18f423a585cd2546fee60784850c06cd,stout,bing,,data/raw/bing/stout/imperial_stout_dark_in_snifter_pub_-bottle_-can_-logo/000043.jpg,000043.jpg,729,1024,2025-10-04T18:23:03Z,9dc4e4c36b2dd452,data/smart_cropped/4d88869f18f423a585cd2546fee60784850c06cd.jpg,detr_object_crop,"{""method"": ""detr_object_crop"", ""label"": ""bottle"", ""score"": 0.9992377758026123, ""box"": [0, 0, 369, 1024]}"
978d3b58e2bb97ea2c256ac30ebe21e5e71e2668,stout,bing,,data/raw/bing/stout/imperial_stout_dark_in_snifter_pub_-bottle_-can_-logo/000042.jpg,000042.jpg,893,1390,2025-10-04T18:23:03Z,ea8fc0f1258f7883,data/smart_cropped/978d3b58e2bb97ea2c256ac30ebe21e5e71e2668.jpg,detr_object_crop,"{""method"": ""detr_object_crop"", ""label"": ""wine glass"", ""score"": 0.984764814376831, ""box"": [462, 460, 645, 676]}"
992a0905a3598387d23483a2500ea192096027a0,stout,bing,,data/raw/bing/stout/imperial_stout_dark_in_snifter_pub_-bottle_-can_-logo/000041.jpg,000041.jpg,1024,683,2025-10-04T18:23:03Z,f49e80247e5c9cf4,data/smart_cropped/992a0905a3598387d23483a2500ea192096027a0.jpg,detr_object_crop,"{""method"": ""detr_object_crop"", ""label"": ""person"", ""score"": 0.9976481795310974, ""box"": [0, 400, 102, 643]}"
e73a8152dbb6a8b6cd97f43b8520946c2939fd80,stout,bing,,data/raw/bing/stout/imperial_stout_dark_in_snifter_pub_-bottle_-can_-logo/000007.jpg,000007.jpg,1600,1157,2025-10-04T18:23:03Z,ce04c7cf3131bc39,data/smart_cropped/e73a8152dbb6a8b6cd97f43b8520946c2939fd80.jpg,detr_object_crop,"{""method"": ""detr_object_crop"", ""label"": ""clock"", ""score"": 0.9950791597366333, ""box"": [242, 0, 967, 963]}"
fe6a983982aa207c889e71addaa2d5d5b80e2cf3,stout,bing,,data/raw/bing/stout/imperial_stout_dark_in_snifter_pub_-bottle_-can_-logo/000013.jpg,000013.jpg,866,1390,2025-10-04T18:23:03Z,bd2dd0d24e8b52b4,data/smart_cropped/fe6a983982aa207c889e71addaa2d5d5b80e2cf3.jpg,detr_object_crop,"{""method"": ""detr_object_crop"", ""label"": ""wine glass"", ""score"": 0.9970734119415283, ""box"": [48, 81, 792, 1341]}"
e6aecb4f7c9df5b3a8623a99cd0ca202729c133f,stout,bing,,data/raw/bing/stout/imperial_stout_dark_in_snifter_pub_-bottle_-can_-logo/000012.jpg,000012.jpg,584,900,2025-10-04T18:23:03Z,d6b96f6492c33826,data/smart_cropped/e6aecb4f7c9df5b3a8623a99cd0ca202729c133f.jpg,detr_object_crop,"{""method"": ""detr_object_crop"", ""label"": ""wine glass"", ""score"": 0.9834128618240356, ""box"": [80, 304, 524, 900]}"
2d7da3d3dee209792dca505ca69663c70693b260,stout,bing,,data/raw/bing/stout/imperial_stout_dark_in_snifter_pub_-bottle_-can_-logo/000038.jpg,000038.jpg,1800,1200,2025-10-04T18:23:03Z,dd80ff6f20d0812f,data/smart_cropped/2d7da3d3dee209792dca505ca69663c70693b260.jpg,detr_object_crop,"{""method"": ""detr_object_crop"", ""label"": ""bottle"", ""score"": 0.8866808414459229, ""box"": [1180, 466, 1402, 744]}"
7ceb6a202df4eb93dc0740c072e310d941a9d9f0,stout,bing,,data/raw/bing/stout/imperial_stout_dark_in_snifter_pub_-bottle_-can_-logo/000010.jpg,000010.jpg,1047,1600,2025-10-04T18:23:03Z,9e97cd60939962f0,data/smart_cropped/7ceb6a202df4eb93dc0740c072e310d941a9d9f0.jpg,detr_object_crop,"{""method"": ""detr_object_crop"", ""label"": ""bottle"", ""score"": 0.9992623925209045, ""box"": [0, 0, 500, 1600]}"
a60722d86a0c61b473a5d0c4b6590773022f9497,stout,bing,,data/raw/bing/stout/imperial_stout_dark_in_snifter_pub_-bottle_-can_-logo/000004.jpg,000004.jpg,576,727,2025-10-04T18:23:03Z,c639396bc6b0386b,data/smart_cropped/a60722d86a0c61b473a5d0c4b6590773022f9497.jpg,detr_object_crop,"{""method"": ""detr_object_crop"", ""label"": ""wine glass"", ""score"": 0.9992138147354126, ""box"": [261, 203, 520, 615]}"
8f6a2382eae5718f3b0bbce4a06f7848d299d6b5,stout,bing,,data/raw/bing/stout/imperial_stout_dark_in_snifter_pub_-bottle_-can_-logo/000005.jpg,000005.jpg,800,1210,2025-10-04T18:23:03Z,eac285a47a57706b,data/smart_cropped/8f6a2382eae5718f3b0bbce4a06f7848d299d6b5.jpg,detr_object_crop,"{""method"": ""detr_object_crop"", ""label"": ""bottle"", ""score"": 0.7112221717834473, ""box"": [107, 758, 700, 1210]}"
a87794e535a99640022ab57c7e3a619c34d6b2cf,stout,bing,,data/raw/bing/stout/imperial_stout_dark_in_snifter_pub_-bottle_-can_-logo/000011.jpg,000011.jpg,871,1390,2025-10-04T18:23:03Z,b3864e996ce41ba6,data/smart_cropped/a87794e535a99640022ab57c7e3a619c34d6b2cf.jpg,detr_object_crop,"{""method"": ""detr_object_crop"", ""label"": ""bottle"", ""score"": 0.997511625289917, ""box"": [213, 0, 653, 1331]}"
58b6ab4a1e1f1b418acc10d4f430044e06603091,stout,bing,,data/raw/bing/stout/imperial_stout_dark_in_snifter_pub_-bottle_-can_-logo/000039.jpg,000039.jpg,2048,1365,2025-10-04T18:23:03Z,9187974a3ed88d3c,data/smart_cropped/58b6ab4a1e1f1b418acc10d4f430044e06603091.jpg,detr_object_crop,"{""method"": ""detr_object_crop"", ""label"": ""vase"", ""score"": 0.7216476798057556, ""box"": [1376, 446, 2048, 1365]}"
980e9ae02dc5a51ab1e81efbbd68f72f3c8b7aca,stout,bing,,data/raw/bing/stout/imperial_stout_dark_in_snifter_pub_-bottle_-can_-logo/000001.jpg,000001.jpg,1000,667,2025-10-04T18:23:03Z,c046c6733af139cd,data/smart_cropped/980e9ae02dc5a51ab1e81efbbd68f72f3c8b7aca.jpg,detr_object_crop,"{""method"": ""detr_object_crop"", ""label"": ""wine glass"", ""score"": 0.9913367033004761, ""box"": [113, 32, 629, 667]}"
a48da5d64bc427a2f309c1abec933cce3076c4c5,stout,bing,,data/raw/bing/stout/imperial_stout_dark_in_snifter_pub_-bottle_-can_-logo/000029.jpg,000029.jpg,1080,1350,2025-10-04T18:23:03Z,abda564be58656c0,data/smart_cropped/a48da5d64bc427a2f309c1abec933cce3076c4c5.jpg,detr_object_crop,"{""method"": ""detr_object_crop"", ""label"": ""bottle"", ""score"": 0.9228761196136475, ""box"": [89, 0, 1047, 1350]}"
b318d3115b617918c1c2f6afd9e324cf15fce18b,stout,bing,,data/raw/bing/stout/imperial_stout_dark_in_snifter_pub_-bottle_-can_-logo/000002.jpg,000002.jpg,866,1390,2025-10-04T18:23:03Z,f4941ece71391b92,data/smart_cropped/b318d3115b617918c1c2f6afd9e324cf15fce18b.jpg,detr_object_crop,"{""method"": ""detr_object_crop"", ""label"": ""wine glass"", ""score"": 0.9989114999771118, ""box"": [166, 175, 724, 1194]}"
e7bd1e68a228b1fbddea352e67dbebc95cc648ad,stout,bing,,data/raw/bing/stout/milk_stout_nitro_cascading_pour_glass_-bottle_-can_-logo/000026.jpg,000026.jpg,1900,600,2025-10-04T18:24:25Z,f4847b49b634c5c5,data/smart_cropped/e7bd1e68a228b1fbddea352e67dbebc95cc648ad.jpg,center_square_fallback,"{""method"": ""center_square_fallback"", ""label"": null, ""score"": null, ""box"": [650, 0, 1250, 600]}"
04a56c5d5392d8ddc377411d90884e8d4716b79f,stout,bing,,data/raw/bing/stout/milk_stout_nitro_cascading_pour_glass_-bottle_-can_-logo/000027.jpg,000027.jpg,1280,720,2025-10-04T18:24:25Z,b6819623b6be1559,data/smart_cropped/04a56c5d5392d8ddc377411d90884e8d4716b79f.jpg,detr_object_crop,"{""method"": ""detr_object_crop"", ""label"": ""cup"", ""score"": 0.9918830394744873, ""box"": [787, 319, 955, 524]}"
184b98e772ee33b1b75b4efc5291bdb862a68b21,stout,bing,,data/raw/bing/stout/milk_stout_nitro_cascading_pour_glass_-bottle_-can_-logo/000030.jpg,000030.jpg,1280,720,2025-10-04T18:24:25Z,fc84b3767e148c4a,data/smart_cropped/184b98e772ee33b1b75b4efc5291bdb862a68b21.jpg,detr_object_crop,"{""method"": ""detr_object_crop"", ""label"": ""bottle"", ""score"": 0.7831217646598816, ""box"": [624, 485, 786, 672]}"
ea1fd5911cbfe39f750ed2877e6dcfa2210cf5ad,stout,bing,,data/raw/bing/stout/milk_stout_nitro_cascading_pour_glass_-bottle_-can_-logo/000018.jpg,000018.jpg,1080,1080,2025-10-04T18:24:25Z,fbf6b7a6b0078202,data/smart_cropped/ea1fd5911cbfe39f750ed2877e6dcfa2210cf5ad.jpg,detr_object_crop,"{""method"": ""detr_object_crop"", ""label"": ""bottle"", ""score"": 0.9976804256439209, ""box"": [0, 0, 391, 1080]}"
3410b7fbcc5bf787bbb2f5e5d3ef7a9a0a44f32a,stout,bing,,data/raw/bing/stout/milk_stout_nitro_cascading_pour_glass_-bottle_-can_-logo/000020.jpg,000020.jpg,1280,720,2025-10-04T18:24:25Z,b47ae6769b2b1403,data/smart_cropped/3410b7fbcc5bf787bbb2f5e5d3ef7a9a0a44f32a.jpg,detr_object_crop,"{""method"": ""detr_object_crop"", ""label"": ""cup"", ""score"": 0.998664379119873, ""box"": [588, 221, 918, 720]}"
d8e96d03caca35e4fc98c67deea5fdbad29b13ea,stout,bing,,data/raw/bing/stout/milk_stout_nitro_cascading_pour_glass_-bottle_-can_-logo/000008.jpg,000008.jpg,1200,1600,2025-10-04T18:24:25Z,e9d339c0c53ac4da,data/smart_cropped/d8e96d03caca35e4fc98c67deea5fdbad29b13ea.jpg,detr_object_crop,"{""method"": ""detr_object_crop"", ""label"": ""bottle"", ""score"": 0.9985182881355286, ""box"": [633, 0, 1200, 1566]}"
887c99a41b223a05b39e458d09b6d1c7a2afa8f4,stout,bing,,data/raw/bing/stout/milk_stout_nitro_cascading_pour_glass_-bottle_-can_-logo/000009.jpg,000009.jpg,1320,1262,2025-10-04T18:24:25Z,eae0908fc732c739,data/smart_cropped/887c99a41b223a05b39e458d09b6d1c7a2afa8f4.jpg,center_square_fallback,"{""method"": ""center_square_fallback"", ""label"": null, ""score"": null, ""box"": [29, 0, 1291, 1262]}"
e7d5ae292b43639c01d1249fe87206b76995995e,stout,bing,,data/raw/bing/stout/milk_stout_nitro_cascading_pour_glass_-bottle_-can_-logo/000021.jpg,000021.jpg,768,1024,2025-10-04T18:24:25Z,b65e5e2cc9879a21,data/smart_cropped/e7d5ae292b43639c01d1249fe87206b76995995e.jpg,detr_object_crop,"{""method"": ""detr_object_crop"", ""label"": ""cup"", ""score"": 0.9988052845001221, ""box"": [525, 351, 768, 765]}"
7b16d30975d8a93a0dc9409ddfbe5d47a183bff2,stout,bing,,data/raw/bing/stout/milk_stout_nitro_cascading_pour_glass_-bottle_-can_-logo/000023.jpg,000023.jpg,950,696,2025-10-04T18:24:25Z,d0bbf5649a8f1c30,data/smart_cropped/7b16d30975d8a93a0dc9409ddfbe5d47a183bff2.jpg,detr_object_crop,"{""method"": ""detr_object_crop"", ""label"": ""bottle"", ""score"": 0.9965607523918152, ""box"": [663, 112, 916, 696]}"
291c01e6f36a68b00db4e33f024cb37091a13337,stout,bing,,data/raw/bing/stout/milk_stout_nitro_cascading_pour_glass_-bottle_-can_-logo/000022.jpg,000022.jpg,640,640,2025-10-04T18:24:25Z,ad4b08af8c3553d6,data/smart_cropped/291c01e6f36a68b00db4e33f024cb37091a13337.jpg,detr_object_crop,"{""method"": ""detr_object_crop"", ""label"": ""cup"", ""score"": 0.997006356716156, ""box"": [0, 0, 599, 640]}"
a72e923c209a16635569cf4e3ae762840b39b516,stout,bing,,data/raw/bing/stout/milk_stout_nitro_cascading_pour_glass_-bottle_-can_-logo/000007.jpg,000007.jpg,1600,2000,2025-10-04T18:24:25Z,a4e0db0e875bd68c,data/smart_cropped/a72e923c209a16635569cf4e3ae762840b39b516.jpg,detr_object_crop,"{""method"": ""detr_object_crop"", ""label"": ""bottle"", ""score"": 0.9770126342773438, ""box"": [373, 61, 1226, 1762]}"
3e91edcde990d3fdd83f07281c9aa5cd70293621,stout,bing,,data/raw/bing/stout/milk_stout_nitro_cascading_pour_glass_-bottle_-can_-logo/000013.jpg,000013.jpg,1320,1288,2025-10-04T18:24:25Z,b44a513271dc5a7b,data/smart_cropped/3e91edcde990d3fdd83f07281c9aa5cd70293621.jpg,center_square_fallback,"{""method"": ""center_square_fallback"", ""label"": null, ""score"": null, ""box"": [16, 0, 1304, 1288]}"
45a597b46e4b2c70561d5e041e6e3736710efd8e,stout,bing,,data/raw/bing/stout/milk_stout_nitro_cascading_pour_glass_-bottle_-can_-logo/000006.jpg,000006.jpg,700,700,2025-10-04T18:24:25Z,b230cdcd8bcf248b,data/smart_cropped/45a597b46e4b2c70561d5e041e6e3736710efd8e.jpg,detr_object_crop,"{""method"": ""detr_object_crop"", ""label"": ""cup"", ""score"": 0.7871381640434265, ""box"": [155, 0, 531, 700]}"
5778d248d67fc814564d74def9326d1ab3b68602,stout,bing,,data/raw/bing/stout/milk_stout_nitro_cascading_pour_glass_-bottle_-can_-logo/000010.jpg,000010.jpg,600,600,2025-10-04T18:24:25Z,e799986699649936,data/smart_cropped/5778d248d67fc814564d74def9326d1ab3b68602.jpg,center_square_fallback,"{""method"": ""center_square_fallback"", ""label"": null, ""score"": null, ""box"": [0, 0, 600, 600]}"
8dcb2417836ea47d1f3e209712c16c29b6bad221,stout,bing,,data/raw/bing/stout/milk_stout_nitro_cascading_pour_glass_-bottle_-can_-logo/000004.jpg,000004.jpg,2100,1382,2025-10-04T18:24:25Z,b0cd9b86cd649a33,data/smart_cropped/8dcb2417836ea47d1f3e209712c16c29b6bad221.jpg,detr_object_crop,"{""method"": ""detr_object_crop"", ""label"": ""wine glass"", ""score"": 0.892578661441803, ""box"": [921, 48, 1578, 1318]}"
77cb286e9e4c55c11ad95ad1d326a28017b5b69c,stout,bing,,data/raw/bing/stout/milk_stout_nitro_cascading_pour_glass_-bottle_-can_-logo/000005.jpg,000005.jpg,1036,1600,2025-10-04T18:24:25Z,a9c1f8334ec0d93b,data/smart_cropped/77cb286e9e4c55c11ad95ad1d326a28017b5b69c.jpg,detr_object_crop,"{""method"": ""detr_object_crop"", ""label"": ""bottle"", ""score"": 0.9995794892311096, ""box"": [509, 0, 1036, 1600]}"
9e96135439e1081827f706789a1a0ed183937c29,stout,bing,,data/raw/bing/stout/milk_stout_nitro_cascading_pour_glass_-bottle_-can_-logo/000011.jpg,000011.jpg,720,960,2025-10-04T18:24:25Z,d94163fb01b42f63,data/smart_cropped/9e96135439e1081827f706789a1a0ed183937c29.jpg,detr_object_crop,"{""method"": ""detr_object_crop"", ""label"": ""cup"", ""score"": 0.9913245439529419, ""box"": [214, 283, 691, 887]}"
f2e27b78147a57b691874b113a5f5e2769d4ae42,stout,bing,,data/raw/bing/stout/milk_stout_nitro_cascading_pour_glass_-bottle_-can_-logo/000015.jpg,000015.jpg,1280,720,2025-10-04T18:24:25Z,d9999a66992666c6,data/smart_cropped/f2e27b78147a57b691874b113a5f5e2769d4ae42.jpg,detr_object_crop,"{""method"": ""detr_object_crop"", ""label"": ""cup"", ""score"": 0.9969479441642761, ""box"": [530, 7, 898, 631]}"
7577c0863b922fb715881998b4cfcac1f03a2a93,stout,bing,,data/raw/bing/stout/milk_stout_nitro_cascading_pour_glass_-bottle_-can_-logo/000001.jpg,000001.jpg,1022,768,2025-10-04T18:24:25Z,dcb0a32de252c71e,data/smart_cropped/7577c0863b922fb715881998b4cfcac1f03a2a93.jpg,detr_object_crop,"{""method"": ""detr_object_crop"", ""label"": ""cup"", ""score"": 0.9983186721801758, ""box"": [476, 196, 825, 726]}"
8c3d3913035ec5ef2924185fde3950ef4ed120d5,stout,bing,,data/raw/bing/stout/milk_stout_nitro_cascading_pour_glass_-bottle_-can_-logo/000014.jpg,000014.jpg,918,1632,2025-10-04T18:24:25Z,e29c9d635c68e0f4,data/smart_cropped/8c3d3913035ec5ef2924185fde3950ef4ed120d5.jpg,detr_object_crop,"{""method"": ""detr_object_crop"", ""label"": ""hair drier"", ""score"": 0.9623588919639587, ""box"": [0, 0, 393, 349]}"
33c2422d2fc00aa47ac8ad318bfa9aea1444463e,stout,bing,,data/raw/bing/stout/milk_stout_nitro_cascading_pour_glass_-bottle_-can_-logo/000002.jpg,000002.jpg,1024,576,2025-10-04T18:24:25Z,c95989e6367b0b31,data/smart_cropped/33c2422d2fc00aa47ac8ad318bfa9aea1444463e.jpg,detr_object_crop,"{""method"": ""detr_object_crop"", ""label"": ""cup"", ""score"": 0.9975692629814148, ""box"": [429, 42, 696, 508]}"
473a3ff704736bf3842e10d29b0558f8efba8f46,stout,bing,,data/raw/bing/stout/milk_stout_nitro_cascading_pour_glass_-bottle_-can_-logo/000016.jpg,000016.jpg,918,1632,2025-10-04T18:24:25Z,849ceb739cfc6031,data/smart_cropped/473a3ff704736bf3842e10d29b0558f8efba8f46.jpg,detr_object_crop,"{""method"": ""detr_object_crop"", ""label"": ""dining table"", ""score"": 0.8638209700584412, ""box"": [0, 841, 918, 1632]}"
5d6be62fe1dd4463986ddd321305e52dba6341b0,stout,bing,,data/raw/bing/stout/milk_stout_nitro_cascading_pour_glass_-bottle_-can_-logo/000003.jpg,000003.jpg,1320,1711,2025-10-04T18:24:25Z,b890956fd26dc139,data/smart_cropped/5d6be62fe1dd4463986ddd321305e52dba6341b0.jpg,detr_object_crop,"{""method"": ""detr_object_crop"", ""label"": ""bottle"", ""score"": 0.9889121055603027, ""box"": [153, 0, 753, 1711]}"
9b0cfbb64933cab65a6ad28b429cc6476445a491,stout,bing,,data/raw/bing/stout/dry_stout_guinness_style_pint_with_foam_-bottle_-can_-logo/000026.jpg,000026.jpg,1600,1157,2025-10-04T18:25:23Z,be654756252b619c,data/smart_cropped/9b0cfbb64933cab65a6ad28b429cc6476445a491.jpg,detr_object_crop,"{""method"": ""detr_object_crop"", ""label"": ""person"", ""score"": 0.9937171936035156, ""box"": [1022, 599, 1281, 869]}"
0810bbf8eca2350f6fde381d701ad54bbf33d158,stout,bing,,data/raw/bing/stout/dry_stout_guinness_style_pint_with_foam_-bottle_-can_-logo/000033.jpg,000033.jpg,1300,955,2025-10-04T18:25:23Z,c0989f9339cc7c63,data/smart_cropped/0810bbf8eca2350f6fde381d701ad54bbf33d158.jpg,detr_object_crop,"{""method"": ""detr_object_crop"", ""label"": ""cup"", ""score"": 0.9972959160804749, ""box"": [230, 29, 744, 861]}"
837d5a79178d31da5f7e2fa46e407eb01d3bb696,stout,bing,,data/raw/bing/stout/dry_stout_guinness_style_pint_with_foam_-bottle_-can_-logo/000019.jpg,000019.jpg,856,1390,2025-10-04T18:25:23Z,b49ec2e1599344e7,data/smart_cropped/837d5a79178d31da5f7e2fa46e407eb01d3bb696.jpg,detr_object_crop,"{""method"": ""detr_object_crop"", ""label"": ""vase"", ""score"": 0.8871816992759705, ""box"": [45, 88, 819, 1244]}"
9d4ed9e13ad37c1460370348cface8a861f53b7f,stout,bing,,data/raw/bing/stout/dry_stout_guinness_style_pint_with_foam_-bottle_-can_-logo/000031.jpg,000031.jpg,1100,1100,2025-10-04T18:25:23Z,ca78b707999ac0b9,data/smart_cropped/9d4ed9e13ad37c1460370348cface8a861f53b7f.jpg,detr_object_crop,"{""method"": ""detr_object_crop"", ""label"": ""clock"", ""score"": 0.9882418513298035, ""box"": [0, 72, 749, 1010]}"
b3a82f72b0ed17622352d4c60df5e4e9d1b104d5,stout,bing,,data/raw/bing/stout/dry_stout_guinness_style_pint_with_foam_-bottle_-can_-logo/000025.jpg,000025.jpg,1000,560,2025-10-04T18:25:23Z,c5d2f22d64ed18d2,data/smart_cropped/b3a82f72b0ed17622352d4c60df5e4e9d1b104d5.jpg,detr_object_crop,"{""method"": ""detr_object_crop"", ""label"": ""bottle"", ""score"": 0.8911101818084717, ""box"": [521, 25, 800, 546]}"
3fe535ffff1f5371f7386a8a81e8e940cb5e7ac2,stout,bing,,data/raw/bing/stout/dry_stout_guinness_style_pint_with_foam_-bottle_-can_-logo/000024.jpg,000024.jpg,1536,1920,2025-10-04T18:25:23Z,995d9427eb666262,data/smart_cropped/3fe535ffff1f5371f7386a8a81e8e940cb5e7ac2.jpg,detr_object_crop,"{""method"": ""detr_object_crop"", ""label"": ""book"", ""score"": 0.9588096141815186, ""box"": [375, 310, 1121, 1800]}"
8b35f0b7394a85517b72e3299f6412d531f6aa47,stout,bing,,data/raw/bing/stout/dry_stout_guinness_style_pint_with_foam_-bottle_-can_-logo/000030.jpg,000030.jpg,1600,1157,2025-10-04T18:25:23Z,84e4e5a5eb27e2c2,data/smart_cropped/8b35f0b7394a85517b72e3299f6412d531f6aa47.jpg,detr_object_crop,"{""method"": ""detr_object_crop"", ""label"": ""cup"", ""score"": 0.7497561573982239, ""box"": [330, 39, 898, 1047]}"
770450496b172ac246ef5cd6c44a05f0b6d1ed50,stout,bing,,data/raw/bing/stout/dry_stout_guinness_style_pint_with_foam_-bottle_-can_-logo/000018.jpg,000018.jpg,800,534,2025-10-04T18:25:23Z,f37b99701ca20657,data/smart_cropped/770450496b172ac246ef5cd6c44a05f0b6d1ed50.jpg,detr_object_crop,"{""method"": ""detr_object_crop"", ""label"": ""cup"", ""score"": 0.9924847483634949, ""box"": [255, 16, 540, 528]}"
0aeab39166c9e2ec3bc911f17e36aff1975679a3,stout,bing,,data/raw/bing/stout/dry_stout_guinness_style_pint_with_foam_-bottle_-can_-logo/000020.jpg,000020.jpg,1300,956,2025-10-04T18:25:23Z,b106ceb34eb13ac6,data/smart_cropped/0aeab39166c9e2ec3bc911f17e36aff1975679a3.jpg,center_square_fallback,"{""method"": ""center_square_fallback"", ""label"": null, ""score"": null, ""box"": [172, 0, 1128, 956]}"
129faf215aaafdea0dca4dbaeb733f78225a0c3a,stout,bing,,data/raw/bing/stout/dry_stout_guinness_style_pint_with_foam_-bottle_-can_-logo/000008.jpg,000008.jpg,1536,1920,2025-10-04T18:25:23Z,e58c0ec07bf33037,data/smart_cropped/129faf215aaafdea0dca4dbaeb733f78225a0c3a.jpg,detr_object_crop,"{""method"": ""detr_object_crop"", ""label"": ""bottle"", ""score"": 0.9291971325874329, ""box"": [403, 376, 1113, 1815]}"
3eab2632febe650a7b97dc33b9f2af2371f2113a,stout,bing,,data/raw/bing/stout/dry_stout_guinness_style_pint_with_foam_-bottle_-can_-logo/000009.jpg,000009.jpg,1200,630,2025-10-04T18:25:23Z,ea9fca4a2437b348,data/smart_cropped/3eab2632febe650a7b97dc33b9f2af2371f2113a.jpg,detr_object_crop,"{""method"": ""detr_object_crop"", ""label"": ""cup"", ""score"": 0.9921789169311523, ""box"": [416, 94, 719, 558]}"
ca68423e5534bd2bf22c2577a2456d7077d526ae,stout,bing,,data/raw/bing/stout/dry_stout_guinness_style_pint_with_foam_-bottle_-can_-logo/000021.jpg,000021.jpg,1200,936,2025-10-04T18:25:23Z,b3cccc33338c66cc,data/smart_cropped/ca68423e5534bd2bf22c2577a2456d7077d526ae.jpg,center_square_fallback,"{""method"": ""center_square_fallback"", ""label"": null, ""score"": null, ""box"": [132, 0, 1068, 936]}"
392c65e0bb973b7b556d39620dcbb9c90d01d3a1,stout,bing,,data/raw/bing/stout/dry_stout_guinness_style_pint_with_foam_-bottle_-can_-logo/000035.jpg,000035.jpg,600,848,2025-10-04T18:25:23Z,ea3f95e04a49689d,data/smart_cropped/392c65e0bb973b7b556d39620dcbb9c90d01d3a1.jpg,detr_object_crop,"{""method"": ""detr_object_crop"", ""label"": ""bottle"", ""score"": 0.9969359636306763, ""box"": [406, 185, 600, 617]}"
f37c1ff5aa9a6af49c951b8fa3348850e85262d1,stout,bing,,data/raw/bing/stout/dry_stout_guinness_style_pint_with_foam_-bottle_-can_-logo/000023.jpg,000023.jpg,757,1600,2025-10-04T18:25:23Z,fac1c5343562d89b,data/smart_cropped/f37c1ff5aa9a6af49c951b8fa3348850e85262d1.jpg,detr_object_crop,"{""method"": ""detr_object_crop"", ""label"": ""bottle"", ""score"": 0.9989280104637146, ""box"": [358, 218, 757, 1374]}"
7a9be761852edfe7db7148fc76ed69d69865db52,stout,bing,,data/raw/bing/stout/dry_stout_guinness_style_pint_with_foam_-bottle_-can_-logo/000022.jpg,000022.jpg,1300,1151,2025-10-04T18:25:23Z,be9143ee1dc86e81,data/smart_cropped/7a9be761852edfe7db7148fc76ed69d69865db52.jpg,detr_object_crop,"{""method"": ""detr_object_crop"", ""label"": ""wine glass"", ""score"": 0.8669924736022949, ""box"": [366, 0, 899, 769]}"
1e228c93bed66aea9152eef679bcd68edb320c05,stout,bing,,data/raw/bing/stout/dry_stout_guinness_style_pint_with_foam_-bottle_-can_-logo/000040.jpg,000040.jpg,1200,630,2025-10-04T18:25:23Z,d6d1fcc4cc6cc8c8,data/smart_cropped/1e228c93bed66aea9152eef679bcd68edb320c05.jpg,detr_object_crop,"{""method"": ""detr_object_crop"", ""label"": ""cup"", ""score"": 0.9919981360435486, ""box"": [636, 0, 1163, 630]}"
58b93afbb94d901916fca435fda360c569719908,stout,bing,,data/raw/bing/stout/dry_stout_guinness_style_pint_with_foam_-bottle_-can_-logo/000007.jpg,000007.jpg,866,1390,2025-10-04T18:25:23Z,bcc1962e699e61aa,data/smart_cropped/58b93afbb94d901916fca435fda360c569719908.jpg,detr_object_crop,"{""method"": ""detr_object_crop"", ""label"": ""wine glass"", ""score"": 0.998664140701294, ""box"": [349, 386, 862, 1334]}"
34d4f536f8589a1e9fabf4dd0911c6e4b0a5d0f0,stout,bing,,data/raw/bing/stout/dry_stout_guinness_style_pint_with_foam_-bottle_-can_-logo/000013.jpg,000013.jpg,1600,1157,2025-10-04T18:25:23Z,8a8aac34f686b733,data/smart_cropped/34d4f536f8589a1e9fabf4dd0911c6e4b0a5d0f0.jpg,detr_object_crop,"{""method"": ""detr_object_crop"", ""label"": ""cup"", ""score"": 0.8560640215873718, ""box"": [549, 314, 957, 950]}"
0fde631cd7a8210b526cd5dbc3a937fc4611792b,stout,bing,,data/raw/bing/stout/dry_stout_guinness_style_pint_with_foam_-bottle_-can_-logo/000012.jpg,000012.jpg,900,1600,2025-10-04T18:25:23Z,bbeac4c53333425c,data/smart_cropped/0fde631cd7a8210b526cd5dbc3a937fc4611792b.jpg,detr_object_crop,"{""method"": ""detr_object_crop"", ""label"": ""wine glass"", ""score"": 0.9956250786781311, ""box"": [0, 210, 527, 1334]}"
c4e5923dcb46534b291dbe88dae1f1902126d784,stout,bing,,data/raw/bing/stout/dry_stout_guinness_style_pint_with_foam_-bottle_-can_-logo/000006.jpg,000006.jpg,1024,768,2025-10-04T18:25:23Z,adb58e526a3171b2,data/smart_cropped/c4e5923dcb46534b291dbe88dae1f1902126d784.jpg,detr_object_crop,"{""method"": ""detr_object_crop"", ""label"": ""cup"", ""score"": 0.9737228751182556, ""box"": [635, 77, 1005, 733]}"
969687b44366b0544f34e73c7dfce896178a62ae,stout,bing,,data/raw/bing/stout/dry_stout_guinness_style_pint_with_foam_-bottle_-can_-logo/000038.jpg,000038.jpg,800,534,2025-10-04T18:25:23Z,be4157542f6b6898,data/smart_cropped/969687b44366b0544f34e73c7dfce896178a62ae.jpg,detr_object_crop,"{""method"": ""detr_object_crop"", ""label"": ""cup"", ""score"": 0.9820057153701782, ""box"": [78, 34, 348, 527]}"
fbf94bb229af43552f6f878bbcc539b901846217,stout,bing,,data/raw/bing/stout/dry_stout_guinness_style_pint_with_foam_-bottle_-can_-logo/000010.jpg,000010.jpg,1920,1080,2025-10-04T18:25:23Z,e62999ce9bcc8c89,data/smart_cropped/fbf94bb229af43552f6f878bbcc539b901846217.jpg,center_square_fallback,"{""method"": ""center_square_fallback"", ""label"": null, ""score"": null, ""box"": [420, 0, 1500, 1080]}"
e0f0ee488da662b9cfd58b5b3d5718e918fa0c24,stout,bing,,data/raw/bing/stout/dry_stout_guinness_style_pint_with_foam_-bottle_-can_-logo/000004.jpg,000004.jpg,675,900,2025-10-04T18:25:23Z,91cdf43e47494978,data/smart_cropped/e0f0ee488da662b9cfd58b5b3d5718e918fa0c24.jpg,detr_object_crop,"{""method"": ""detr_object_crop"", ""label"": ""cup"", ""score"": 0.9980499744415283, ""box"": [28, 76, 487, 884]}"
d0ae10abc7ffbbf2a17f868ea328993876a4b2f0,stout,bing,,data/raw/bing/stout/dry_stout_guinness_style_pint_with_foam_-bottle_-can_-logo/000005.jpg,000005.jpg,2005,2560,2025-10-04T18:25:23Z,ea1491edcc6fc314,data/smart_cropped/d0ae10abc7ffbbf2a17f868ea328993876a4b2f0.jpg,detr_object_crop,"{""method"": ""detr_object_crop"", ""label"": ""bottle"", ""score"": 0.9792551398277283, ""box"": [0, 0, 1212, 2560]}"
a78cf292d07b22614436994082dd9ac74c266d92,stout,bing,,data/raw/bing/stout/dry_stout_guinness_style_pint_with_foam_-bottle_-can_-logo/000011.jpg,000011.jpg,1200,675,2025-10-04T18:25:23Z,d6d1f9c4c4ec4cc8,data/smart_cropped/a78cf292d07b22614436994082dd9ac74c266d92.jpg,detr_object_crop,"{""method"": ""detr_object_crop"", ""label"": ""parking meter"", ""score"": 0.708733081817627, ""box"": [0, 0, 751, 675]}"
f8cad3f43727d05437c0ebc545b27167da01e988,stout,bing,,data/raw/bing/stout/dry_stout_guinness_style_pint_with_foam_-bottle_-can_-logo/000039.jpg,000039.jpg,640,853,2025-10-04T18:25:23Z,e696999931639e61,data/smart_cropped/f8cad3f43727d05437c0ebc545b27167da01e988.jpg,detr_object_crop,"{""method"": ""detr_object_crop"", ""label"": ""bottle"", ""score"": 0.9990365505218506, ""box"": [169, 0, 478, 853]}"
9eb2c392d0ff37b244cac8f76a6acc8354624136,stout,bing,,data/raw/bing/stout/dry_stout_guinness_style_pint_with_foam_-bottle_-can_-logo/000015.jpg,000015.jpg,1920,1080,2025-10-04T18:25:23Z,b3cccc99cc989966,data/smart_cropped/9eb2c392d0ff37b244cac8f76a6acc8354624136.jpg,detr_object_crop,"{""method"": ""detr_object_crop"", ""label"": ""cup"", ""score"": 0.9975812435150146, ""box"": [647, 0, 1274, 1080]}"
45be7b83873765bcded9acc0f368ae6e10378da4,stout,bing,,data/raw/bing/stout/dry_stout_guinness_style_pint_with_foam_-bottle_-can_-logo/000001.jpg,000001.jpg,2100,1400,2025-10-04T18:25:23Z,e0d9c7ca256d0bb8,data/smart_cropped/45be7b83873765bcded9acc0f368ae6e10378da4.jpg,detr_object_crop,"{""method"": ""detr_object_crop"", ""label"": ""wine glass"", ""score"": 0.9976444840431213, ""box"": [400, 74, 996, 1400]}"
6914295caa25a7629e46c1ced8ece03c542c5bcd,stout,bing,,data/raw/bing/stout/dry_stout_guinness_style_pint_with_foam_-bottle_-can_-logo/000029.jpg,000029.jpg,866,1390,2025-10-04T18:25:23Z,e9a996870e9a788e,data/smart_cropped/6914295caa25a7629e46c1ced8ece03c542c5bcd.jpg,detr_object_crop,"{""method"": ""detr_object_crop"", ""label"": ""vase"", ""score"": 0.8146119713783264, ""box"": [147, 127, 738, 1199]}"
b53b3cf092587ac83a096ee4b197ec90709c3355,stout,bing,,data/raw/bing/stout/dry_stout_guinness_style_pint_with_foam_-bottle_-can_-logo/000028.jpg,000028.jpg,1920,1280,2025-10-04T18:25:23Z,bcef43a143518b4d,data/smart_cropped/b53b3cf092587ac83a096ee4b197ec90709c3355.jpg,detr_object_crop,"{""method"": ""detr_object_crop"", ""label"": ""cup"", ""score"": 0.9990124702453613, ""box"": [221, 28, 936, 1280]}"
ac87dca2800a8f576a9768ed947dba05c29750ee,stout,bing,,data/raw/bing/stout/dry_stout_guinness_style_pint_with_foam_-bottle_-can_-logo/000014.jpg,000014.jpg,634,735,2025-10-04T18:25:23Z,e59c9ed6b0317921,data/smart_cropped/ac87dca2800a8f576a9768ed947dba05c29750ee.jpg,detr_object_crop,"{""method"": ""detr_object_crop"", ""label"": ""cup"", ""score"": 0.9967933297157288, ""box"": [130, 16, 534, 725]}"
f5c39f0fe5a1505097ec8ebb912044dbfc6c9d71,stout,bing,,data/raw/bing/stout/dry_stout_guinness_style_pint_with_foam_-bottle_-can_-logo/000016.jpg,000016.jpg,1024,1021,2025-10-04T18:25:23Z,af958318356fc2e8,data/smart_cropped/f5c39f0fe5a1505097ec8ebb912044dbfc6c9d71.jpg,detr_object_crop,"{""method"": ""detr_object_crop"", ""label"": ""cup"", ""score"": 0.9960711002349854, ""box"": [421, 156, 856, 840]}"
b2e09a9f782e3d68212a9c852d365496deaa0afa,stout,bing,,data/raw/bing/stout/dry_stout_guinness_style_pint_with_foam_-bottle_-can_-logo/000017.jpg,000017.jpg,1200,800,2025-10-04T18:25:23Z,897699197ccfc948,data/smart_cropped/b2e09a9f782e3d68212a9c852d365496deaa0afa.jpg,detr_object_crop,"{""method"": ""detr_object_crop"", ""label"": ""cup"", ""score"": 0.9891408681869507, ""box"": [667, 20, 1107, 767]}"
0e1b1bfdbf11cfab532657f172bc7f92730767f0,stout,bing,,data/raw/bing/stout/dry_stout_guinness_style_pint_with_foam_-bottle_-can_-logo/000003.jpg,000003.jpg,1920,1280,2025-10-04T18:25:23Z,f0cbc38dac7c2c25,data/smart_cropped/0e1b1bfdbf11cfab532657f172bc7f92730767f0.jpg,detr_object_crop,"{""method"": ""detr_object_crop"", ""label"": ""cup"", ""score"": 0.9957754015922546, ""box"": [283, 19, 1524, 1280]}"
1fec77e2a28d648cbe90a817142aa7d8fa7f0727,stout,bing,,data/raw/bing/stout/oatmeal_stout_smooth_dark_pint_glass_-bottle_-can_-logo/000033.jpg,000033.jpg,1500,1125,2025-10-04T18:26:37Z,d2cd2b347c9222de,data/smart_cropped/1fec77e2a28d648cbe90a817142aa7d8fa7f0727.jpg,detr_object_crop,"{""method"": ""detr_object_crop"", ""label"": ""vase"", ""score"": 0.8477029204368591, ""box"": [86, 0, 1380, 1125]}"
db1d9c4c347cd4f68590263e718b84a319bd1984,stout,bing,,data/raw/bing/stout/oatmeal_stout_smooth_dark_pint_glass_-bottle_-can_-logo/000027.jpg,000027.jpg,847,1024,2025-10-04T18:26:37Z,e903d62839fac1a7,data/smart_cropped/db1d9c4c347cd4f68590263e718b84a319bd1984.jpg,detr_object_crop,"{""method"": ""detr_object_crop"", ""label"": ""cup"", ""score"": 0.996364951133728, ""box"": [72, 168, 475, 847]}"
a3131050235ff5e159a721d245d03729fbfc7c43,stout,bing,,data/raw/bing/stout/oatmeal_stout_smooth_dark_pint_glass_-bottle_-can_-logo/000019.jpg,000019.jpg,999,1690,2025-10-04T18:26:37Z,b04ace256d3d7193,data/smart_cropped/a3131050235ff5e159a721d245d03729fbfc7c43.jpg,center_square_fallback,"{""method"": ""center_square_fallback"", ""label"": null, ""score"": null, ""box"": [0, 345, 999, 1344]}"
05f1db1438f0362c93d881a8b8a291b31ed9f014,stout,bing,,data/raw/bing/stout/oatmeal_stout_smooth_dark_pint_glass_-bottle_-can_-logo/000031.jpg,000031.jpg,683,763,2025-10-04T18:26:37Z,add2d23c69c19e0d,data/smart_cropped/05f1db1438f0362c93d881a8b8a291b31ed9f014.jpg,detr_object_crop,"{""method"": ""detr_object_crop"", ""label"": ""frisbee"", ""score"": 0.7843117713928223, ""box"": [0, 0, 645, 763]}"
871761f403c9b0eb67bbc3c556397ff59216473c,stout,bing,,data/raw/bing/stout/oatmeal_stout_smooth_dark_pint_glass_-bottle_-can_-logo/000024.jpg,000024.jpg,1024,576,2025-10-04T18:26:37Z,d11465d994a56b2f,data/smart_cropped/871761f403c9b0eb67bbc3c556397ff59216473c.jpg,detr_object_crop,"{""method"": ""detr_object_crop"", ""label"": ""stop sign"", ""score"": 0.9923142790794373, ""box"": [274, 0, 993, 576]}"
b4fec2a16a20999ecbb8612a3267bdec79b6e08f,stout,bing,,data/raw/bing/stout/oatmeal_stout_smooth_dark_pint_glass_-bottle_-can_-logo/000030.jpg,000030.jpg,800,800,2025-10-04T18:26:37Z,e69a9a9939656692,data/smart_cropped/b4fec2a16a20999ecbb8612a3267bdec79b6e08f.jpg,detr_object_crop,"{""method"": ""detr_object_crop"", ""label"": ""bottle"", ""score"": 0.8559148907661438, ""box"": [236, 0, 580, 800]}"
9c8a4fb887ac441200b2f3b69fd6ed58351928dd,stout,bing,,data/raw/bing/stout/oatmeal_stout_smooth_dark_pint_glass_-bottle_-can_-logo/000018.jpg,000018.jpg,1484,2239,2025-10-04T18:26:37Z,ee1795682ea9c495,data/smart_cropped/9c8a4fb887ac441200b2f3b69fd6ed58351928dd.jpg,detr_object_crop,"{""method"": ""detr_object_crop"", ""label"": ""bottle"", ""score"": 0.9988866448402405, ""box"": [0, 0, 710, 2239]}"
1af4be4b86a63342cba8df6e13986af7697d805f,stout,bing,,data/raw/bing/stout/oatmeal_stout_smooth_dark_pint_glass_-bottle_-can_-logo/000034.jpg,000034.jpg,1000,700,2025-10-04T18:26:37Z,c21c7c63a7acbc58,data/smart_cropped/1af4be4b86a63342cba8df6e13986af7697d805f.jpg,detr_object_crop,"{""method"": ""detr_object_crop"", ""label"": ""cup"", ""score"": 0.9871498346328735, ""box"": [515, 141, 1000, 700]}"
c0de397275a28b102f0acfc4c9a3f60de51843b8,stout,bing,,data/raw/bing/stout/oatmeal_stout_smooth_dark_pint_glass_-bottle_-can_-logo/000020.jpg,000020.jpg,1600,1157,2025-10-04T18:26:37Z,b585c54fa33a3a38,data/smart_cropped/c0de397275a28b102f0acfc4c9a3f60de51843b8.jpg,detr_object_crop,"{""method"": ""detr_object_crop"", ""label"": ""clock"", ""score"": 0.7830984592437744, ""box"": [201, 0, 937, 1131]}"
0e3a1d57b5b1431454f76cdd18aa59c70dc5f514,stout,bing,,data/raw/bing/stout/oatmeal_stout_smooth_dark_pint_glass_-bottle_-can_-logo/000008.jpg,000008.jpg,1000,1333,2025-10-04T18:26:37Z,bfc2d0345fd27448,data/smart_cropped/0e3a1d57b5b1431454f76cdd18aa59c70dc5f514.jpg,detr_object_crop,"{""method"": ""detr_object_crop"", ""label"": ""cup"", ""score"": 0.9717307090759277, ""box"": [0, 45, 918, 1146]}"
e78f0b92319345a4d636cc40c63a87afeda55679,stout,bing,,data/raw/bing/stout/oatmeal_stout_smooth_dark_pint_glass_-bottle_-can_-logo/000009.jpg,000009.jpg,601,900,2025-10-04T18:26:37Z,e59b9a649a653398,data/smart_cropped/e78f0b92319345a4d636cc40c63a87afeda55679.jpg,detr_object_crop,"{""method"": ""detr_object_crop"", ""label"": ""cup"", ""score"": 0.9046658277511597, ""box"": [77, 82, 518, 844]}"
8dd87d6a6609cb0f891a1cf4f86f45e09c92fe24,stout,bing,,data/raw/bing/stout/oatmeal_stout_smooth_dark_pint_glass_-bottle_-can_-logo/000021.jpg,000021.jpg,866,1390,2025-10-04T18:26:37Z,b6cc59b2ec9960cc,data/smart_cropped/8dd87d6a6609cb0f891a1cf4f86f45e09c92fe24.jpg,center_square_fallback,"{""method"": ""center_square_fallback"", ""label"": null, ""score"": null, ""box"": [0, 262, 866, 1128]}"
dbd227b23f7d1d152afc9261592b04787c436736,stout,bing,,data/raw/bing/stout/oatmeal_stout_smooth_dark_pint_glass_-bottle_-can_-logo/000035.jpg,000035.jpg,570,612,2025-10-04T18:26:37Z,eb699694794a6269,data/smart_cropped/dbd227b23f7d1d152afc9261592b04787c436736.jpg,detr_object_crop,"{""method"": ""detr_object_crop"", ""label"": ""fork"", ""score"": 0.8904879093170166, ""box"": [116, 511, 479, 612]}"
8564e017f9387e96f9a26e876506741c831d153c,stout,bing,,data/raw/bing/stout/oatmeal_stout_smooth_dark_pint_glass_-bottle_-can_-logo/000023.jpg,000023.jpg,2084,2605,2025-10-04T18:26:37Z,e1ac8ee2b61b5899,data/smart_cropped/8564e017f9387e96f9a26e876506741c831d153c.jpg,detr_object_crop,"{""method"": ""detr_object_crop"", ""label"": ""cup"", ""score"": 0.9726678133010864, ""box"": [411, 0, 1677, 2463]}"
6e59a3a48aca0c98b69d2654c0ba6896d3c0128f,stout,bing,,data/raw/bing/stout/oatmeal_stout_smooth_dark_pint_glass_-bottle_-can_-logo/000022.jpg,000022.jpg,1300,1065,2025-10-04T18:26:37Z,98e34e98679c718e,data/smart_cropped/6e59a3a48aca0c98b69d2654c0ba6896d3c0128f.jpg,detr_object_crop,"{""method"": ""detr_object_crop"", ""label"": ""cup"", ""score"": 0.9272879958152771, ""box"": [0, 0, 678, 1065]}"
40f174d5989379796f2d2649ed01cbf5fce98bf8,stout,bing,,data/raw/bing/stout/oatmeal_stout_smooth_dark_pint_glass_-bottle_-can_-logo/000045.jpg,000045.jpg,1200,630,2025-10-04T18:26:37Z,bc81d36cd99f1c90,data/smart_cropped/40f174d5989379796f2d2649ed01cbf5fce98bf8.jpg,detr_object_crop,"{""method"": ""detr_object_crop"", ""label"": ""banana"", ""score"": 0.8791362047195435, ""box"": [132, 0, 972, 630]}"
667e237d61fb84ac82eb8e3ef86fee9ef1c7dc76,stout,bing,,data/raw/bing/stout/oatmeal_stout_smooth_dark_pint_glass_-bottle_-can_-logo/000044.jpg,000044.jpg,720,593,2025-10-04T18:26:37Z,bbb5b44ac44b946a,data/smart_cropped/667e237d61fb84ac82eb8e3ef86fee9ef1c7dc76.jpg,detr_object_crop,"{""method"": ""detr_object_crop"", ""label"": ""cup"", ""score"": 0.9915199875831604, ""box"": [405, 145, 720, 592]}"
832c46b2176604782756511b29565eb1f1588199,stout,bing,,data/raw/bing/stout/oatmeal_stout_smooth_dark_pint_glass_-bottle_-can_-logo/000046.jpg,000046.jpg,736,552,2025-10-04T18:26:37Z,b9e0d61b42d42de6,data/smart_cropped/832c46b2176604782756511b29565eb1f1588199.jpg,detr_object_crop,"{""method"": ""detr_object_crop"", ""label"": ""cup"", ""score"": 0.9920852780342102, ""box"": [356, 42, 583, 337]}"
044c768aa5aff54bc655ba038ec45b0e12019b7b,stout,bing,,data/raw/bing/stout/oatmeal_stout_smooth_dark_pint_glass_-bottle_-can_-logo/000047.jpg,000047.jpg,1024,969,2025-10-04T18:26:37Z,c83d2fc774c2c30d,data/smart_cropped/044c768aa5aff54bc655ba038ec45b0e12019b7b.jpg,detr_object_crop,"{""method"": ""detr_object_crop"", ""label"": ""spoon"", ""score"": 0.9754085540771484, ""box"": [422, 153, 880, 747]}"
631c83e4340397203fe70dbf82422045cc701f88,stout,bing,,data/raw/bing/stout/oatmeal_stout_smooth_dark_pint_glass_-bottle_-can_-logo/000043.jpg,000043.jpg,2988,2827,2025-10-04T18:26:37Z,c83d2fc774c2c30d,data/smart_cropped/631c83e4340397203fe70dbf82422045cc701f88.jpg,detr_object_crop,"{""method"": ""detr_object_crop"", ""label"": ""spoon"", ""score"": 0.9284853339195251, ""box"": [2207, 398, 2988, 2233]}"
df55c874218ea1d08bc64cf51900cc21615a0996,stout,bing,,data/raw/bing/stout/oatmeal_stout_smooth_dark_pint_glass_-bottle_-can_-logo/000042.jpg,000042.jpg,2008,2560,2025-10-04T18:26:37Z,c0c033f76a4d359b,data/smart_cropped/df55c874218ea1d08bc64cf51900cc21615a0996.jpg,center_square_fallback,"{""method"": ""center_square_fallback"", ""label"": null, ""score"": null, ""box"": [0, 276, 2008, 2284]}"
8df335d6a6523add14071407fde4883fbe845fcd,stout,bing,,data/raw/bing/stout/oatmeal_stout_smooth_dark_pint_glass_-bottle_-can_-logo/000048.jpg,000048.jpg,1000,1000,2025-10-04T18:26:37Z,b1c7c7303231cf99,data/smart_cropped/8df335d6a6523add14071407fde4883fbe845fcd.jpg,detr_object_crop,"{""method"": ""detr_object_crop"", ""label"": ""vase"", ""score"": 0.8088798522949219, ""box"": [234, 0, 764, 1000]}"
e90086fcb69713739cea28b52db0b8497b7bf555,stout,bing,,data/raw/bing/stout/oatmeal_stout_smooth_dark_pint_glass_-bottle_-can_-logo/000007.jpg,000007.jpg,512,512,2025-10-04T18:26:37Z,e66d8c9a98939933,data/smart_cropped/e90086fcb69713739cea28b52db0b8497b7bf555.jpg,detr_object_crop,"{""method"": ""detr_object_crop"", ""label"": ""parking meter"", ""score"": 0.8618114590644836, ""box"": [123, 0, 391, 512]}"
22bbc6e252b220dc4904292139b4b5d7d98d53f7,stout,bing,,data/raw/bing/stout/oatmeal_stout_smooth_dark_pint_glass_-bottle_-can_-logo/000013.jpg,000013.jpg,614,1500,2025-10-04T18:26:37Z,eb96d0ce8b393132,data/smart_cropped/22bbc6e252b220dc4904292139b4b5d7d98d53f7.jpg,detr_object_crop,"{""method"": ""detr_object_crop"", ""label"": ""bottle"", ""score"": 0.9902656674385071, ""box"": [66, 4, 541, 1482]}"
078c750c6d08cb0b13e6eae8518f671b0ae1021e,stout,bing,,data/raw/bing/stout/oatmeal_stout_smooth_dark_pint_glass_-bottle_-can_-logo/000012.jpg,000012.jpg,800,800,2025-10-04T18:26:37Z,de1899c639c76469,data/smart_cropped/078c750c6d08cb0b13e6eae8518f671b0ae1021e.jpg,detr_object_crop,"{""method"": ""detr_object_crop"", ""label"": ""dining table"", ""score"": 0.8620548248291016, ""box"": [0, 389, 800, 800]}"
478b1dc84aed19bc9dcc7c3d872c173471e3727b,stout,bing,,data/raw/bing/stout/oatmeal_stout_smooth_dark_pint_glass_-bottle_-can_-logo/000010.jpg,000010.jpg,800,533,2025-10-04T18:26:37Z,fb88c336769d09c8,data/smart_cropped/478b1dc84aed19bc9dcc7c3d872c173471e3727b.jpg,detr_object_crop,"{""method"": ""detr_object_crop"", ""label"": ""cup"", ""score"": 0.9239926934242249, ""box"": [258, 65, 541, 523]}"
3fc2ec143e02b4e6f1fbc54188f6594e9d8dce5e,stout,bing,,data/raw/bing/stout/oatmeal_stout_smooth_dark_pint_glass_-bottle_-can_-logo/000004.jpg,000004.jpg,900,1200,2025-10-04T18:26:37Z,e51c8dc396e1da34,data/smart_cropped/3fc2ec143e02b4e6f1fbc54188f6594e9d8dce5e.jpg,detr_object_crop,"{""method"": ""detr_object_crop"", ""label"": ""cup"", ""score"": 0.9902238249778748, ""box"": [122, 78, 762, 1153]}"
c1b9d8b9c7143ce1e8d2830a5f84188d5e01c5bd,stout,bing,,data/raw/bing/stout/oatmeal_stout_smooth_dark_pint_glass_-bottle_-can_-logo/000005.jpg,000005.jpg,667,1000,2025-10-04T18:26:37Z,e5db9a649a246b89,data/smart_cropped/c1b9d8b9c7143ce1e8d2830a5f84188d5e01c5bd.jpg,center_square_fallback,"{""method"": ""center_square_fallback"", ""label"": null, ""score"": null, ""box"": [0, 166, 667, 833]}"
e1151f91f2a667e924e8212128865e2fc05da324,stout,bing,,data/raw/bing/stout/oatmeal_stout_smooth_dark_pint_glass_-bottle_-can_-logo/000039.jpg,000039.jpg,2000,2000,2025-10-04T18:26:37Z,bd2fd0d26cc1d2d0,data/smart_cropped/e1151f91f2a667e924e8212128865e2fc05da324.jpg,detr_object_crop,"{""method"": ""detr_object_crop"", ""label"": ""bottle"", ""score"": 0.9965793490409851, ""box"": [1474, 803, 1957, 1676]}"
340dafb2b6721ab4635f3b92b2c10629e344d874,stout,bing,,data/raw/bing/stout/oatmeal_stout_smooth_dark_pint_glass_-bottle_-can_-logo/000029.jpg,000029.jpg,2780,3567,2025-10-04T18:26:37Z,db61790e9899f909,data/smart_cropped/340dafb2b6721ab4635f3b92b2c10629e344d874.jpg,detr_object_crop,"{""method"": ""detr_object_crop"", ""label"": ""bottle"", ""score"": 0.9348661303520203, ""box"": [611, 0, 2306, 3567]}"
7a442aacb96d4c0c329cb45f38ff5072f1256a71,stout,bing,,data/raw/bing/stout/oatmeal_stout_smooth_dark_pint_glass_-bottle_-can_-logo/000028.jpg,000028.jpg,720,1080,2025-10-04T18:26:37Z,e208ff5609271cb7,data/smart_cropped/7a442aacb96d4c0c329cb45f38ff5072f1256a71.jpg,detr_object_crop,"{""method"": ""detr_object_crop"", ""label"": ""dining table"", ""score"": 0.9762475490570068, ""box"": [0, 659, 720, 1080]}"
43f313e84e9bed11c5177989ae3038f2bcda2367,stout,bing,,data/raw/bing/stout/oatmeal_stout_smooth_dark_pint_glass_-bottle_-can_-logo/000014.jpg,000014.jpg,768,1024,2025-10-04T18:26:37Z,badbb13805c2ca75,data/smart_cropped/43f313e84e9bed11c5177989ae3038f2bcda2367.jpg,detr_object_crop,"{""method"": ""detr_object_crop"", ""label"": ""bowl"", ""score"": 0.8911391496658325, ""box"": [30, 246, 594, 536]}"
10b40d7872953c8bf8c26a2fc2276f6b8404981c,stout,bing,,data/raw/bing/stout/oatmeal_stout_smooth_dark_pint_glass_-bottle_-can_-logo/000002.jpg,000002.jpg,729,1023,2025-10-04T18:26:37Z,b19e87a598613b72,data/smart_cropped/10b40d7872953c8bf8c26a2fc2276f6b8404981c.jpg,detr_object_crop,"{""method"": ""detr_object_crop"", ""label"": ""cup"", ""score"": 0.9876573085784912, ""box"": [32, 0, 690, 1010]}"
a3448e18d6855d985565a4f3b0329dad7d0a6864,stout,bing,,data/raw/bing/stout/oatmeal_stout_smooth_dark_pint_glass_-bottle_-can_-logo/000016.jpg,000016.jpg,1080,1080,2025-10-04T18:26:37Z,a48cdb338e4e8cce,data/smart_cropped/a3448e18d6855d985565a4f3b0329dad7d0a6864.jpg,detr_object_crop,"{""method"": ""detr_object_crop"", ""label"": ""wine glass"", ""score"": 0.9768507480621338, ""box"": [242, 186, 842, 994]}"
cf8cb9dc93068e5cf12b926df2ddb5edc2c80125,stout,bing,,data/raw/bing/stout/oatmeal_stout_smooth_dark_pint_glass_-bottle_-can_-logo/000003.jpg,000003.jpg,919,1390,2025-10-04T18:26:37Z,ecafc683d6855286,data/smart_cropped/cf8cb9dc93068e5cf12b926df2ddb5edc2c80125.jpg,center_square_fallback,"{""method"": ""center_square_fallback"", ""label"": null, ""score"": null, ""box"": [0, 235, 919, 1154]}"
dbf96189f893b14db5766d0c149847d426f76be7,porter,bing,,data/raw/bing/porter/porter_beer_nonic_pint_ruby_highlights_-bottle_-can_-logo_-mockup/000026.jpg,000026.jpg,700,700,2025-10-04T18:27:49Z,e46c1933c699ce33,data/smart_cropped/dbf96189f893b14db5766d0c149847d426f76be7.jpg,detr_object_crop,"{""method"": ""detr_object_crop"", ""label"": ""wine glass"", ""score"": 0.9914305806159973, ""box"": [218, 214, 479, 618]}"
893fb8b6145dc5d4b43fffae6c28ce99c3600647,porter,bing,,data/raw/bing/porter/porter_beer_nonic_pint_ruby_highlights_-bottle_-can_-logo_-mockup/000033.jpg,000033.jpg,566,565,2025-10-04T18:27:49Z,accb369e24c9963c,data/smart_cropped/893fb8b6145dc5d4b43fffae6c28ce99c3600647.jpg,center_square_fallback,"{""method"": ""center_square_fallback"", ""label"": null, ""score"": null, ""box"": [0, 0, 565, 565]}"
403c8756ec167ee4d738c0b297aac316f0b4edda,porter,bing,,data/raw/bing/porter/porter_beer_nonic_pint_ruby_highlights_-bottle_-can_-logo_-mockup/000027.jpg,000027.jpg,640,1064,2025-10-04T18:27:49Z,afc0d4f5d43e9a20,data/smart_cropped/403c8756ec167ee4d738c0b297aac316f0b4edda.jpg,center_square_fallback,"{""method"": ""center_square_fallback"", ""label"": null, ""score"": null, ""box"": [0, 212, 640, 852]}"
5310a5257c7ae11d8f8022d696d6539b41bfbc47,porter,bing,,data/raw/bing/porter/porter_beer_nonic_pint_ruby_highlights_-bottle_-can_-logo_-mockup/000031.jpg,000031.jpg,1600,1067,2025-10-04T18:27:49Z,f68c993126669973,data/smart_cropped/5310a5257c7ae11d8f8022d696d6539b41bfbc47.jpg,detr_object_crop,"{""method"": ""detr_object_crop"", ""label"": ""cup"", ""score"": 0.9978323578834534, ""box"": [520, 45, 1098, 1002]}"
7ee134ca631b720ce5d7b1b83bfcc9ee14fb80f9,porter,bing,,data/raw/bing/porter/porter_beer_nonic_pint_ruby_highlights_-bottle_-can_-logo_-mockup/000025.jpg,000025.jpg,1600,1690,2025-10-04T18:27:49Z,b6c6c1914f695996,data/smart_cropped/7ee134ca631b720ce5d7b1b83bfcc9ee14fb80f9.jpg,center_square_fallback,"{""method"": ""center_square_fallback"", ""label"": null, ""score"": null, ""box"": [0, 45, 1600, 1645]}"
4e966cf16170c452f238ce21c9ba883a80259ab7,porter,bing,,data/raw/bing/porter/porter_beer_nonic_pint_ruby_highlights_-bottle_-can_-logo_-mockup/000024.jpg,000024.jpg,900,1200,2025-10-04T18:27:49Z,edc1d13ec6689338,data/smart_cropped/4e966cf16170c452f238ce21c9ba883a80259ab7.jpg,detr_object_crop,"{""method"": ""detr_object_crop"", ""label"": ""cup"", ""score"": 0.9990154504776001, ""box"": [20, 454, 512, 1200]}"
33ce1f17c52f4f9cba6da61b319db9b1de83994f,porter,bing,,data/raw/bing/porter/porter_beer_nonic_pint_ruby_highlights_-bottle_-can_-logo_-mockup/000030.jpg,000030.jpg,1280,720,2025-10-04T18:27:49Z,f99442e395c46f13,data/smart_cropped/33ce1f17c52f4f9cba6da61b319db9b1de83994f.jpg,detr_object_crop,"{""method"": ""detr_object_crop"", ""label"": ""wine glass"", ""score"": 0.9664320349693298, ""box"": [138, 0, 619, 720]}"
d5001814ea666eaa3760bfe01e02249ec2ec1d9c,porter,bing,,data/raw/bing/porter/porter_beer_nonic_pint_ruby_highlights_-bottle_-can_-logo_-mockup/000034.jpg,000034.jpg,2000,2000,2025-10-04T18:27:49Z,bf94c04b07b47a93,data/smart_cropped/d5001814ea666eaa3760bfe01e02249ec2ec1d9c.jpg,detr_object_crop,"{""method"": ""detr_object_crop"", ""label"": ""tie"", ""score"": 0.996393620967865, ""box"": [114, 882, 563, 1515]}"
113a4b573ee33e2d420eba50e6a3dfee362f528f,porter,bing,,data/raw/bing/porter/porter_beer_nonic_pint_ruby_highlights_-bottle_-can_-logo_-mockup/000020.jpg,000020.jpg,1417,1535,2025-10-04T18:27:49Z,96de6830394d6796,data/smart_cropped/113a4b573ee33e2d420eba50e6a3dfee362f528f.jpg,detr_object_crop,"{""method"": ""detr_object_crop"", ""label"": ""stop sign"", ""score"": 0.951202392578125, ""box"": [44, 605, 1407, 1075]}"
589ee6cb7d426c5877d918a8b34f2b273160d21f,porter,bing,,data/raw/bing/porter/porter_beer_nonic_pint_ruby_highlights_-bottle_-can_-logo_-mockup/000008.jpg,000008.jpg,768,1024,2025-10-04T18:27:49Z,846a1dbb62cc9dc5,data/smart_cropped/589ee6cb7d426c5877d918a8b34f2b273160d21f.jpg,detr_object_crop,"{""method"": ""detr_object_crop"", ""label"": ""cup"", ""score"": 0.998964786529541, ""box"": [195, 145, 477, 551]}"
aa85a72094242880519466ec904d92950a6c719f,porter,bing,,data/raw/bing/porter/porter_beer_nonic_pint_ruby_highlights_-bottle_-can_-logo_-mockup/000021.jpg,000021.jpg,3024,4032,2025-10-04T18:27:49Z,bd93c6c5782e05b8,data/smart_cropped/aa85a72094242880519466ec904d92950a6c719f.jpg,detr_object_crop,"{""method"": ""detr_object_crop"", ""label"": ""cup"", ""score"": 0.9968433380126953, ""box"": [306, 523, 1812, 3177]}"
fd4bb776b3348f3c73b0adf080fbd47f21dc1acd,porter,bing,,data/raw/bing/porter/porter_beer_nonic_pint_ruby_highlights_-bottle_-can_-logo_-mockup/000035.jpg,000035.jpg,1080,1080,2025-10-04T18:27:49Z,adcb34cd34c930cb,data/smart_cropped/fd4bb776b3348f3c73b0adf080fbd47f21dc1acd.jpg,detr_object_crop,"{""method"": ""detr_object_crop"", ""label"": ""cup"", ""score"": 0.7466704845428467, ""box"": [130, 9, 932, 1080]}"
6b9957d78f2c85fe5352c61dee08cfaf60f3de99,porter,bing,,data/raw/bing/porter/porter_beer_nonic_pint_ruby_highlights_-bottle_-can_-logo_-mockup/000022.jpg,000022.jpg,843,1499,2025-10-04T18:27:49Z,b193c3cc66747661,data/smart_cropped/6b9957d78f2c85fe5352c61dee08cfaf60f3de99.jpg,detr_object_crop,"{""method"": ""detr_object_crop"", ""label"": ""bottle"", ""score"": 0.9984075427055359, ""box"": [162, 0, 674, 1499]}"
8859ae0f0a00a74b28a70fc47b43998c9f26da2b,porter,bing,,data/raw/bing/porter/porter_beer_nonic_pint_ruby_highlights_-bottle_-can_-logo_-mockup/000007.jpg,000007.jpg,1200,1200,2025-10-04T18:27:49Z,b641c9f8fc3e6034,data/smart_cropped/8859ae0f0a00a74b28a70fc47b43998c9f26da2b.jpg,detr_object_crop,"{""method"": ""detr_object_crop"", ""label"": ""cup"", ""score"": 0.9985666871070862, ""box"": [139, 73, 884, 1171]}"
750a8ecbb78e3d25f46bcea8e24211ec1f1062aa,porter,bing,,data/raw/bing/porter/porter_beer_nonic_pint_ruby_highlights_-bottle_-can_-logo_-mockup/000012.jpg,000012.jpg,624,713,2025-10-04T18:27:49Z,95916a273f3a69c8,data/smart_cropped/750a8ecbb78e3d25f46bcea8e24211ec1f1062aa.jpg,detr_object_crop,"{""method"": ""detr_object_crop"", ""label"": ""cup"", ""score"": 0.9980410933494568, ""box"": [10, 60, 397, 701]}"
5f239c98e0ed74a1b83f0e26f59ed23448a3f55d,porter,bing,,data/raw/bing/porter/porter_beer_nonic_pint_ruby_highlights_-bottle_-can_-logo_-mockup/000010.jpg,000010.jpg,1200,1200,2025-10-04T18:27:49Z,c30e9c5d0fe5612d,data/smart_cropped/5f239c98e0ed74a1b83f0e26f59ed23448a3f55d.jpg,detr_object_crop,"{""method"": ""detr_object_crop"", ""label"": ""cup"", ""score"": 0.9768417477607727, ""box"": [208, 0, 999, 1200]}"
cc980d7cc36e3a03623e0da2ed12978c3792c018,porter,bing,,data/raw/bing/porter/porter_beer_nonic_pint_ruby_highlights_-bottle_-can_-logo_-mockup/000004.jpg,000004.jpg,900,900,2025-10-04T18:27:49Z,fcdfc606a8296874,data/smart_cropped/cc980d7cc36e3a03623e0da2ed12978c3792c018.jpg,detr_object_crop,"{""method"": ""detr_object_crop"", ""label"": ""cup"", ""score"": 0.9984773993492126, ""box"": [140, 0, 755, 900]}"
90b4d4d668ede7d2d0196c025a8e72fd5f15f3e0,porter,bing,,data/raw/bing/porter/porter_beer_nonic_pint_ruby_highlights_-bottle_-can_-logo_-mockup/000005.jpg,000005.jpg,1885,1258,2025-10-04T18:27:49Z,d1e3c6867c3c3c38,data/smart_cropped/90b4d4d668ede7d2d0196c025a8e72fd5f15f3e0.jpg,center_square_fallback,"{""method"": ""center_square_fallback"", ""label"": null, ""score"": null, ""box"": [313, 0, 1571, 1258]}"
5906966daea83487ee1b5d8342de729e37636664,porter,bing,,data/raw/bing/porter/porter_beer_nonic_pint_ruby_highlights_-bottle_-can_-logo_-mockup/000015.jpg,000015.jpg,1552,1600,2025-10-04T18:27:49Z,b00ccf53cf32743c,data/smart_cropped/5906966daea83487ee1b5d8342de729e37636664.jpg,detr_object_crop,"{""method"": ""detr_object_crop"", ""label"": ""cup"", ""score"": 0.9965240359306335, ""box"": [277, 60, 1171, 1521]}"
b344d627609060cdd2b7cd14b53f479855a4337a,porter,bing,,data/raw/bing/porter/porter_beer_nonic_pint_ruby_highlights_-bottle_-can_-logo_-mockup/000001.jpg,000001.jpg,1200,1200,2025-10-04T18:27:49Z,92cc4d7b65713266,data/smart_cropped/b344d627609060cdd2b7cd14b53f479855a4337a.jpg,detr_object_crop,"{""method"": ""detr_object_crop"", ""label"": ""cup"", ""score"": 0.9924576282501221, ""box"": [249, 58, 936, 1182]}"
868a2ec88dcc6ff98e1aaece13c6d0cf78bad7a0,porter,bing,,data/raw/bing/porter/porter_beer_nonic_pint_ruby_highlights_-bottle_-can_-logo_-mockup/000029.jpg,000029.jpg,1000,1000,2025-10-04T18:27:49Z,b8cbc638c732cb64,data/smart_cropped/868a2ec88dcc6ff98e1aaece13c6d0cf78bad7a0.jpg,detr_object_crop,"{""method"": ""detr_object_crop"", ""label"": ""cup"", ""score"": 0.7357240319252014, ""box"": [217, 29, 788, 944]}"
31fa6b926592334d29c9ee19a8ddee7a7c6f8d58,porter,bing,,data/raw/bing/porter/porter_beer_nonic_pint_ruby_highlights_-bottle_-can_-logo_-mockup/000028.jpg,000028.jpg,1600,1144,2025-10-04T18:27:49Z,c9c1a60eb733b271,data/smart_cropped/31fa6b926592334d29c9ee19a8ddee7a7c6f8d58.jpg,detr_object_crop,"{""method"": ""detr_object_crop"", ""label"": ""parking meter"", ""score"": 0.9263428449630737, ""box"": [327, 72, 903, 1144]}"
0eb919978f0e7b6b40fea23b28b4ea371022aeb8,porter,bing,,data/raw/bing/porter/porter_beer_nonic_pint_ruby_highlights_-bottle_-can_-logo_-mockup/000014.jpg,000014.jpg,1300,943,2025-10-04T18:27:49Z,ef9418c976a468cb,data/smart_cropped/0eb919978f0e7b6b40fea23b28b4ea371022aeb8.jpg,detr_object_crop,"{""method"": ""detr_object_crop"", ""label"": ""cup"", ""score"": 0.9992572665214539, ""box"": [517, 169, 966, 869]}"
a7dfe6f1bfd51968874c87df40714416ad181b1c,porter,bing,,data/raw/bing/porter/porter_beer_nonic_pint_ruby_highlights_-bottle_-can_-logo_-mockup/000002.jpg,000002.jpg,1280,720,2025-10-04T18:27:49Z,cccd8c37639037cc,data/smart_cropped/a7dfe6f1bfd51968874c87df40714416ad181b1c.jpg,detr_object_crop,"{""method"": ""detr_object_crop"", ""label"": ""dining table"", ""score"": 0.8938067555427551, ""box"": [0, 391, 1280, 720]}"
3b5fbe41e73d40f750d49ee03602fd2c2daf4e1f,porter,bing,,data/raw/bing/porter/porter_beer_nonic_pint_ruby_highlights_-bottle_-can_-logo_-mockup/000016.jpg,000016.jpg,1000,1080,2025-10-04T18:27:49Z,fada1aad25b13093,data/smart_cropped/3b5fbe41e73d40f750d49ee03602fd2c2daf4e1f.jpg,center_square_fallback,"{""method"": ""center_square_fallback"", ""label"": null, ""score"": null, ""box"": [0, 40, 1000, 1040]}"
33f0c4a6aa9427628a4fbd5c61956ab4c46dc2c2,porter,bing,,data/raw/bing/porter/porter_beer_nonic_pint_ruby_highlights_-bottle_-can_-logo_-mockup/000003.jpg,000003.jpg,700,700,2025-10-04T18:27:49Z,bdc3c23c9cd09a66,data/smart_cropped/33f0c4a6aa9427628a4fbd5c61956ab4c46dc2c2.jpg,detr_object_crop,"{""method"": ""detr_object_crop"", ""label"": ""wine glass"", ""score"": 0.9933472871780396, ""box"": [46, 140, 406, 700]}"
46275f8e975c86b79e53bb7d2088089db75ae1fd,porter,bing,,data/raw/bing/porter/robust_porter_in_glass_bar_lighting_-bottle_-can_-logo/000026.jpg,000026.jpg,1000,1620,2025-10-04T18:29:13Z,ac5bd816616167ad,data/smart_cropped/46275f8e975c86b79e53bb7d2088089db75ae1fd.jpg,center_square_fallback,"{""method"": ""center_square_fallback"", ""label"": null, ""score"": null, ""box"": [0, 310, 1000, 1310]}"
5554bc1a3ab6adfa063c3420e40cd822fedf24dd,porter,bing,,data/raw/bing/porter/robust_porter_in_glass_bar_lighting_-bottle_-can_-logo/000032.jpg,000032.jpg,800,534,2025-10-04T18:29:13Z,8c6c6533333333cd,data/smart_cropped/5554bc1a3ab6adfa063c3420e40cd822fedf24dd.jpg,center_square_fallback,"{""method"": ""center_square_fallback"", ""label"": null, ""score"": null, ""box"": [133, 0, 667, 534]}"
4e9bfbd56aed09b04fe3085284a35c5804f44576,porter,bing,,data/raw/bing/porter/robust_porter_in_glass_bar_lighting_-bottle_-can_-logo/000033.jpg,000033.jpg,759,800,2025-10-04T18:29:13Z,93ec6a1c1546c7b6,data/smart_cropped/4e9bfbd56aed09b04fe3085284a35c5804f44576.jpg,center_square_fallback,"{""method"": ""center_square_fallback"", ""label"": null, ""score"": null, ""box"": [0, 20, 759, 779]}"
53bd55b5941fd55c76d7661ffe4fdffdeea0e7c8,porter,bing,,data/raw/bing/porter/robust_porter_in_glass_bar_lighting_-bottle_-can_-logo/000027.jpg,000027.jpg,1001,1600,2025-10-04T18:29:13Z,e4acc896dab461bc,data/smart_cropped/53bd55b5941fd55c76d7661ffe4fdffdeea0e7c8.jpg,detr_object_crop,"{""method"": ""detr_object_crop"", ""label"": ""vase"", ""score"": 0.9925332069396973, ""box"": [177, 44, 819, 1453]}"
d59a38915969ca8b8ab8ed61f7e5d9b5e296722a,porter,bing,,data/raw/bing/porter/robust_porter_in_glass_bar_lighting_-bottle_-can_-logo/000019.jpg,000019.jpg,900,900,2025-10-04T18:29:13Z,e5989b6698659a33,data/smart_cropped/d59a38915969ca8b8ab8ed61f7e5d9b5e296722a.jpg,detr_object_crop,"{""method"": ""detr_object_crop"", ""label"": ""wine glass"", ""score"": 0.8305490016937256, ""box"": [210, 26, 700, 847]}"
290376b0c0b2fa3d984fe46d0df18d422130ff37,porter,bing,,data/raw/bing/porter/robust_porter_in_glass_bar_lighting_-bottle_-can_-logo/000031.jpg,000031.jpg,838,1200,2025-10-04T18:29:13Z,fa6f6c39859491c1,data/smart_cropped/290376b0c0b2fa3d984fe46d0df18d422130ff37.jpg,detr_object_crop,"{""method"": ""detr_object_crop"", ""label"": ""cup"", ""score"": 0.9936003684997559, ""box"": [31, 0, 819, 1200]}"
b88b3ffc01a60aa22caf7ddda0df2f2c4b64839d,porter,bing,,data/raw/bing/porter/robust_porter_in_glass_bar_lighting_-bottle_-can_-logo/000025.jpg,000025.jpg,1920,1000,2025-10-04T18:29:13Z,ab2bc4d43a2b2b2b,data/smart_cropped/b88b3ffc01a60aa22caf7ddda0df2f2c4b64839d.jpg,detr_object_crop,"{""method"": ""detr_object_crop"", ""label"": ""wine glass"", ""score"": 0.999201238155365, ""box"": [1300, 26, 1881, 995]}"
99da9857e6c1e070318361c6a374e8e1d5c31ed0,porter,bing,,data/raw/bing/porter/robust_porter_in_glass_bar_lighting_-bottle_-can_-logo/000024.jpg,000024.jpg,1280,720,2025-10-04T18:29:13Z,e0c68713bcf0836f,data/smart_cropped/99da9857e6c1e070318361c6a374e8e1d5c31ed0.jpg,detr_object_crop,"{""method"": ""detr_object_crop"", ""label"": ""person"", ""score"": 0.9980435371398926, ""box"": [596, 0, 1190, 720]}"
04138cd1490a663b87ff29fb1649f02fb97920d9,porter,bing,,data/raw/bing/porter/robust_porter_in_glass_bar_lighting_-bottle_-can_-logo/000030.jpg,000030.jpg,600,721,2025-10-04T18:29:13Z,f970878130ce1fba,data/smart_cropped/04138cd1490a663b87ff29fb1649f02fb97920d9.jpg,detr_object_crop,"{""method"": ""detr_object_crop"", ""label"": ""bottle"", ""score"": 0.9905360341072083, ""box"": [331, 84, 563, 617]}"
bd248a730a0137d6fd81803f20269f06633a36f0,porter,bing,,data/raw/bing/porter/robust_porter_in_glass_bar_lighting_-bottle_-can_-logo/000018.jpg,000018.jpg,600,603,2025-10-04T18:29:13Z,99996564673266ce,data/smart_cropped/bd248a730a0137d6fd81803f20269f06633a36f0.jpg,detr_object_crop,"{""method"": ""detr_object_crop"", ""label"": ""vase"", ""score"": 0.9904532432556152, ""box"": [146, 27, 455, 603]}"
688cad16ac1b09eb97f2c9668033172f936e13df,porter,bing,,data/raw/bing/porter/robust_porter_in_glass_bar_lighting_-bottle_-can_-logo/000034.jpg,000034.jpg,1500,1500,2025-10-04T18:29:13Z,8f84e0f80f87f0f8,data/smart_cropped/688cad16ac1b09eb97f2c9668033172f936e13df.jpg,detr_object_crop,"{""method"": ""detr_object_crop"", ""label"": ""wine glass"", ""score"": 0.99709153175354, ""box"": [154, 205, 817, 1500]}"
b0eb443ef514e6a03601d1d5630a2a88f6853784,porter,bing,,data/raw/bing/porter/robust_porter_in_glass_bar_lighting_-bottle_-can_-logo/000020.jpg,000020.jpg,1073,1800,2025-10-04T18:29:13Z,934ab66663b16999,data/smart_cropped/b0eb443ef514e6a03601d1d5630a2a88f6853784.jpg,detr_object_crop,"{""method"": ""detr_object_crop"", ""label"": ""vase"", ""score"": 0.9964221715927124, ""box"": [52, 0, 1060, 1800]}"
d125e2ec60e007d75a620ed0bcce3fd85eb28b41,porter,bing,,data/raw/bing/porter/robust_porter_in_glass_bar_lighting_-bottle_-can_-logo/000008.jpg,000008.jpg,1920,1278,2025-10-04T18:29:13Z,d74adcb60a417ab1,data/smart_cropped/d125e2ec60e007d75a620ed0bcce3fd85eb28b41.jpg,detr_object_crop,"{""method"": ""detr_object_crop"", ""label"": ""bottle"", ""score"": 0.9697142243385315, ""box"": [1198, 546, 1430, 834]}"
4235016e655504c0e610b32ded85c3583a59af6c,porter,bing,,data/raw/bing/porter/robust_porter_in_glass_bar_lighting_-bottle_-can_-logo/000021.jpg,000021.jpg,1500,1315,2025-10-04T18:29:13Z,c3a71cd63bcc9981,data/smart_cropped/4235016e655504c0e610b32ded85c3583a59af6c.jpg,center_square_fallback,"{""method"": ""center_square_fallback"", ""label"": null, ""score"": null, ""box"": [92, 0, 1407, 1315]}"
5b4ebe7b075af31ee457e7194d0b2cc5f65fd90a,porter,bing,,data/raw/bing/porter/robust_porter_in_glass_bar_lighting_-bottle_-can_-logo/000023.jpg,000023.jpg,640,570,2025-10-04T18:29:13Z,d1b7016257d57863,data/smart_cropped/5b4ebe7b075af31ee457e7194d0b2cc5f65fd90a.jpg,center_square_fallback,"{""method"": ""center_square_fallback"", ""label"": null, ""score"": null, ""box"": [35, 0, 605, 570]}"
e275c1fc8cb289a93d2686f77c7eb3d9cb7512f0,porter,bing,,data/raw/bing/porter/robust_porter_in_glass_bar_lighting_-bottle_-can_-logo/000037.jpg,000037.jpg,736,1106,2025-10-04T18:29:13Z,fe1be692504c339c,data/smart_cropped/e275c1fc8cb289a93d2686f77c7eb3d9cb7512f0.jpg,detr_object_crop,"{""method"": ""detr_object_crop"", ""label"": ""cup"", ""score"": 0.9574141502380371, ""box"": [0, 390, 124, 563]}"
5746a03443d9bb8f998d71ffe9943594e26f535b,porter,bing,,data/raw/bing/porter/robust_porter_in_glass_bar_lighting_-bottle_-can_-logo/000036.jpg,000036.jpg,1067,1690,2025-10-04T18:29:13Z,ae5bd854616167a9,data/smart_cropped/5746a03443d9bb8f998d71ffe9943594e26f535b.jpg,detr_object_crop,"{""method"": ""detr_object_crop"", ""label"": ""clock"", ""score"": 0.9839080572128296, ""box"": [265, 56, 924, 1584]}"
82298903e75cb688c5b066d98915742fcc5b795f,porter,bing,,data/raw/bing/porter/robust_porter_in_glass_bar_lighting_-bottle_-can_-logo/000022.jpg,000022.jpg,750,750,2025-10-04T18:29:13Z,9c396699276633cc,data/smart_cropped/82298903e75cb688c5b066d98915742fcc5b795f.jpg,center_square_fallback,"{""method"": ""center_square_fallback"", ""label"": null, ""score"": null, ""box"": [0, 0, 750, 750]}"
0390150e441cef3598eb347b313e9e1aa05b879b,porter,bing,,data/raw/bing/porter/robust_porter_in_glass_bar_lighting_-bottle_-can_-logo/000040.jpg,000040.jpg,900,1125,2025-10-04T18:29:13Z,9c3cc883e1f30bd9,data/smart_cropped/0390150e441cef3598eb347b313e9e1aa05b879b.jpg,detr_object_crop,"{""method"": ""detr_object_crop"", ""label"": ""cup"", ""score"": 0.9952574372291565, ""box"": [36, 63, 434, 569]}"
b884047eba2b4c83ab8afb3b1124977dbb12fad0,porter,bing,,data/raw/bing/porter/robust_porter_in_glass_bar_lighting_-bottle_-can_-logo/000007.jpg,000007.jpg,600,600,2025-10-04T18:29:13Z,9c08e3479a73e5cc,data/smart_cropped/b884047eba2b4c83ab8afb3b1124977dbb12fad0.jpg,detr_object_crop,"{""method"": ""detr_object_crop"", ""label"": ""cup"", ""score"": 0.9431049227714539, ""box"": [204, 465, 321, 600]}"
6a6877e13d97e6777ae0c655f81d9af2fac6d588,porter,bing,,data/raw/bing/porter/robust_porter_in_glass_bar_lighting_-bottle_-can_-logo/000006.jpg,000006.jpg,3072,2049,2025-10-04T18:29:13Z,d09f44e567706566,data/smart_cropped/6a6877e13d97e6777ae0c655f81d9af2fac6d588.jpg,detr_object_crop,"{""method"": ""detr_object_crop"", ""label"": ""bottle"", ""score"": 0.9238895177841187, ""box"": [1786, 826, 2140, 1228]}"
784ad3338f9e107abf20785addbcb0812e506cff,porter,bing,,data/raw/bing/porter/robust_porter_in_glass_bar_lighting_-bottle_-can_-logo/000038.jpg,000038.jpg,1000,563,2025-10-04T18:29:13Z,8aaf65b7ea900f24,data/smart_cropped/784ad3338f9e107abf20785addbcb0812e506cff.jpg,detr_object_crop,"{""method"": ""detr_object_crop"", ""label"": ""vase"", ""score"": 0.9903860092163086, ""box"": [161, 191, 389, 472]}"
9b67e015e959de943136f8107079c56e9ee1ac22,porter,bing,,data/raw/bing/porter/robust_porter_in_glass_bar_lighting_-bottle_-can_-logo/000010.jpg,000010.jpg,960,960,2025-10-04T18:29:13Z,9c44e83d5d395179,data/smart_cropped/9b67e015e959de943136f8107079c56e9ee1ac22.jpg,detr_object_crop,"{""method"": ""detr_object_crop"", ""label"": ""bottle"", ""score"": 0.9956135749816895, ""box"": [786, 0, 960, 396]}"
41af62c9f6b74b1b04e3468a9c9e818ef6797c9c,porter,bing,,data/raw/bing/porter/robust_porter_in_glass_bar_lighting_-bottle_-can_-logo/000004.jpg,000004.jpg,1000,667,2025-10-04T18:29:13Z,d0842f733d3a5ae1,data/smart_cropped/41af62c9f6b74b1b04e3468a9c9e818ef6797c9c.jpg,detr_object_crop,"{""method"": ""detr_object_crop"", ""label"": ""wine glass"", ""score"": 0.9942216277122498, ""box"": [637, 139, 769, 333]}"
3c86c3500d717b69432eec088f08b3b20cd48eb8,porter,bing,,data/raw/bing/porter/robust_porter_in_glass_bar_lighting_-bottle_-can_-logo/000005.jpg,000005.jpg,681,1024,2025-10-04T18:29:13Z,964738b063af4f89,data/smart_cropped/3c86c3500d717b69432eec088f08b3b20cd48eb8.jpg,detr_object_crop,"{""method"": ""detr_object_crop"", ""label"": ""chair"", ""score"": 0.9799551367759705, ""box"": [67, 726, 347, 1024]}"
a5e096667f6f8625f90841f51ffc1a0bc04a4af5,porter,bing,,data/raw/bing/porter/robust_porter_in_glass_bar_lighting_-bottle_-can_-logo/000011.jpg,000011.jpg,900,893,2025-10-04T18:29:13Z,e00c5f52b0b4bf2b,data/smart_cropped/a5e096667f6f8625f90841f51ffc1a0bc04a4af5.jpg,detr_object_crop,"{""method"": ""detr_object_crop"", ""label"": ""cup"", ""score"": 0.9966609477996826, ""box"": [123, 131, 741, 773]}"
7e56df19927d2e0ead013f580231d04f25af0eec,porter,bing,,data/raw/bing/porter/robust_porter_in_glass_bar_lighting_-bottle_-can_-logo/000039.jpg,000039.jpg,600,600,2025-10-04T18:29:13Z,ec6493931a6ce5e2,data/smart_cropped/7e56df19927d2e0ead013f580231d04f25af0eec.jpg,detr_object_crop,"{""method"": ""detr_object_crop"", ""label"": ""wine glass"", ""score"": 0.9959542751312256, ""box"": [244, 9, 489, 577]}"
50b79e72c4943cf478f81e7309c34d02b31bdabe,porter,bing,,data/raw/bing/porter/robust_porter_in_glass_bar_lighting_-bottle_-can_-logo/000015.jpg,000015.jpg,736,895,2025-10-04T18:29:13Z,a97b3ac916b68456,data/smart_cropped/50b79e72c4943cf478f81e7309c34d02b31bdabe.jpg,detr_object_crop,"{""method"": ""detr_object_crop"", ""label"": ""wine glass"", ""score"": 0.99860018491745, ""box"": [462, 269, 642, 497]}"
741a7e641737a9c60c8c0748fcb4b2633a5439d1,porter,bing,,data/raw/bing/porter/robust_porter_in_glass_bar_lighting_-bottle_-can_-logo/000002.jpg,000002.jpg,1024,1024,2025-10-04T18:29:13Z,90d90b66467fb91a,data/smart_cropped/741a7e641737a9c60c8c0748fcb4b2633a5439d1.jpg,detr_object_crop,"{""method"": ""detr_object_crop"", ""label"": ""bottle"", ""score"": 0.998573899269104, ""box"": [167, 0, 529, 854]}"
23c43c89599393431612cb074beac61019396491,porter,bing,,data/raw/bing/porter/robust_porter_in_glass_bar_lighting_-bottle_-can_-logo/000017.jpg,000017.jpg,1600,1156,2025-10-04T18:29:13Z,d30ccdd3cc18b363,data/smart_cropped/23c43c89599393431612cb074beac61019396491.jpg,center_square_fallback,"{""method"": ""center_square_fallback"", ""label"": null, ""score"": null, ""box"": [222, 0, 1378, 1156]}"
6da84c28ab1856eeaf862757490671493b86e463,porter,bing,,data/raw/bing/porter/brown_porter_in_pint_smooth_head_-bottle_-can_-logo/000026.jpg,000026.jpg,1280,720,2025-10-04T18:30:24Z,905e60b94f476d63,data/smart_cropped/6da84c28ab1856eeaf862757490671493b86e463.jpg,detr_object_crop,"{""method"": ""detr_object_crop"", ""label"": ""wine glass"", ""score"": 0.9986557960510254, ""box"": [0, 335, 253, 709]}"
46bc2b34e7737a45af85683209642a040da51335,porter,bing,,data/raw/bing/porter/brown_porter_in_pint_smooth_head_-bottle_-can_-logo/000019.jpg,000019.jpg,1370,2048,2025-10-04T18:30:24Z,e89495e76a62689d,data/smart_cropped/46bc2b34e7737a45af85683209642a040da51335.jpg,detr_object_crop,"{""method"": ""detr_object_crop"", ""label"": ""bottle"", ""score"": 0.9972220659255981, ""box"": [19, 166, 749, 1913]}"
bd1c131360f42c3f05ddd5d41cfe92a3b911d8c0,porter,bing,,data/raw/bing/porter/brown_porter_in_pint_smooth_head_-bottle_-can_-logo/000031.jpg,000031.jpg,1119,1536,2025-10-04T18:30:24Z,e63298cc9966ce66,data/smart_cropped/bd1c131360f42c3f05ddd5d41cfe92a3b911d8c0.jpg,detr_object_crop,"{""method"": ""detr_object_crop"", ""label"": ""bottle"", ""score"": 0.9988030195236206, ""box"": [301, 0, 815, 1442]}"
ef2dc6c8a8ad15d92e7056dafb71c7a62d7fee19,porter,bing,,data/raw/bing/porter/brown_porter_in_pint_smooth_head_-bottle_-can_-logo/000025.jpg,000025.jpg,1200,802,2025-10-04T18:30:24Z,e990ce6887b1e770,data/smart_cropped/ef2dc6c8a8ad15d92e7056dafb71c7a62d7fee19.jpg,detr_object_crop,"{""method"": ""detr_object_crop"", ""label"": ""bottle"", ""score"": 0.86466383934021, ""box"": [696, 0, 1200, 802]}"
d9c6a07f49d2cd23128af29ed79db07b18f1b41d,porter,bing,,data/raw/bing/porter/brown_porter_in_pint_smooth_head_-bottle_-can_-logo/000018.jpg,000018.jpg,626,626,2025-10-04T18:30:24Z,864c59b171d6cecc,data/smart_cropped/d9c6a07f49d2cd23128af29ed79db07b18f1b41d.jpg,detr_object_crop,"{""method"": ""detr_object_crop"", ""label"": ""cup"", ""score"": 0.8396055102348328, ""box"": [153, 85, 470, 626]}"
bf0a9d4beacddbb8b3293b94cd6ff3d51ad588f4,porter,bing,,data/raw/bing/porter/brown_porter_in_pint_smooth_head_-bottle_-can_-logo/000034.jpg,000034.jpg,640,640,2025-10-04T18:30:24Z,b22b989a36e6e561,data/smart_cropped/bf0a9d4beacddbb8b3293b94cd6ff3d51ad588f4.jpg,detr_object_crop,"{""method"": ""detr_object_crop"", ""label"": ""cup"", ""score"": 0.9971901774406433, ""box"": [145, 0, 532, 449]}"
b1e375c6e1e2df16b8b7f6ece5a14da23b2bbc0b,porter,bing,,data/raw/bing/porter/brown_porter_in_pint_smooth_head_-bottle_-can_-logo/000020.jpg,000020.jpg,1071,1690,2025-10-04T18:30:24Z,b08fc3c2ceb138ad,data/smart_cropped/b1e375c6e1e2df16b8b7f6ece5a14da23b2bbc0b.jpg,detr_object_crop,"{""method"": ""detr_object_crop"", ""label"": ""parking meter"", ""score"": 0.7146878242492676, ""box"": [124, 124, 927, 1560]}"
3332ec8850911e68853757e0c45ef05451bf19bc,porter,bing,,data/raw/bing/porter/brown_porter_in_pint_smooth_head_-bottle_-can_-logo/000008.jpg,000008.jpg,1920,1000,2025-10-04T18:30:24Z,b2cb4d64cdcd6c24,data/smart_cropped/3332ec8850911e68853757e0c45ef05451bf19bc.jpg,detr_object_crop,"{""method"": ""detr_object_crop"", ""label"": ""vase"", ""score"": 0.8357108235359192, ""box"": [476, 0, 1459, 1000]}"
845740ce130cb4d90c44d5d82f5c4361e3565a69,porter,bing,,data/raw/bing/porter/brown_porter_in_pint_smooth_head_-bottle_-can_-logo/000021.jpg,000021.jpg,1087,725,2025-10-04T18:30:24Z,9d8a324865c5ed97,data/smart_cropped/845740ce130cb4d90c44d5d82f5c4361e3565a69.jpg,detr_object_crop,"{""method"": ""detr_object_crop"", ""label"": ""cup"", ""score"": 0.9975516200065613, ""box"": [610, 59, 938, 614]}"
0ae77e76d46f9e7934d2332350d8aa4250a1b5ed,porter,bing,,data/raw/bing/porter/brown_porter_in_pint_smooth_head_-bottle_-can_-logo/000035.jpg,000035.jpg,1000,1000,2025-10-04T18:30:24Z,e699996ccc7099cc,data/smart_cropped/0ae77e76d46f9e7934d2332350d8aa4250a1b5ed.jpg,detr_object_crop,"{""method"": ""detr_object_crop"", ""label"": ""knife"", ""score"": 0.7955959439277649, ""box"": [285, 0, 693, 1000]}"
92e49b0dab35bb1ea5af19a335fd73cd041b26ce,porter,bing,,data/raw/bing/porter/brown_porter_in_pint_smooth_head_-bottle_-can_-logo/000037.jpg,000037.jpg,720,540,2025-10-04T18:30:24Z,bad4b2aa0bfd0915,data/smart_cropped/92e49b0dab35bb1ea5af19a335fd73cd041b26ce.jpg,detr_object_crop,"{""method"": ""detr_object_crop"", ""label"": ""bottle"", ""score"": 0.9974935054779053, ""box"": [92, 0, 482, 540]}"
b92e3a06580d643c4b57bd3a290dd6d9f293cddd,porter,bing,,data/raw/bing/porter/brown_porter_in_pint_smooth_head_-bottle_-can_-logo/000036.jpg,000036.jpg,1000,563,2025-10-04T18:30:24Z,c499f9423333f07a,data/smart_cropped/b92e3a06580d643c4b57bd3a290dd6d9f293cddd.jpg,center_square_fallback,"{""method"": ""center_square_fallback"", ""label"": null, ""score"": null, ""box"": [218, 0, 781, 563]}"
9f6a0845275d0eec00ad996c77eb246a6a03dbe5,porter,bing,,data/raw/bing/porter/brown_porter_in_pint_smooth_head_-bottle_-can_-logo/000022.jpg,000022.jpg,626,626,2025-10-04T18:30:24Z,b1991ec66e646e64,data/smart_cropped/9f6a0845275d0eec00ad996c77eb246a6a03dbe5.jpg,detr_object_crop,"{""method"": ""detr_object_crop"", ""label"": ""cell phone"", ""score"": 0.8332197070121765, ""box"": [156, 17, 476, 208]}"
3690085b6908d3d6a33a811388adf70e2ab90740,porter,bing,,data/raw/bing/porter/brown_porter_in_pint_smooth_head_-bottle_-can_-logo/000045.jpg,000045.jpg,1024,768,2025-10-04T18:30:24Z,d290cfcf24709ec3,data/smart_cropped/3690085b6908d3d6a33a811388adf70e2ab90740.jpg,detr_object_crop,"{""method"": ""detr_object_crop"", ""label"": ""bowl"", ""score"": 0.8456579446792603, ""box"": [32, 95, 1024, 768]}"
802c560e7d9d1fec028caaf5e5edda7797b295ba,porter,bing,,data/raw/bing/porter/brown_porter_in_pint_smooth_head_-bottle_-can_-logo/000044.jpg,000044.jpg,640,640,2025-10-04T18:30:24Z,81807f7ffcb0107c,data/smart_cropped/802c560e7d9d1fec028caaf5e5edda7797b295ba.jpg,detr_object_crop,"{""method"": ""detr_object_crop"", ""label"": ""bowl"", ""score"": 0.9343354105949402, ""box"": [0, 316, 110, 558]}"
50391c4fcf8977bb4412a4d259caf03680773034,porter,bing,,data/raw/bing/porter/brown_porter_in_pint_smooth_head_-bottle_-can_-logo/000043.jpg,000043.jpg,768,1054,2025-10-04T18:30:24Z,e63298cc9966ce66,data/smart_cropped/50391c4fcf8977bb4412a4d259caf03680773034.jpg,detr_object_crop,"{""method"": ""detr_object_crop"", ""label"": ""bottle"", ""score"": 0.9993014335632324, ""box"": [206, 0, 559, 987]}"
627ab910ac055ff04c5989bcb47461c8c5678e5d,porter,bing,,data/raw/bing/porter/brown_porter_in_pint_smooth_head_-bottle_-can_-logo/000042.jpg,000042.jpg,1493,2048,2025-10-04T18:30:24Z,e63298cc9966ce66,data/smart_cropped/627ab910ac055ff04c5989bcb47461c8c5678e5d.jpg,detr_object_crop,"{""method"": ""detr_object_crop"", ""label"": ""bottle"", ""score"": 0.9991528987884521, ""box"": [403, 0, 1087, 1924]}"
1f62e54f7b3ee5a32eec4a0fd179f7f50e171b21,porter,bing,,data/raw/bing/porter/brown_porter_in_pint_smooth_head_-bottle_-can_-logo/000040.jpg,000040.jpg,2055,2560,2025-10-04T18:30:24Z,ce933c3431c7b332,data/smart_cropped/1f62e54f7b3ee5a32eec4a0fd179f7f50e171b21.jpg,detr_object_crop,"{""method"": ""detr_object_crop"", ""label"": ""tie"", ""score"": 0.9989687204360962, ""box"": [398, 1258, 1253, 1935]}"
43e7ab4d1d48e8767fe9a91cf6331707f6606c41,porter,bing,,data/raw/bing/porter/brown_porter_in_pint_smooth_head_-bottle_-can_-logo/000041.jpg,000041.jpg,1080,1350,2025-10-04T18:30:24Z,bf81c87c0368bdc3,data/smart_cropped/43e7ab4d1d48e8767fe9a91cf6331707f6606c41.jpg,detr_object_crop,"{""method"": ""detr_object_crop"", ""label"": ""wine glass"", ""score"": 0.9927759170532227, ""box"": [0, 129, 701, 1350]}"
fae615f44eb60faa182676cf6f5e3238e429f3e0,porter,bing,,data/raw/bing/porter/brown_porter_in_pint_smooth_head_-bottle_-can_-logo/000007.jpg,000007.jpg,1001,1600,2025-10-04T18:30:24Z,e89e97a196a134b9,data/smart_cropped/fae615f44eb60faa182676cf6f5e3238e429f3e0.jpg,center_square_fallback,"{""method"": ""center_square_fallback"", ""label"": null, ""score"": null, ""box"": [0, 299, 1001, 1300]}"
778c8791723d9026a08f0b65cd3283fdda66d792,porter,bing,,data/raw/bing/porter/brown_porter_in_pint_smooth_head_-bottle_-can_-logo/000012.jpg,000012.jpg,1280,720,2025-10-04T18:30:24Z,865e83f570a3d986,data/smart_cropped/778c8791723d9026a08f0b65cd3283fdda66d792.jpg,detr_object_crop,"{""method"": ""detr_object_crop"", ""label"": ""cup"", ""score"": 0.913333535194397, ""box"": [583, 197, 875, 467]}"
0d5a4237f82f7c30244cd3cc03c135e7b6d290c1,porter,bing,,data/raw/bing/porter/brown_porter_in_pint_smooth_head_-bottle_-can_-logo/000006.jpg,000006.jpg,1600,1261,2025-10-04T18:30:24Z,8943b666d919e666,data/smart_cropped/0d5a4237f82f7c30244cd3cc03c135e7b6d290c1.jpg,center_square_fallback,"{""method"": ""center_square_fallback"", ""label"": null, ""score"": null, ""box"": [169, 0, 1430, 1261]}"
3a5135211ea4c6312370e4932b9fc86ff86de722,porter,bing,,data/raw/bing/porter/brown_porter_in_pint_smooth_head_-bottle_-can_-logo/000010.jpg,000010.jpg,1365,2048,2025-10-04T18:30:24Z,e89d97e26b19c491,data/smart_cropped/3a5135211ea4c6312370e4932b9fc86ff86de722.jpg,detr_object_crop,"{""method"": ""detr_object_crop"", ""label"": ""bottle"", ""score"": 0.9985418319702148, ""box"": [5, 197, 732, 1937]}"
b32df92515ef61f4266e755a0b32256cfcb24a0f,porter,bing,,data/raw/bing/porter/brown_porter_in_pint_smooth_head_-bottle_-can_-logo/000004.jpg,000004.jpg,1600,1156,2025-10-04T18:30:24Z,934cccb675636233,data/smart_cropped/b32df92515ef61f4266e755a0b32256cfcb24a0f.jpg,detr_object_crop,"{""method"": ""detr_object_crop"", ""label"": ""clock"", ""score"": 0.923256516456604, ""box"": [444, 32, 1125, 1057]}"
4a7b4c2f3d006343a2ec0180a23459905bcdfbc1,porter,bing,,data/raw/bing/porter/brown_porter_in_pint_smooth_head_-bottle_-can_-logo/000005.jpg,000005.jpg,1400,933,2025-10-04T18:30:24Z,df73e40e231e48c9,data/smart_cropped/4a7b4c2f3d006343a2ec0180a23459905bcdfbc1.jpg,detr_object_crop,"{""method"": ""detr_object_crop"", ""label"": ""cup"", ""score"": 0.9990212917327881, ""box"": [0, 70, 561, 933]}"
73a8cc9a720754b9382802690e361e942b0da6d9,porter,bing,,data/raw/bing/porter/brown_porter_in_pint_smooth_head_-bottle_-can_-logo/000011.jpg,000011.jpg,1022,600,2025-10-04T18:30:24Z,81d786d60f79962c,data/smart_cropped/73a8cc9a720754b9382802690e361e942b0da6d9.jpg,detr_object_crop,"{""method"": ""detr_object_crop"", ""label"": ""bottle"", ""score"": 0.9985295534133911, ""box"": [572, 18, 807, 596]}"
adde2e8be50878f4e000977bba6a7f101965c597,porter,bing,,data/raw/bing/porter/brown_porter_in_pint_smooth_head_-bottle_-can_-logo/000029.jpg,000029.jpg,1600,900,2025-10-04T18:30:24Z,b9e4e4760628f4cd,data/smart_cropped/adde2e8be50878f4e000977bba6a7f101965c597.jpg,detr_object_crop,"{""method"": ""detr_object_crop"", ""label"": ""bottle"", ""score"": 0.998344898223877, ""box"": [724, 0, 1416, 868]}"
67806f0be8724489b779def8cd5568e9492a8b03,porter,bing,,data/raw/bing/porter/brown_porter_in_pint_smooth_head_-bottle_-can_-logo/000016.jpg,000016.jpg,768,1024,2025-10-04T18:30:24Z,d69a9e6b69e66108,data/smart_cropped/67806f0be8724489b779def8cd5568e9492a8b03.jpg,detr_object_crop,"{""method"": ""detr_object_crop"", ""label"": ""cup"", ""score"": 0.9763809442520142, ""box"": [201, 162, 622, 908]}"
47bba24c75308ebd98bed419cdc68331242faa44,porter,bing,,data/raw/bing/porter/brown_porter_in_pint_smooth_head_-bottle_-can_-logo/000003.jpg,000003.jpg,1890,1890,2025-10-04T18:30:24Z,f9448b3856c9867e,data/smart_cropped/47bba24c75308ebd98bed419cdc68331242faa44.jpg,detr_object_crop,"{""method"": ""detr_object_crop"", ""label"": ""bottle"", ""score"": 0.9980826377868652, ""box"": [954, 0, 1750, 1783]}"
b35ed0fc6f0c81985a0de18c6a868e6d6124438f,porter,bing,,data/raw/bing/porter/baltic_porter_strong_dark_snifter_glass_-bottle_-can_-logo/000026.jpg,000026.jpg,1300,956,2025-10-04T18:31:44Z,e4901be6249b7ae5,data/smart_cropped/b35ed0fc6f0c81985a0de18c6a868e6d6124438f.jpg,detr_object_crop,"{""method"": ""detr_object_crop"", ""label"": ""wine glass"", ""score"": 0.9988443851470947, ""box"": [576, 219, 1019, 872]}"
80487f134ff7dc9238f568450304f1173d736edd,porter,bing,,data/raw/bing/porter/baltic_porter_strong_dark_snifter_glass_-bottle_-can_-logo/000032.jpg,000032.jpg,1300,956,2025-10-04T18:31:44Z,e4e519923be724e8,data/smart_cropped/80487f134ff7dc9238f568450304f1173d736edd.jpg,detr_object_crop,"{""method"": ""detr_object_crop"", ""label"": ""clock"", ""score"": 0.9386387467384338, ""box"": [576, 64, 1096, 708]}"
c9ebe36b5e577b00b2c3ee101bc25d7ca2887842,porter,bing,,data/raw/bing/porter/baltic_porter_strong_dark_snifter_glass_-bottle_-can_-logo/000033.jpg,000033.jpg,1600,1690,2025-10-04T18:31:44Z,8ecee439b113a764,data/smart_cropped/c9ebe36b5e577b00b2c3ee101bc25d7ca2887842.jpg,detr_object_crop,"{""method"": ""detr_object_crop"", ""label"": ""clock"", ""score"": 0.7790543437004089, ""box"": [355, 0, 1315, 1529]}"
dad49340126936b06dc3e52bd7107b29cf063842,porter,bing,,data/raw/bing/porter/baltic_porter_strong_dark_snifter_glass_-bottle_-can_-logo/000027.jpg,000027.jpg,1004,1600,2025-10-04T18:31:44Z,ea4ee5711a393338,data/smart_cropped/dad49340126936b06dc3e52bd7107b29cf063842.jpg,detr_object_crop,"{""method"": ""detr_object_crop"", ""label"": ""wine glass"", ""score"": 0.9993628859519958, ""box"": [0, 67, 609, 1300]}"
77a3d7dfd0c2701b5013dc5d684243db33918ab8,porter,bing,,data/raw/bing/porter/baltic_porter_strong_dark_snifter_glass_-bottle_-can_-logo/000019.jpg,000019.jpg,1919,2421,2025-10-04T18:31:44Z,bbcbc9b43704c11e,data/smart_cropped/77a3d7dfd0c2701b5013dc5d684243db33918ab8.jpg,detr_object_crop,"{""method"": ""detr_object_crop"", ""label"": ""bottle"", ""score"": 0.9991307854652405, ""box"": [934, 0, 1919, 2421]}"
416c4f7fb962931f9916014b6df5ee70ffb57328,porter,bing,,data/raw/bing/porter/baltic_porter_strong_dark_snifter_glass_-bottle_-can_-logo/000031.jpg,000031.jpg,1300,956,2025-10-04T18:31:44Z,d8c12f9e69c1618f,data/smart_cropped/416c4f7fb962931f9916014b6df5ee70ffb57328.jpg,detr_object_crop,"{""method"": ""detr_object_crop"", ""label"": ""cup"", ""score"": 0.9984276294708252, ""box"": [57, 143, 536, 678]}"
a8b49f640c32a85f623501efa017b5e54d70f670,porter,bing,,data/raw/bing/porter/baltic_porter_strong_dark_snifter_glass_-bottle_-can_-logo/000025.jpg,000025.jpg,873,1390,2025-10-04T18:31:44Z,b78f46a63c8f60a4,data/smart_cropped/a8b49f640c32a85f623501efa017b5e54d70f670.jpg,detr_object_crop,"{""method"": ""detr_object_crop"", ""label"": ""wine glass"", ""score"": 0.9958367347717285, ""box"": [46, 50, 807, 1324]}"
7ca911fe1b2e4b97fe6fd1b9f25e9fdd1b5f0308,porter,bing,,data/raw/bing/porter/baltic_porter_strong_dark_snifter_glass_-bottle_-can_-logo/000030.jpg,000030.jpg,749,1000,2025-10-04T18:31:44Z,9b6465643592e69b,data/smart_cropped/7ca911fe1b2e4b97fe6fd1b9f25e9fdd1b5f0308.jpg,detr_object_crop,"{""method"": ""detr_object_crop"", ""label"": ""bottle"", ""score"": 0.9398059248924255, ""box"": [157, 113, 593, 955]}"
e1663c92b7b28c61663ba77c81127a4c607a111b,porter,bing,,data/raw/bing/porter/baltic_porter_strong_dark_snifter_glass_-bottle_-can_-logo/000018.jpg,000018.jpg,1300,956,2025-10-04T18:31:44Z,e7b11a8f64a07ae4,data/smart_cropped/e1663c92b7b28c61663ba77c81127a4c607a111b.jpg,detr_object_crop,"{""method"": ""detr_object_crop"", ""label"": ""wine glass"", ""score"": 0.9988094568252563, ""box"": [485, 32, 1035, 872]}"
b9145c54f8c6aad973dcbd0cd40e671be8243cf0,porter,bing,,data/raw/bing/porter/baltic_porter_strong_dark_snifter_glass_-bottle_-can_-logo/000034.jpg,000034.jpg,900,2058,2025-10-04T18:31:44Z,a76edcc4da81d093,data/smart_cropped/b9145c54f8c6aad973dcbd0cd40e671be8243cf0.jpg,detr_object_crop,"{""method"": ""detr_object_crop"", ""label"": ""bottle"", ""score"": 0.9836069345474243, ""box"": [0, 0, 900, 2058]}"
a800f294e993601cc5ac3d659842d0f7b5e53fc0,porter,bing,,data/raw/bing/porter/baltic_porter_strong_dark_snifter_glass_-bottle_-can_-logo/000020.jpg,000020.jpg,1300,956,2025-10-04T18:31:44Z,9ec3469c78397cc4,data/smart_cropped/a800f294e993601cc5ac3d659842d0f7b5e53fc0.jpg,detr_object_crop,"{""method"": ""detr_object_crop"", ""label"": ""wine glass"", ""score"": 0.9917320013046265, ""box"": [145, 0, 738, 818]}"
03bcc72abe7ac18091fa9ea981c0cf0e7ff73646,porter,bing,,data/raw/bing/porter/baltic_porter_strong_dark_snifter_glass_-bottle_-can_-logo/000008.jpg,000008.jpg,1024,512,2025-10-04T18:31:44Z,90729f6d4da9e170,data/smart_cropped/03bcc72abe7ac18091fa9ea981c0cf0e7ff73646.jpg,detr_object_crop,"{""method"": ""detr_object_crop"", ""label"": ""wine glass"", ""score"": 0.9987255930900574, ""box"": [564, 16, 852, 512]}"
a793714713d81eb4fbd9e05013d9eecf159fb99c,porter,bing,,data/raw/bing/porter/baltic_porter_strong_dark_snifter_glass_-bottle_-can_-logo/000009.jpg,000009.jpg,2000,1331,2025-10-04T18:31:44Z,e659996632cd9932,data/smart_cropped/a793714713d81eb4fbd9e05013d9eecf159fb99c.jpg,detr_object_crop,"{""method"": ""detr_object_crop"", ""label"": ""wine glass"", ""score"": 0.9977971315383911, ""box"": [722, 398, 1274, 1198]}"
b7cac37eff3143935b995b0fdbceb4833dfd0416,porter,bing,,data/raw/bing/porter/baltic_porter_strong_dark_snifter_glass_-bottle_-can_-logo/000021.jpg,000021.jpg,1500,1101,2025-10-04T18:31:44Z,e49a1be4649b5ac5,data/smart_cropped/b7cac37eff3143935b995b0fdbceb4833dfd0416.jpg,detr_object_crop,"{""method"": ""detr_object_crop"", ""label"": ""wine glass"", ""score"": 0.9983892440795898, ""box"": [676, 253, 1174, 1041]}"
b138b6550e6d84e7435898ba2f89e9da59fad082,porter,bing,,data/raw/bing/porter/baltic_porter_strong_dark_snifter_glass_-bottle_-can_-logo/000035.jpg,000035.jpg,960,960,2025-10-04T18:31:44Z,cb1eade94ce52622,data/smart_cropped/b138b6550e6d84e7435898ba2f89e9da59fad082.jpg,detr_object_crop,"{""method"": ""detr_object_crop"", ""label"": ""vase"", ""score"": 0.996224045753479, ""box"": [183, 0, 779, 955]}"
b8334a04a0d8e288534207eafb279ef1c73fe0a8,porter,bing,,data/raw/bing/porter/baltic_porter_strong_dark_snifter_glass_-bottle_-can_-logo/000023.jpg,000023.jpg,1200,627,2025-10-04T18:31:44Z,9d92b24145c4b5bf,data/smart_cropped/b8334a04a0d8e288534207eafb279ef1c73fe0a8.jpg,detr_object_crop,"{""method"": ""detr_object_crop"", ""label"": ""cup"", ""score"": 0.993752658367157, ""box"": [691, 59, 1030, 627]}"
21fc01ec32db9300a7deb425b8b9c7be42c9706d,porter,bing,,data/raw/bing/porter/baltic_porter_strong_dark_snifter_glass_-bottle_-can_-logo/000037.jpg,000037.jpg,1600,1222,2025-10-04T18:31:44Z,d84ee675db08ec09,data/smart_cropped/21fc01ec32db9300a7deb425b8b9c7be42c9706d.jpg,detr_object_crop,"{""method"": ""detr_object_crop"", ""label"": ""clock"", ""score"": 0.8566161394119263, ""box"": [454, 187, 1143, 1178]}"
dc6a732ce3eb50849dc098c8893288b1fbbbf960,porter,bing,,data/raw/bing/porter/baltic_porter_strong_dark_snifter_glass_-bottle_-can_-logo/000036.jpg,000036.jpg,1733,4000,2025-10-04T18:31:44Z,e5129a3d6f9830d9,data/smart_cropped/dc6a732ce3eb50849dc098c8893288b1fbbbf960.jpg,detr_object_crop,"{""method"": ""detr_object_crop"", ""label"": ""bottle"", ""score"": 0.9855603575706482, ""box"": [244, 0, 1508, 4000]}"
a0eb1ca548761bcf1532e749b1af4f2bac5073c9,porter,bing,,data/raw/bing/porter/baltic_porter_strong_dark_snifter_glass_-bottle_-can_-logo/000022.jpg,000022.jpg,600,599,2025-10-04T18:31:44Z,99b534663386669b,data/smart_cropped/a0eb1ca548761bcf1532e749b1af4f2bac5073c9.jpg,detr_object_crop,"{""method"": ""detr_object_crop"", ""label"": ""bottle"", ""score"": 0.9477708339691162, ""box"": [149, 44, 455, 599]}"
fdbbe2a411b2c487af5363a193859654a79ccd28,porter,bing,,data/raw/bing/porter/baltic_porter_strong_dark_snifter_glass_-bottle_-can_-logo/000040.jpg,000040.jpg,866,1390,2025-10-04T18:31:44Z,dd8760c966f116cc,data/smart_cropped/fdbbe2a411b2c487af5363a193859654a79ccd28.jpg,detr_object_crop,"{""method"": ""detr_object_crop"", ""label"": ""cup"", ""score"": 0.9780900478363037, ""box"": [184, 655, 683, 1182]}"
d81375741f5d1c2255fc5b13feb7b78b255cc360,porter,bing,,data/raw/bing/porter/baltic_porter_strong_dark_snifter_glass_-bottle_-can_-logo/000041.jpg,000041.jpg,900,900,2025-10-04T18:31:44Z,cc3e6c91374c3387,data/smart_cropped/d81375741f5d1c2255fc5b13feb7b78b255cc360.jpg,detr_object_crop,"{""method"": ""detr_object_crop"", ""label"": ""bottle"", ""score"": 0.7835918068885803, ""box"": [277, 15, 624, 900]}"
f1d11c79684ccbbdbf667cf7239d0b3ae2d2eb00,porter,bing,,data/raw/bing/porter/baltic_porter_strong_dark_snifter_glass_-bottle_-can_-logo/000007.jpg,000007.jpg,1280,1920,2025-10-04T18:31:44Z,e69399cccc338c66,data/smart_cropped/f1d11c79684ccbbdbf667cf7239d0b3ae2d2eb00.jpg,detr_object_crop,"{""method"": ""detr_object_crop"", ""label"": ""bottle"", ""score"": 0.9927178621292114, ""box"": [318, 0, 947, 1801]}"
4e1c93f9969287e4e01da32ca67fb9f0c53c433c,porter,bing,,data/raw/bing/porter/baltic_porter_strong_dark_snifter_glass_-bottle_-can_-logo/000013.jpg,000013.jpg,640,690,2025-10-04T18:31:44Z,bfc6c0f8671b4894,data/smart_cropped/4e1c93f9969287e4e01da32ca67fb9f0c53c433c.jpg,detr_object_crop,"{""method"": ""detr_object_crop"", ""label"": ""bottle"", ""score"": 0.9510051608085632, ""box"": [293, 56, 640, 690]}"
45b72d3b11405e11c3f147acc2ed0de27831692e,porter,bing,,data/raw/bing/porter/baltic_porter_strong_dark_snifter_glass_-bottle_-can_-logo/000012.jpg,000012.jpg,865,1390,2025-10-04T18:31:44Z,f3c2e8b92dcc40ae,data/smart_cropped/45b72d3b11405e11c3f147acc2ed0de27831692e.jpg,detr_object_crop,"{""method"": ""detr_object_crop"", ""label"": ""bottle"", ""score"": 0.998993456363678, ""box"": [339, 0, 807, 1338]}"
9a68af5c8a31a699f482e6e04856f20862b4478f,porter,bing,,data/raw/bing/porter/baltic_porter_strong_dark_snifter_glass_-bottle_-can_-logo/000006.jpg,000006.jpg,1024,1024,2025-10-04T18:31:44Z,bc3dc3c6681a3e34,data/smart_cropped/9a68af5c8a31a699f482e6e04856f20862b4478f.jpg,detr_object_crop,"{""method"": ""detr_object_crop"", ""label"": ""wine glass"", ""score"": 0.9943110942840576, ""box"": [96, 0, 924, 1024]}"
7be9acfc914ff53548dd045f660d8adf299626c7,porter,bing,,data/raw/bing/porter/baltic_porter_strong_dark_snifter_glass_-bottle_-can_-logo/000038.jpg,000038.jpg,825,825,2025-10-04T18:31:44Z,bfbf54c0e248b258,data/smart_cropped/7be9acfc914ff53548dd045f660d8adf299626c7.jpg,center_square_fallback,"{""method"": ""center_square_fallback"", ""label"": null, ""score"": null, ""box"": [0, 0, 825, 825]}"
c09a16568ffb2d1229def4473de15c681127b94b,porter,bing,,data/raw/bing/porter/baltic_porter_strong_dark_snifter_glass_-bottle_-can_-logo/000010.jpg,000010.jpg,1024,768,2025-10-04T18:31:44Z,d9c12636cecc363c,data/smart_cropped/c09a16568ffb2d1229def4473de15c681127b94b.jpg,center_square_fallback,"{""method"": ""center_square_fallback"", ""label"": null, ""score"": null, ""box"": [128, 0, 896, 768]}"
fc525b4d1b7dff6e24e4b2024a0414483832c02b,porter,bing,,data/raw/bing/porter/baltic_porter_strong_dark_snifter_glass_-bottle_-can_-logo/000005.jpg,000005.jpg,1280,853,2025-10-04T18:31:44Z,a6c7eb2c7818d989,data/smart_cropped/fc525b4d1b7dff6e24e4b2024a0414483832c02b.jpg,detr_object_crop,"{""method"": ""detr_object_crop"", ""label"": ""cup"", ""score"": 0.9257691502571106, ""box"": [207, 0, 1101, 853]}"
6908091e25c2cdbc6ff9efda850ae5d00a4098fc,porter,bing,,data/raw/bing/porter/baltic_porter_strong_dark_snifter_glass_-bottle_-can_-logo/000011.jpg,000011.jpg,1300,607,2025-10-04T18:31:44Z,fad2178531e46587,data/smart_cropped/6908091e25c2cdbc6ff9efda850ae5d00a4098fc.jpg,detr_object_crop,"{""method"": ""detr_object_crop"", ""label"": ""wine glass"", ""score"": 0.9989571571350098, ""box"": [636, 0, 980, 544]}"
eb1519c1ffe334cbdea620bbcfb10ba44364f90e,porter,bing,,data/raw/bing/porter/baltic_porter_strong_dark_snifter_glass_-bottle_-can_-logo/000039.jpg,000039.jpg,600,900,2025-10-04T18:31:44Z,9926669961669bd9,data/smart_cropped/eb1519c1ffe334cbdea620bbcfb10ba44364f90e.jpg,detr_object_crop,"{""method"": ""detr_object_crop"", ""label"": ""vase"", ""score"": 0.8451768755912781, ""box"": [155, 3, 447, 895]}"
c0d100224d5c9df4107384264b3223eb3be26d04,porter,bing,,data/raw/bing/porter/baltic_porter_strong_dark_snifter_glass_-bottle_-can_-logo/000015.jpg,000015.jpg,1280,853,2025-10-04T18:31:44Z,c1cb0f3c3c2c1e3e,data/smart_cropped/c0d100224d5c9df4107384264b3223eb3be26d04.jpg,detr_object_crop,"{""method"": ""detr_object_crop"", ""label"": ""hot dog"", ""score"": 0.9233511090278625, ""box"": [76, 0, 906, 853]}"
752452cc173b6075c95ade241575df754091a72f,porter,bing,,data/raw/bing/porter/baltic_porter_strong_dark_snifter_glass_-bottle_-can_-logo/000001.jpg,000001.jpg,1200,1200,2025-10-04T18:31:44Z,c70ed8b039f3027b,data/smart_cropped/752452cc173b6075c95ade241575df754091a72f.jpg,detr_object_crop,"{""method"": ""detr_object_crop"", ""label"": ""wine glass"", ""score"": 0.9962891340255737, ""box"": [176, 0, 1032, 1187]}"
354fc587d34cdd44480233ae0c3a8882d0b0a91e,porter,bing,,data/raw/bing/porter/baltic_porter_strong_dark_snifter_glass_-bottle_-can_-logo/000029.jpg,000029.jpg,1600,1157,2025-10-04T18:31:44Z,e41a9bed64839b83,data/smart_cropped/354fc587d34cdd44480233ae0c3a8882d0b0a91e.jpg,detr_object_crop,"{""method"": ""detr_object_crop"", ""label"": ""wine glass"", ""score"": 0.9659290313720703, ""box"": [707, 215, 1268, 1057]}"
a120d8d3658cd31508cd7342ad112afdbd992948,porter,bing,,data/raw/bing/porter/baltic_porter_strong_dark_snifter_glass_-bottle_-can_-logo/000028.jpg,000028.jpg,1600,1157,2025-10-04T18:31:44Z,e4231bdae4672734,data/smart_cropped/a120d8d3658cd31508cd7342ad112afdbd992948.jpg,detr_object_crop,"{""method"": ""detr_object_crop"", ""label"": ""clock"", ""score"": 0.9277811050415039, ""box"": [599, 36, 1259, 1083]}"
1481748167c178aa70890c321f212ef3b32a3e2a,porter,bing,,data/raw/bing/porter/baltic_porter_strong_dark_snifter_glass_-bottle_-can_-logo/000014.jpg,000014.jpg,1280,720,2025-10-04T18:31:44Z,9de1cc2676cccc91,data/smart_cropped/1481748167c178aa70890c321f212ef3b32a3e2a.jpg,detr_object_crop,"{""method"": ""detr_object_crop"", ""label"": ""bottle"", ""score"": 0.9959129691123962, ""box"": [625, 0, 862, 584]}"
a21341a314113132fff43d7df6a37805141d412c,porter,bing,,data/raw/bing/porter/baltic_porter_strong_dark_snifter_glass_-bottle_-can_-logo/000002.jpg,000002.jpg,1400,933,2025-10-04T18:31:44Z,c17aa40f3f3f48c1,data/smart_cropped/a21341a314113132fff43d7df6a37805141d412c.jpg,detr_object_crop,"{""method"": ""detr_object_crop"", ""label"": ""wine glass"", ""score"": 0.9207571744918823, ""box"": [14, 69, 507, 933]}"
d695fe0d366c5158868c61403d5f7285785fb998,porter,bing,,data/raw/bing/porter/baltic_porter_strong_dark_snifter_glass_-bottle_-can_-logo/000003.jpg,000003.jpg,1080,1080,2025-10-04T18:31:44Z,f6669d8d0a727431,data/smart_cropped/d695fe0d366c5158868c61403d5f7285785fb998.jpg,detr_object_crop,"{""method"": ""detr_object_crop"", ""label"": ""wine glass"", ""score"": 0.9983291029930115, ""box"": [242, 0, 819, 1067]}"
f0290bd15645cf9a0649260a072e0427bef9ff99,porter,bing,,data/raw/bing/porter/porter_beer_amber_brown_pub_draft_-bottle_-can_-logo/000026.jpg,000026.jpg,1300,951,2025-10-04T18:32:56Z,e5e1e7e50e841a9a,data/smart_cropped/f0290bd15645cf9a0649260a072e0427bef9ff99.jpg,detr_object_crop,"{""method"": ""detr_object_crop"", ""label"": ""bottle"", ""score"": 0.7765822410583496, ""box"": [71, 0, 518, 835]}"
bfd4f5a3419114b7b9c50bc7302fb24a780c575e,porter,bing,,data/raw/bing/porter/porter_beer_amber_brown_pub_draft_-bottle_-can_-logo/000032.jpg,000032.jpg,600,900,2025-10-04T18:32:56Z,b1988ee6cf65c388,data/smart_cropped/bfd4f5a3419114b7b9c50bc7302fb24a780c575e.jpg,detr_object_crop,"{""method"": ""detr_object_crop"", ""label"": ""cup"", ""score"": 0.9980588555335999, ""box"": [77, 23, 528, 868]}"
f5cdf17d62a0ef6023c401dfa06b7f49decb9bdd,porter,bing,,data/raw/bing/porter/porter_beer_amber_brown_pub_draft_-bottle_-can_-logo/000033.jpg,000033.jpg,800,530,2025-10-04T18:32:56Z,e5e3e5ca261a1a99,data/smart_cropped/f5cdf17d62a0ef6023c401dfa06b7f49decb9bdd.jpg,detr_object_crop,"{""method"": ""detr_object_crop"", ""label"": ""bottle"", ""score"": 0.9285517334938049, ""box"": [66, 0, 320, 494]}"
aad5d07352ed6844a04165a06d78a828cdf31742,porter,bing,,data/raw/bing/porter/porter_beer_amber_brown_pub_draft_-bottle_-can_-logo/000031.jpg,000031.jpg,1024,1024,2025-10-04T18:32:56Z,b1989a669bc3cec2,data/smart_cropped/aad5d07352ed6844a04165a06d78a828cdf31742.jpg,center_square_fallback,"{""method"": ""center_square_fallback"", ""label"": null, ""score"": null, ""box"": [0, 0, 1024, 1024]}"
395f3ba2a98a6f4b84273e19be1b2afd26185262,porter,bing,,data/raw/bing/porter/porter_beer_amber_brown_pub_draft_-bottle_-can_-logo/000024.jpg,000024.jpg,1600,900,2025-10-04T18:32:56Z,99e6910f0e396e39,data/smart_cropped/395f3ba2a98a6f4b84273e19be1b2afd26185262.jpg,center_square_fallback,"{""method"": ""center_square_fallback"", ""label"": null, ""score"": null, ""box"": [350, 0, 1250, 900]}"
c48aee57c7e3b3b695fc6b38d229707e2ef48868,porter,bing,,data/raw/bing/porter/porter_beer_amber_brown_pub_draft_-bottle_-can_-logo/000034.jpg,000034.jpg,960,720,2025-10-04T18:32:56Z,c28a231553737cf9,data/smart_cropped/c48aee57c7e3b3b695fc6b38d229707e2ef48868.jpg,detr_object_crop,"{""method"": ""detr_object_crop"", ""label"": ""cup"", ""score"": 0.7666267156600952, ""box"": [787, 536, 960, 720]}"
7c62a6148c88f874d0b86d6d24213e1619cbcdee,porter,bing,,data/raw/bing/porter/porter_beer_amber_brown_pub_draft_-bottle_-can_-logo/000020.jpg,000020.jpg,1200,675,2025-10-04T18:32:56Z,8b3694174bc969cb,data/smart_cropped/7c62a6148c88f874d0b86d6d24213e1619cbcdee.jpg,detr_object_crop,"{""method"": ""detr_object_crop"", ""label"": ""wine glass"", ""score"": 0.9926536083221436, ""box"": [678, 10, 1120, 675]}"
dfd8221aa1edc73e299530543e5d4d653aa40f3c,porter,bing,,data/raw/bing/porter/porter_beer_amber_brown_pub_draft_-bottle_-can_-logo/000021.jpg,000021.jpg,600,744,2025-10-04T18:32:56Z,af0bd3243c0dcbb2,data/smart_cropped/dfd8221aa1edc73e299530543e5d4d653aa40f3c.jpg,detr_object_crop,"{""method"": ""detr_object_crop"", ""label"": ""cup"", ""score"": 0.9983293414115906, ""box"": [56, 5, 533, 606]}"
b565a8a550fdd0c3c1b703232f36d044a1e12619,porter,bing,,data/raw/bing/porter/porter_beer_amber_brown_pub_draft_-bottle_-can_-logo/000035.jpg,000035.jpg,512,512,2025-10-04T18:32:56Z,b318ccc7cc63cc63,data/smart_cropped/b565a8a550fdd0c3c1b703232f36d044a1e12619.jpg,detr_object_crop,"{""method"": ""detr_object_crop"", ""label"": ""cup"", ""score"": 0.8318673968315125, ""box"": [113, 0, 386, 512]}"
6e8c36ccbe65036ac1bc20fcce06e1ee7a1b378c,porter,bing,,data/raw/bing/porter/porter_beer_amber_brown_pub_draft_-bottle_-can_-logo/000023.jpg,000023.jpg,772,1024,2025-10-04T18:32:56Z,e13896879ec9c969,data/smart_cropped/6e8c36ccbe65036ac1bc20fcce06e1ee7a1b378c.jpg,detr_object_crop,"{""method"": ""detr_object_crop"", ""label"": ""cup"", ""score"": 0.9569889307022095, ""box"": [125, 0, 746, 1012]}"
fb42dc5c3faae9b7ecd0e318a1464148c208dce6,porter,bing,,data/raw/bing/porter/porter_beer_amber_brown_pub_draft_-bottle_-can_-logo/000036.jpg,000036.jpg,1024,576,2025-10-04T18:32:56Z,ac9383cecb8ec196,data/smart_cropped/fb42dc5c3faae9b7ecd0e318a1464148c208dce6.jpg,detr_object_crop,"{""method"": ""detr_object_crop"", ""label"": ""bottle"", ""score"": 0.9889246821403503, ""box"": [600, 40, 809, 280]}"
7b89a54f4709c94110ac59d54d7b7039d8e76a48,porter,bing,,data/raw/bing/porter/porter_beer_amber_brown_pub_draft_-bottle_-can_-logo/000022.jpg,000022.jpg,791,1547,2025-10-04T18:32:56Z,e96dd3961c1b9a30,data/smart_cropped/7b89a54f4709c94110ac59d54d7b7039d8e76a48.jpg,detr_object_crop,"{""method"": ""detr_object_crop"", ""label"": ""wine glass"", ""score"": 0.9981799125671387, ""box"": [55, 21, 731, 1474]}"
11e290882605d5f739e3288b561f9609101b164b,porter,bing,,data/raw/bing/porter/porter_beer_amber_brown_pub_draft_-bottle_-can_-logo/000045.jpg,000045.jpg,1338,1746,2025-10-04T18:32:56Z,eb5a859790a3d0e3,data/smart_cropped/11e290882605d5f739e3288b561f9609101b164b.jpg,detr_object_crop,"{""method"": ""detr_object_crop"", ""label"": ""cup"", ""score"": 0.9993327260017395, ""box"": [186, 135, 951, 1114]}"
ef18324a7cdd271fd8eee577b359fccf8c803060,porter,bing,,data/raw/bing/porter/porter_beer_amber_brown_pub_draft_-bottle_-can_-logo/000050.jpg,000050.jpg,1024,768,2025-10-04T18:32:56Z,f222cdcb34cc7370,data/smart_cropped/ef18324a7cdd271fd8eee577b359fccf8c803060.jpg,detr_object_crop,"{""method"": ""detr_object_crop"", ""label"": ""toilet"", ""score"": 0.9915689826011658, ""box"": [82, 0, 834, 768]}"
76cfc422f5bd73b289e3a4c0d412d0eddcd277aa,porter,bing,,data/raw/bing/porter/porter_beer_amber_brown_pub_draft_-bottle_-can_-logo/000047.jpg,000047.jpg,1022,600,2025-10-04T18:32:56Z,c837b8c8673ac936,data/smart_cropped/76cfc422f5bd73b289e3a4c0d412d0eddcd277aa.jpg,detr_object_crop,"{""method"": ""detr_object_crop"", ""label"": ""cup"", ""score"": 0.9986377358436584, ""box"": [662, 59, 967, 560]}"
aab68e5889ae534144bfd68b44fbd1e8d4eaa02f,porter,bing,,data/raw/bing/porter/porter_beer_amber_brown_pub_draft_-bottle_-can_-logo/000043.jpg,000043.jpg,1600,1157,2025-10-04T18:32:56Z,9183536a6e1b6c73,data/smart_cropped/aab68e5889ae534144bfd68b44fbd1e8d4eaa02f.jpg,detr_object_crop,"{""method"": ""detr_object_crop"", ""label"": ""cup"", ""score"": 0.9855917692184448, ""box"": [622, 0, 1600, 1157]}"
4294836d2744b2053488c35c1c626c0c0ae188ac,porter,bing,,data/raw/bing/porter/porter_beer_amber_brown_pub_draft_-bottle_-can_-logo/000042.jpg,000042.jpg,1300,957,2025-10-04T18:32:56Z,bb9d09f062ce3ea0,data/smart_cropped/4294836d2744b2053488c35c1c626c0c0ae188ac.jpg,detr_object_crop,"{""method"": ""detr_object_crop"", ""label"": ""vase"", ""score"": 0.9680954217910767, ""box"": [168, 170, 740, 862]}"
4c76d2db5bac4fc11d5df11a83772585064d2110,porter,bing,,data/raw/bing/porter/porter_beer_amber_brown_pub_draft_-bottle_-can_-logo/000040.jpg,000040.jpg,1207,1390,2025-10-04T18:32:56Z,f5bf66810dc12a4e,data/smart_cropped/4c76d2db5bac4fc11d5df11a83772585064d2110.jpg,detr_object_crop,"{""method"": ""detr_object_crop"", ""label"": ""bottle"", ""score"": 0.8642334938049316, ""box"": [0, 0, 302, 1098]}"
30acbf32f95c2a8166b204a822a050e21b8b5510,porter,bing,,data/raw/bing/porter/porter_beer_amber_brown_pub_draft_-bottle_-can_-logo/000049.jpg,000049.jpg,768,1024,2025-10-04T18:32:56Z,fffc40f32cf22180,data/smart_cropped/30acbf32f95c2a8166b204a822a050e21b8b5510.jpg,detr_object_crop,"{""method"": ""detr_object_crop"", ""label"": ""bottle"", ""score"": 0.9838181138038635, ""box"": [266, 615, 449, 876]}"
fda8bc7dc070290ee8d984f2ca1d8e4094849523,porter,bing,,data/raw/bing/porter/porter_beer_amber_brown_pub_draft_-bottle_-can_-logo/000048.jpg,000048.jpg,1280,720,2025-10-04T18:32:56Z,97c86a5ba1143f36,data/smart_cropped/fda8bc7dc070290ee8d984f2ca1d8e4094849523.jpg,center_square_fallback,"{""method"": ""center_square_fallback"", ""label"": null, ""score"": null, ""box"": [280, 0, 1000, 720]}"
f09e65bb66bcf361607d2a8627f06e00b155f873,porter,bing,,data/raw/bing/porter/porter_beer_amber_brown_pub_draft_-bottle_-can_-logo/000007.jpg,000007.jpg,1024,576,2025-10-04T18:32:56Z,ca369795d415e968,data/smart_cropped/f09e65bb66bcf361607d2a8627f06e00b155f873.jpg,detr_object_crop,"{""method"": ""detr_object_crop"", ""label"": ""wine glass"", ""score"": 0.9942758679389954, ""box"": [509, 0, 977, 576]}"
5e6a9e2903d8388ed8830b82cc8e38d7d97b1a80,porter,bing,,data/raw/bing/porter/porter_beer_amber_brown_pub_draft_-bottle_-can_-logo/000013.jpg,000013.jpg,1500,1101,2025-10-04T18:32:56Z,908747b878fc4787,data/smart_cropped/5e6a9e2903d8388ed8830b82cc8e38d7d97b1a80.jpg,detr_object_crop,"{""method"": ""detr_object_crop"", ""label"": ""wine glass"", ""score"": 0.9974066615104675, ""box"": [0, 94, 270, 1050]}"
6ff906813ee999dda8f0a5418bb96693c8da7cc7,porter,bing,,data/raw/bing/porter/porter_beer_amber_brown_pub_draft_-bottle_-can_-logo/000038.jpg,000038.jpg,768,768,2025-10-04T18:32:56Z,d359ac65239bd1a4,data/smart_cropped/6ff906813ee999dda8f0a5418bb96693c8da7cc7.jpg,detr_object_crop,"{""method"": ""detr_object_crop"", ""label"": ""wine glass"", ""score"": 0.9981611371040344, ""box"": [166, 151, 617, 745]}"
a8835ca30d0b8e8eec22c263f150157916e06b5f,porter,bing,,data/raw/bing/porter/porter_beer_amber_brown_pub_draft_-bottle_-can_-logo/000010.jpg,000010.jpg,1500,1000,2025-10-04T18:32:56Z,e692b945a5779816,data/smart_cropped/a8835ca30d0b8e8eec22c263f150157916e06b5f.jpg,detr_object_crop,"{""method"": ""detr_object_crop"", ""label"": ""bottle"", ""score"": 0.9991301894187927, ""box"": [568, 0, 925, 973]}"
60a8a3df56ec1d28db7b119f87c978fc3ac3caad,porter,bing,,data/raw/bing/porter/porter_beer_amber_brown_pub_draft_-bottle_-can_-logo/000005.jpg,000005.jpg,800,533,2025-10-04T18:32:56Z,a4ccca336317f887,data/smart_cropped/60a8a3df56ec1d28db7b119f87c978fc3ac3caad.jpg,detr_object_crop,"{""method"": ""detr_object_crop"", ""label"": ""bottle"", ""score"": 0.9968794584274292, ""box"": [94, 0, 294, 284]}"
6af4a18c90a4974d85747a0c78cf57b31cf344f8,porter,bing,,data/raw/bing/porter/porter_beer_amber_brown_pub_draft_-bottle_-can_-logo/000039.jpg,000039.jpg,875,578,2025-10-04T18:32:56Z,8f467ee05cb19aa1,data/smart_cropped/6af4a18c90a4974d85747a0c78cf57b31cf344f8.jpg,detr_object_crop,"{""method"": ""detr_object_crop"", ""label"": ""bottle"", ""score"": 0.9972226619720459, ""box"": [578, 0, 875, 578]}"
684d9d985ca08102f83d0bbdcbdf21e84bd78dbb,porter,bing,,data/raw/bing/porter/porter_beer_amber_brown_pub_draft_-bottle_-can_-logo/000015.jpg,000015.jpg,861,1390,2025-10-04T18:32:56Z,c8cedb81366c6176,data/smart_cropped/684d9d985ca08102f83d0bbdcbdf21e84bd78dbb.jpg,detr_object_crop,"{""method"": ""detr_object_crop"", ""label"": ""dining table"", ""score"": 0.9514755606651306, ""box"": [0, 768, 861, 1390]}"
0b6e95e39248225a6d7cf22d53f493b71ed4df77,porter,bing,,data/raw/bing/porter/porter_beer_amber_brown_pub_draft_-bottle_-can_-logo/000001.jpg,000001.jpg,1500,1001,2025-10-04T18:32:56Z,d1e3c6867c3c3c38,data/smart_cropped/0b6e95e39248225a6d7cf22d53f493b71ed4df77.jpg,center_square_fallback,"{""method"": ""center_square_fallback"", ""label"": null, ""score"": null, ""box"": [249, 0, 1250, 1001]}"
cfb4667ba606ed20e22f8634be6d6df39dfe3ca2,porter,bing,,data/raw/bing/porter/porter_beer_amber_brown_pub_draft_-bottle_-can_-logo/000029.jpg,000029.jpg,900,1200,2025-10-04T18:32:56Z,b8c0c612cf6dc76c,data/smart_cropped/cfb4667ba606ed20e22f8634be6d6df39dfe3ca2.jpg,detr_object_crop,"{""method"": ""detr_object_crop"", ""label"": ""bottle"", ""score"": 0.9983816146850586, ""box"": [377, 20, 791, 1167]}"
bb3a7e12db546bfac728737afe5651feaa6ba713,porter,bing,,data/raw/bing/porter/porter_beer_amber_brown_pub_draft_-bottle_-can_-logo/000028.jpg,000028.jpg,1280,720,2025-10-04T18:32:56Z,a8e89795959f9096,data/smart_cropped/bb3a7e12db546bfac728737afe5651feaa6ba713.jpg,detr_object_crop,"{""method"": ""detr_object_crop"", ""label"": ""bottle"", ""score"": 0.9985023736953735, ""box"": [239, 0, 704, 720]}"
be326e675f85a7f93f946190f5a638a211f002ca,porter,bing,,data/raw/bing/porter/porter_beer_amber_brown_pub_draft_-bottle_-can_-logo/000014.jpg,000014.jpg,1749,980,2025-10-04T18:32:56Z,e4d9d11bd0a62b4e,data/smart_cropped/be326e675f85a7f93f946190f5a638a211f002ca.jpg,detr_object_crop,"{""method"": ""detr_object_crop"", ""label"": ""cup"", ""score"": 0.9818364977836609, ""box"": [707, 0, 1254, 980]}"
676a4fe21fabb22a628cf70894773168c1cabf42,porter,bing,,data/raw/bing/porter/porter_beer_amber_brown_pub_draft_-bottle_-can_-logo/000016.jpg,000016.jpg,2560,2560,2025-10-04T18:32:56Z,d359ac65239bd1a4,data/smart_cropped/676a4fe21fabb22a628cf70894773168c1cabf42.jpg,detr_object_crop,"{""method"": ""detr_object_crop"", ""label"": ""wine glass"", ""score"": 0.9972332119941711, ""box"": [561, 505, 2054, 2480]}"
db74bd33648f96a1647dde81456d6ac16cddfb98,porter,bing,,data/raw/bing/porter/porter_beer_amber_brown_pub_draft_-bottle_-can_-logo/000017.jpg,000017.jpg,1700,740,2025-10-04T18:32:56Z,b8b7465a720da719,data/smart_cropped/db74bd33648f96a1647dde81456d6ac16cddfb98.jpg,detr_object_crop,"{""method"": ""detr_object_crop"", ""label"": ""bottle"", ""score"": 0.9959213733673096, ""box"": [533, 22, 809, 740]}"
e9b6cb5188412011b138903d23cf01b89e59fbd6,sour,bing,,data/raw/bing/sour/sour_beer_bright_color_in_tulip_glass_-bottle_-can_-logo_-mockup/000026.jpg,000026.jpg,626,626,2025-10-04T18:34:14Z,ad915c662e72b1c9,data/smart_cropped/e9b6cb5188412011b138903d23cf01b89e59fbd6.jpg,detr_object_crop,"{""method"": ""detr_object_crop"", ""label"": ""wine glass"", ""score"": 0.9992330074310303, ""box"": [174, 68, 440, 626]}"
1efa216c86e22faee5e6483b6d8f2f6bcd6109d3,sour,bing,,data/raw/bing/sour/sour_beer_bright_color_in_tulip_glass_-bottle_-can_-logo_-mockup/000033.jpg,000033.jpg,1068,1690,2025-10-04T18:34:14Z,edc7929c13bc6483,data/smart_cropped/1efa216c86e22faee5e6483b6d8f2f6bcd6109d3.jpg,detr_object_crop,"{""method"": ""detr_object_crop"", ""label"": ""wine glass"", ""score"": 0.9967138767242432, ""box"": [143, 102, 897, 1487]}"
22a50328cd957bb299cc0b40a28a9fb8b37d3946,sour,bing,,data/raw/bing/sour/sour_beer_bright_color_in_tulip_glass_-bottle_-can_-logo_-mockup/000027.jpg,000027.jpg,800,800,2025-10-04T18:34:14Z,e499963669ce3364,data/smart_cropped/22a50328cd957bb299cc0b40a28a9fb8b37d3946.jpg,detr_object_crop,"{""method"": ""detr_object_crop"", ""label"": ""vase"", ""score"": 0.9895526766777039, ""box"": [139, 0, 661, 800]}"
fee3dd3ba4119955dccd94d9ebcec9b6457c27b3,sour,bing,,data/raw/bing/sour/sour_beer_bright_color_in_tulip_glass_-bottle_-can_-logo_-mockup/000019.jpg,000019.jpg,626,626,2025-10-04T18:34:14Z,f878dc0979f22307,data/smart_cropped/fee3dd3ba4119955dccd94d9ebcec9b6457c27b3.jpg,detr_object_crop,"{""method"": ""detr_object_crop"", ""label"": ""vase"", ""score"": 0.9908484220504761, ""box"": [173, 0, 454, 626]}"
7d1c639ccc8357fcb03f8a20fc0a953eea3635c0,sour,bing,,data/raw/bing/sour/sour_beer_bright_color_in_tulip_glass_-bottle_-can_-logo_-mockup/000031.jpg,000031.jpg,1000,900,2025-10-04T18:34:14Z,e6b30cc92665e333,data/smart_cropped/7d1c639ccc8357fcb03f8a20fc0a953eea3635c0.jpg,detr_object_crop,"{""method"": ""detr_object_crop"", ""label"": ""wine glass"", ""score"": 0.9987768530845642, ""box"": [274, 15, 724, 900]}"
9e52575dae283c5be25cfe858cc4e896779125e4,sour,bing,,data/raw/bing/sour/sour_beer_bright_color_in_tulip_glass_-bottle_-can_-logo_-mockup/000025.jpg,000025.jpg,626,626,2025-10-04T18:34:14Z,9bd1962592f7261a,data/smart_cropped/9e52575dae283c5be25cfe858cc4e896779125e4.jpg,detr_object_crop,"{""method"": ""detr_object_crop"", ""label"": ""wine glass"", ""score"": 0.9979583024978638, ""box"": [152, 26, 478, 626]}"
f16f3456755098582faedf4971b8c5d5cfba48ea,sour,bing,,data/raw/bing/sour/sour_beer_bright_color_in_tulip_glass_-bottle_-can_-logo_-mockup/000024.jpg,000024.jpg,626,626,2025-10-04T18:34:14Z,8c93316d636666ce,data/smart_cropped/f16f3456755098582faedf4971b8c5d5cfba48ea.jpg,detr_object_crop,"{""method"": ""detr_object_crop"", ""label"": ""vase"", ""score"": 0.8970110416412354, ""box"": [132, 8, 496, 619]}"
0c2ad3d5541da363c5c58aa95fa6b6b3ae7a735f,sour,bing,,data/raw/bing/sour/sour_beer_bright_color_in_tulip_glass_-bottle_-can_-logo_-mockup/000030.jpg,000030.jpg,1600,1530,2025-10-04T18:34:14Z,b3f30ccc349959a6,data/smart_cropped/0c2ad3d5541da363c5c58aa95fa6b6b3ae7a735f.jpg,detr_object_crop,"{""method"": ""detr_object_crop"", ""label"": ""wine glass"", ""score"": 0.9053799510002136, ""box"": [403, 109, 1199, 1524]}"
844d1d4e933338299244f37f1a07660fb52711ce,sour,bing,,data/raw/bing/sour/sour_beer_bright_color_in_tulip_glass_-bottle_-can_-logo_-mockup/000034.jpg,000034.jpg,1067,1690,2025-10-04T18:34:14Z,ce663131c74cdc33,data/smart_cropped/844d1d4e933338299244f37f1a07660fb52711ce.jpg,detr_object_crop,"{""method"": ""detr_object_crop"", ""label"": ""wine glass"", ""score"": 0.9935649037361145, ""box"": [223, 428, 836, 1586]}"
1c65bd522eeb44ee919a6102cbdbcd39c78e418f,sour,bing,,data/raw/bing/sour/sour_beer_bright_color_in_tulip_glass_-bottle_-can_-logo_-mockup/000020.jpg,000020.jpg,600,900,2025-10-04T18:34:14Z,d3c52aaa3dbce061,data/smart_cropped/1c65bd522eeb44ee919a6102cbdbcd39c78e418f.jpg,center_square_fallback,"{""method"": ""center_square_fallback"", ""label"": null, ""score"": null, ""box"": [0, 150, 600, 750]}"
4d2bc80e015551fe0e785774dbd4f3fc09cd56cd,sour,bing,,data/raw/bing/sour/sour_beer_bright_color_in_tulip_glass_-bottle_-can_-logo_-mockup/000008.jpg,000008.jpg,800,534,2025-10-04T18:34:14Z,d2462c3b31e943f6,data/smart_cropped/4d2bc80e015551fe0e785774dbd4f3fc09cd56cd.jpg,detr_object_crop,"{""method"": ""detr_object_crop"", ""label"": ""wine glass"", ""score"": 0.8249768614768982, ""box"": [390, 0, 678, 534]}"
1fbd66c82b147ad8d04649e912b9b5ab619b1c5b,sour,bing,,data/raw/bing/sour/sour_beer_bright_color_in_tulip_glass_-bottle_-can_-logo_-mockup/000009.jpg,000009.jpg,626,626,2025-10-04T18:34:14Z,d88cfd4d85e46b0a,data/smart_cropped/1fbd66c82b147ad8d04649e912b9b5ab619b1c5b.jpg,detr_object_crop,"{""method"": ""detr_object_crop"", ""label"": ""wine glass"", ""score"": 0.9939765930175781, ""box"": [152, 48, 483, 626]}"
7158599f9db293d33f3d71c57b117d7cb7ff812a,sour,bing,,data/raw/bing/sour/sour_beer_bright_color_in_tulip_glass_-bottle_-can_-logo_-mockup/000035.jpg,000035.jpg,1067,1690,2025-10-04T18:34:14Z,afefc0f0189312bc,data/smart_cropped/7158599f9db293d33f3d71c57b117d7cb7ff812a.jpg,center_square_fallback,"{""method"": ""center_square_fallback"", ""label"": null, ""score"": null, ""box"": [0, 311, 1067, 1378]}"
93952a6a58b1f97e4c76814cbc8c892a96b4d071,sour,bing,,data/raw/bing/sour/sour_beer_bright_color_in_tulip_glass_-bottle_-can_-logo_-mockup/000023.jpg,000023.jpg,626,626,2025-10-04T18:34:14Z,9b1af255b0e323b2,data/smart_cropped/93952a6a58b1f97e4c76814cbc8c892a96b4d071.jpg,detr_object_crop,"{""method"": ""detr_object_crop"", ""label"": ""wine glass"", ""score"": 0.997886598110199, ""box"": [152, 53, 464, 626]}"
273e6fb7415be55425cef8679b288fc7ecb04d0f,sour,bing,,data/raw/bing/sour/sour_beer_bright_color_in_tulip_glass_-bottle_-can_-logo_-mockup/000037.jpg,000037.jpg,1067,1690,2025-10-04T18:34:14Z,afedd0d01bc310bc,data/smart_cropped/273e6fb7415be55425cef8679b288fc7ecb04d0f.jpg,center_square_fallback,"{""method"": ""center_square_fallback"", ""label"": null, ""score"": null, ""box"": [0, 311, 1067, 1378]}"
ca726aba57e90ee9944e09a0b21fd56ad86d94ad,sour,bing,,data/raw/bing/sour/sour_beer_bright_color_in_tulip_glass_-bottle_-can_-logo_-mockup/000036.jpg,000036.jpg,1600,1157,2025-10-04T18:34:14Z,9266ad58631f68d9,data/smart_cropped/ca726aba57e90ee9944e09a0b21fd56ad86d94ad.jpg,detr_object_crop,"{""method"": ""detr_object_crop"", ""label"": ""wine glass"", ""score"": 0.8873307108879089, ""box"": [831, 0, 1378, 950]}"
c902d56e3bcd4b1131beb4bf2444d97ff4fa85d2,sour,bing,,data/raw/bing/sour/sour_beer_bright_color_in_tulip_glass_-bottle_-can_-logo_-mockup/000022.jpg,000022.jpg,1000,1078,2025-10-04T18:34:14Z,e99914d633e324cd,data/smart_cropped/c902d56e3bcd4b1131beb4bf2444d97ff4fa85d2.jpg,center_square_fallback,"{""method"": ""center_square_fallback"", ""label"": null, ""score"": null, ""box"": [0, 39, 1000, 1039]}"
963bddf5414c42f8928ec5d65a67a59e2a153d04,sour,bing,,data/raw/bing/sour/sour_beer_bright_color_in_tulip_glass_-bottle_-can_-logo_-mockup/000045.jpg,000045.jpg,1600,1157,2025-10-04T18:34:14Z,92a54d52edc86b4e,data/smart_cropped/963bddf5414c42f8928ec5d65a67a59e2a153d04.jpg,detr_object_crop,"{""method"": ""detr_object_crop"", ""label"": ""wine glass"", ""score"": 0.9685648083686829, ""box"": [808, 0, 1442, 1157]}"
3a3363819f6b2f805f271d82b76aeeaba55adb15,sour,bing,,data/raw/bing/sour/sour_beer_bright_color_in_tulip_glass_-bottle_-can_-logo_-mockup/000051.jpg,000051.jpg,1500,1500,2025-10-04T18:34:14Z,b0999bc7cd64cc64,data/smart_cropped/3a3363819f6b2f805f271d82b76aeeaba55adb15.jpg,detr_object_crop,"{""method"": ""detr_object_crop"", ""label"": ""wine glass"", ""score"": 0.9693966507911682, ""box"": [285, 0, 1203, 1500]}"
6331654ae6c0868cd314f7c0e18685341b286172,sour,bing,,data/raw/bing/sour/sour_beer_bright_color_in_tulip_glass_-bottle_-can_-logo_-mockup/000050.jpg,000050.jpg,1600,1290,2025-10-04T18:34:14Z,9e9e63c3f8618703,data/smart_cropped/6331654ae6c0868cd314f7c0e18685341b286172.jpg,detr_object_crop,"{""method"": ""detr_object_crop"", ""label"": ""wine glass"", ""score"": 0.9720654487609863, ""box"": [89, 22, 728, 1199]}"
200cfab7fa280162df9641ae30d2d612d6f27836,sour,bing,,data/raw/bing/sour/sour_beer_bright_color_in_tulip_glass_-bottle_-can_-logo_-mockup/000044.jpg,000044.jpg,601,900,2025-10-04T18:34:14Z,c9d0363a39692ced,data/smart_cropped/200cfab7fa280162df9641ae30d2d612d6f27836.jpg,detr_object_crop,"{""method"": ""detr_object_crop"", ""label"": ""wine glass"", ""score"": 0.940592885017395, ""box"": [210, 0, 552, 698]}"
78d200cf1c4374ca1ea5516cd0bcbf57c07625e2,sour,bing,,data/raw/bing/sour/sour_beer_bright_color_in_tulip_glass_-bottle_-can_-logo_-mockup/000052.jpg,000052.jpg,800,800,2025-10-04T18:34:14Z,e6992667993661cc,data/smart_cropped/78d200cf1c4374ca1ea5516cd0bcbf57c07625e2.jpg,detr_object_crop,"{""method"": ""detr_object_crop"", ""label"": ""wine glass"", ""score"": 0.9988442659378052, ""box"": [196, 0, 627, 800]}"
aebd6a2d87dd507e2e181dbef31035ecd8f46814,sour,bing,,data/raw/bing/sour/sour_beer_bright_color_in_tulip_glass_-bottle_-can_-logo_-mockup/000046.jpg,000046.jpg,1125,1690,2025-10-04T18:34:14Z,e4ce1f9173a4468e,data/smart_cropped/aebd6a2d87dd507e2e181dbef31035ecd8f46814.jpg,detr_object_crop,"{""method"": ""detr_object_crop"", ""label"": ""vase"", ""score"": 0.9988786578178406, ""box"": [225, 241, 1047, 1480]}"
0eaab4483a6c1d7fcf74d2b4aaf6b1ebe02482ec,sour,bing,,data/raw/bing/sour/sour_beer_bright_color_in_tulip_glass_-bottle_-can_-logo_-mockup/000047.jpg,000047.jpg,1402,1402,2025-10-04T18:34:14Z,d3642d9ae8d32659,data/smart_cropped/0eaab4483a6c1d7fcf74d2b4aaf6b1ebe02482ec.jpg,detr_object_crop,"{""method"": ""detr_object_crop"", ""label"": ""bottle"", ""score"": 0.9986969828605652, ""box"": [213, 108, 728, 1358]}"
5b939ea563dfaec0e73c8cd1b19d7a9d89461098,sour,bing,,data/raw/bing/sour/sour_beer_bright_color_in_tulip_glass_-bottle_-can_-logo_-mockup/000053.jpg,000053.jpg,600,600,2025-10-04T18:34:14Z,e54ccfd39b329230,data/smart_cropped/5b939ea563dfaec0e73c8cd1b19d7a9d89461098.jpg,detr_object_crop,"{""method"": ""detr_object_crop"", ""label"": ""cup"", ""score"": 0.7241277098655701, ""box"": [98, 0, 491, 600]}"
88d14c7f3ea7649532cdd59157581ab80455669a,sour,bing,,data/raw/bing/sour/sour_beer_bright_color_in_tulip_glass_-bottle_-can_-logo_-mockup/000043.jpg,000043.jpg,1600,1157,2025-10-04T18:34:14Z,8595b29f6db052a3,data/smart_cropped/88d14c7f3ea7649532cdd59157581ab80455669a.jpg,detr_object_crop,"{""method"": ""detr_object_crop"", ""label"": ""vase"", ""score"": 0.8388570547103882, ""box"": [849, 227, 1319, 1039]}"
bed1ca8614e6be31515429881f31b1d141db04c5,sour,bing,,data/raw/bing/sour/sour_beer_bright_color_in_tulip_glass_-bottle_-can_-logo_-mockup/000042.jpg,000042.jpg,750,750,2025-10-04T18:34:14Z,e499ce365933b264,data/smart_cropped/bed1ca8614e6be31515429881f31b1d141db04c5.jpg,detr_object_crop,"{""method"": ""detr_object_crop"", ""label"": ""wine glass"", ""score"": 0.99072265625, ""box"": [120, 0, 629, 747]}"
b581eb28d316d9ba7487f68ed9e6f8b0a8d1b51b,sour,bing,,data/raw/bing/sour/sour_beer_bright_color_in_tulip_glass_-bottle_-can_-logo_-mockup/000056.jpg,000056.jpg,981,939,2025-10-04T18:34:14Z,e418cbe7389a23d9,data/smart_cropped/b581eb28d316d9ba7487f68ed9e6f8b0a8d1b51b.jpg,detr_object_crop,"{""method"": ""detr_object_crop"", ""label"": ""wine glass"", ""score"": 0.8845715522766113, ""box"": [195, 0, 793, 939]}"
7a2292bb39aa8d0385b8e3173f860efe810383f2,sour,bing,,data/raw/bing/sour/sour_beer_bright_color_in_tulip_glass_-bottle_-can_-logo_-mockup/000054.jpg,000054.jpg,800,800,2025-10-04T18:34:14Z,93936c76334ccc33,data/smart_cropped/7a2292bb39aa8d0385b8e3173f860efe810383f2.jpg,detr_object_crop,"{""method"": ""detr_object_crop"", ""label"": ""umbrella"", ""score"": 0.9912342429161072, ""box"": [54, 10, 744, 705]}"
57c1ae1d240d52f87c08f309a4c28bb332b1348e,sour,bing,,data/raw/bing/sour/sour_beer_bright_color_in_tulip_glass_-bottle_-can_-logo_-mockup/000055.jpg,000055.jpg,1067,1690,2025-10-04T18:34:14Z,dbdd2a0a3d3ce061,data/smart_cropped/57c1ae1d240d52f87c08f309a4c28bb332b1348e.jpg,center_square_fallback,"{""method"": ""center_square_fallback"", ""label"": null, ""score"": null, ""box"": [0, 311, 1067, 1378]}"
01e8b7e14e2296635135042f923f6216704d6538,sour,bing,,data/raw/bing/sour/sour_beer_bright_color_in_tulip_glass_-bottle_-can_-logo_-mockup/000041.jpg,000041.jpg,856,1390,2025-10-04T18:34:14Z,e6a5189f72e17087,data/smart_cropped/01e8b7e14e2296635135042f923f6216704d6538.jpg,detr_object_crop,"{""method"": ""detr_object_crop"", ""label"": ""wine glass"", ""score"": 0.9879155158996582, ""box"": [199, 120, 689, 1287]}"
9248908458ece67c592af63cac43b4e2139c1785,sour,bing,,data/raw/bing/sour/sour_beer_bright_color_in_tulip_glass_-bottle_-can_-logo_-mockup/000058.jpg,000058.jpg,600,900,2025-10-04T18:34:14Z,af6dd0941b13383d,data/smart_cropped/9248908458ece67c592af63cac43b4e2139c1785.jpg,detr_object_crop,"{""method"": ""detr_object_crop"", ""label"": ""wine glass"", ""score"": 0.9659004807472229, ""box"": [34, 0, 557, 900]}"
a1b9980532116054868ab7af3a97bcd09158b8a6,sour,bing,,data/raw/bing/sour/sour_beer_bright_color_in_tulip_glass_-bottle_-can_-logo_-mockup/000059.jpg,000059.jpg,1600,1690,2025-10-04T18:34:14Z,93936c2a33a1ccd7,data/smart_cropped/a1b9980532116054868ab7af3a97bcd09158b8a6.jpg,detr_object_crop,"{""method"": ""detr_object_crop"", ""label"": ""umbrella"", ""score"": 0.9704501628875732, ""box"": [85, 0, 1516, 1690]}"
ba0dd6823ca0845864a4775207227ab21737a857,sour,bing,,data/raw/bing/sour/sour_beer_bright_color_in_tulip_glass_-bottle_-can_-logo_-mockup/000061.jpg,000061.jpg,600,900,2025-10-04T18:34:14Z,aa9a5715607866e7,data/smart_cropped/ba0dd6823ca0845864a4775207227ab21737a857.jpg,detr_object_crop,"{""method"": ""detr_object_crop"", ""label"": ""wine glass"", ""score"": 0.998045802116394, ""box"": [66, 30, 543, 872]}"
d35afc5ac50115e2c6392dcbd66fdd654f656d2a,sour,bing,,data/raw/bing/sour/sour_beer_bright_color_in_tulip_glass_-bottle_-can_-logo_-mockup/000048.jpg,000048.jpg,800,565,2025-10-04T18:34:14Z,edd2919126b3cc63,data/smart_cropped/d35afc5ac50115e2c6392dcbd66fdd654f656d2a.jpg,detr_object_crop,"{""method"": ""detr_object_crop"", ""label"": ""wine glass"", ""score"": 0.9574074745178223, ""box"": [359, 16, 701, 565]}"
d4f91afb6dda411978d44a690ea47d91004fba53,sour,bing,,data/raw/bing/sour/sour_beer_bright_color_in_tulip_glass_-bottle_-can_-logo_-mockup/000060.jpg,000060.jpg,601,900,2025-10-04T18:34:14Z,89d23732316dcccd,data/smart_cropped/d4f91afb6dda411978d44a690ea47d91004fba53.jpg,detr_object_crop,"{""method"": ""detr_object_crop"", ""label"": ""wine glass"", ""score"": 0.9677579402923584, ""box"": [210, 0, 553, 700]}"
6ac5fa44e76f210121553b684296116d55a573f8,sour,bing,,data/raw/bing/sour/sour_beer_bright_color_in_tulip_glass_-bottle_-can_-logo_-mockup/000007.jpg,000007.jpg,626,626,2025-10-04T18:34:14Z,aa7c463473d4754c,data/smart_cropped/6ac5fa44e76f210121553b684296116d55a573f8.jpg,detr_object_crop,"{""method"": ""detr_object_crop"", ""label"": ""wine glass"", ""score"": 0.99831223487854, ""box"": [158, 105, 468, 622]}"
dbd0f5ad14c97de897ee1324e03e1a695bb91909,sour,bing,,data/raw/bing/sour/sour_beer_bright_color_in_tulip_glass_-bottle_-can_-logo_-mockup/000013.jpg,000013.jpg,1100,1100,2025-10-04T18:34:14Z,e44d93929a8e9b3c,data/smart_cropped/dbd0f5ad14c97de897ee1324e03e1a695bb91909.jpg,detr_object_crop,"{""method"": ""detr_object_crop"", ""label"": ""cup"", ""score"": 0.995795726776123, ""box"": [210, 0, 881, 1100]}"
f039fccf324afd70d18fc969059389fff9c1eada,sour,bing,,data/raw/bing/sour/sour_beer_bright_color_in_tulip_glass_-bottle_-can_-logo_-mockup/000012.jpg,000012.jpg,626,626,2025-10-04T18:34:14Z,f1f125e16d1e3292,data/smart_cropped/f039fccf324afd70d18fc969059389fff9c1eada.jpg,detr_object_crop,"{""method"": ""detr_object_crop"", ""label"": ""wine glass"", ""score"": 0.9974818825721741, ""box"": [134, 45, 491, 616]}"
0a13f29aedbca46f623af62b4954c4e976cd1a5a,sour,bing,,data/raw/bing/sour/sour_beer_bright_color_in_tulip_glass_-bottle_-can_-logo_-mockup/000010.jpg,000010.jpg,626,626,2025-10-04T18:34:14Z,895b76579782089f,data/smart_cropped/0a13f29aedbca46f623af62b4954c4e976cd1a5a.jpg,detr_object_crop,"{""method"": ""detr_object_crop"", ""label"": ""wine glass"", ""score"": 0.9989369511604309, ""box"": [156, 79, 472, 626]}"
3694d2ff58b835c4f4966f40c3362a9c4ca70c4e,sour,bing,,data/raw/bing/sour/sour_beer_bright_color_in_tulip_glass_-bottle_-can_-logo_-mockup/000011.jpg,000011.jpg,626,626,2025-10-04T18:34:14Z,9df9244a47374aca,data/smart_cropped/3694d2ff58b835c4f4966f40c3362a9c4ca70c4e.jpg,detr_object_crop,"{""method"": ""detr_object_crop"", ""label"": ""wine glass"", ""score"": 0.9876015782356262, ""box"": [149, 64, 476, 621]}"
bb5f4fc648ce3b3a0187e4785ccce7ff68ec9b3d,sour,bing,,data/raw/bing/sour/sour_beer_bright_color_in_tulip_glass_-bottle_-can_-logo_-mockup/000039.jpg,000039.jpg,601,900,2025-10-04T18:34:14Z,e5cb9ab28c68e32c,data/smart_cropped/bb5f4fc648ce3b3a0187e4785ccce7ff68ec9b3d.jpg,center_square_fallback,"{""method"": ""center_square_fallback"", ""label"": null, ""score"": null, ""box"": [0, 149, 601, 750]}"
ed66c7b832f6141c65a2f5b124ba4453531f7a1c,sour,bing,,data/raw/bing/sour/sour_beer_bright_color_in_tulip_glass_-bottle_-can_-logo_-mockup/000015.jpg,000015.jpg,598,598,2025-10-04T18:34:14Z,b3339989cc66cc66,data/smart_cropped/ed66c7b832f6141c65a2f5b124ba4453531f7a1c.jpg,detr_object_crop,"{""method"": ""detr_object_crop"", ""label"": ""wine glass"", ""score"": 0.9992715716362, ""box"": [180, 19, 413, 577]}"
9726be218d9a91a7932621051fe49a39d1b7ef36,sour,bing,,data/raw/bing/sour/sour_beer_bright_color_in_tulip_glass_-bottle_-can_-logo_-mockup/000001.jpg,000001.jpg,1000,1000,2025-10-04T18:34:14Z,c797d0242dc99cb6,data/smart_cropped/9726be218d9a91a7932621051fe49a39d1b7ef36.jpg,detr_object_crop,"{""method"": ""detr_object_crop"", ""label"": ""wine glass"", ""score"": 0.9990124702453613, ""box"": [147, 98, 590, 868]}"
977e507a52b1bdb98d1a75222769aa1c2ea1cf08,sour,bing,,data/raw/bing/sour/sour_beer_bright_color_in_tulip_glass_-bottle_-can_-logo_-mockup/000014.jpg,000014.jpg,626,626,2025-10-04T18:34:14Z,fc4c6b5103f632a5,data/smart_cropped/977e507a52b1bdb98d1a75222769aa1c2ea1cf08.jpg,detr_object_crop,"{""method"": ""detr_object_crop"", ""label"": ""wine glass"", ""score"": 0.9966984391212463, ""box"": [158, 12, 481, 626]}"
42f66813a2d99d03b607fddca3a08dc08ea60b10,sour,bing,,data/raw/bing/sour/sour_beer_bright_color_in_tulip_glass_-bottle_-can_-logo_-mockup/000002.jpg,000002.jpg,1195,1195,2025-10-04T18:34:14Z,861bb859a1e719b6,data/smart_cropped/42f66813a2d99d03b607fddca3a08dc08ea60b10.jpg,detr_object_crop,"{""method"": ""detr_object_crop"", ""label"": ""wine glass"", ""score"": 0.9493927955627441, ""box"": [240, 46, 956, 1191]}"
aac173cb623b7d58f3f3733014a0c2b87300f538,sour,bing,,data/raw/bing/sour/sour_beer_bright_color_in_tulip_glass_-bottle_-can_-logo_-mockup/000016.jpg,000016.jpg,626,626,2025-10-04T18:34:14Z,99a9e86c164b61b7,data/smart_cropped/aac173cb623b7d58f3f3733014a0c2b87300f538.jpg,detr_object_crop,"{""method"": ""detr_object_crop"", ""label"": ""wine glass"", ""score"": 0.9972320199012756, ""box"": [131, 18, 496, 626]}"
e74e018b67e5379fac23e843a372ca54991419bc,sour,bing,,data/raw/bing/sour/sour_beer_bright_color_in_tulip_glass_-bottle_-can_-logo_-mockup/000017.jpg,000017.jpg,626,626,2025-10-04T18:34:14Z,ebdba564c4e6248c,data/smart_cropped/e74e018b67e5379fac23e843a372ca54991419bc.jpg,detr_object_crop,"{""method"": ""detr_object_crop"", ""label"": ""wine glass"", ""score"": 0.8301757574081421, ""box"": [130, 23, 498, 626]}"
a833d3c88303098aa49cba19b4f996d5fce89447,sour,bing,,data/raw/bing/sour/sour_beer_bright_color_in_tulip_glass_-bottle_-can_-logo_-mockup/000003.jpg,000003.jpg,866,1390,2025-10-04T18:34:14Z,f1b95486468f588f,data/smart_cropped/a833d3c88303098aa49cba19b4f996d5fce89447.jpg,detr_object_crop,"{""method"": ""detr_object_crop"", ""label"": ""wine glass"", ""score"": 0.8719221949577332, ""box"": [94, 0, 760, 1329]}"
09e743d34c0f7a81814372fe86a90b327ed030c5,sour,bing,,data/raw/bing/sour/fruited_sour_raspberry_cherry_teku_glass_-bottle_-can_-logo/000026.jpg,000026.jpg,866,1390,2025-10-04T18:35:52Z,bd141a6a74bf109d,data/smart_cropped/09e743d34c0f7a81814372fe86a90b327ed030c5.jpg,detr_object_crop,"{""method"": ""detr_object_crop"", ""label"": ""cup"", ""score"": 0.9988271594047546, ""box"": [277, 232, 866, 1336]}"
ee8a3a431e0b23f2cc06c712eaee6fd01c771e07,sour,bing,,data/raw/bing/sour/fruited_sour_raspberry_cherry_teku_glass_-bottle_-can_-logo/000032.jpg,000032.jpg,708,900,2025-10-04T18:35:52Z,b1404e87cc3f713e,data/smart_cropped/ee8a3a431e0b23f2cc06c712eaee6fd01c771e07.jpg,detr_object_crop,"{""method"": ""detr_object_crop"", ""label"": ""cup"", ""score"": 0.9139894247055054, ""box"": [43, 19, 554, 848]}"
9c3c32f69f981ad84736b0ed6f9de8d2b0456edf,sour,bing,,data/raw/bing/sour/fruited_sour_raspberry_cherry_teku_glass_-bottle_-can_-logo/000033.jpg,000033.jpg,1300,954,2025-10-04T18:35:52Z,a3e859bb72814fc8,data/smart_cropped/9c3c32f69f981ad84736b0ed6f9de8d2b0456edf.jpg,center_square_fallback,"{""method"": ""center_square_fallback"", ""label"": null, ""score"": null, ""box"": [173, 0, 1127, 954]}"
29fc793e8023d6135cbd26e2e57d4c61941b865b,sour,bing,,data/raw/bing/sour/fruited_sour_raspberry_cherry_teku_glass_-bottle_-can_-logo/000019.jpg,000019.jpg,3840,2880,2025-10-04T18:35:52Z,8208ccf6dd3b23c7,data/smart_cropped/29fc793e8023d6135cbd26e2e57d4c61941b865b.jpg,detr_object_crop,"{""method"": ""detr_object_crop"", ""label"": ""cup"", ""score"": 0.9614660739898682, ""box"": [1363, 1138, 2514, 2621]}"
725721b0c11f2a3f16dbeaab560ae53ea3d3deb2,sour,bing,,data/raw/bing/sour/fruited_sour_raspberry_cherry_teku_glass_-bottle_-can_-logo/000031.jpg,000031.jpg,1000,1000,2025-10-04T18:35:52Z,911ba910bd1c96bf,data/smart_cropped/725721b0c11f2a3f16dbeaab560ae53ea3d3deb2.jpg,center_square_fallback,"{""method"": ""center_square_fallback"", ""label"": null, ""score"": null, ""box"": [0, 0, 1000, 1000]}"
ab1a927cbbaa0e947e47c799e89a29829db9f1c6,sour,bing,,data/raw/bing/sour/fruited_sour_raspberry_cherry_teku_glass_-bottle_-can_-logo/000025.jpg,000025.jpg,1300,1390,2025-10-04T18:35:52Z,c767fa9c689c0cb0,data/smart_cropped/ab1a927cbbaa0e947e47c799e89a29829db9f1c6.jpg,center_square_fallback,"{""method"": ""center_square_fallback"", ""label"": null, ""score"": null, ""box"": [0, 45, 1300, 1345]}"
9be63337eec88fda4cac9f1aa7a3df8b447668cc,sour,bing,,data/raw/bing/sour/fruited_sour_raspberry_cherry_teku_glass_-bottle_-can_-logo/000030.jpg,000030.jpg,800,513,2025-10-04T18:35:52Z,86ceb1b1d015b7d2,data/smart_cropped/9be63337eec88fda4cac9f1aa7a3df8b447668cc.jpg,detr_object_crop,"{""method"": ""detr_object_crop"", ""label"": ""bowl"", ""score"": 0.9298236966133118, ""box"": [0, 0, 366, 513]}"
41ae1b155eba68d0236e7059f4490c3a752e7575,sour,bing,,data/raw/bing/sour/fruited_sour_raspberry_cherry_teku_glass_-bottle_-can_-logo/000018.jpg,000018.jpg,1300,859,2025-10-04T18:35:52Z,c13b3ec59b926925,data/smart_cropped/41ae1b155eba68d0236e7059f4490c3a752e7575.jpg,detr_object_crop,"{""method"": ""detr_object_crop"", ""label"": ""bowl"", ""score"": 0.9937748908996582, ""box"": [0, 231, 1300, 848]}"
fe33951cf9ef14e663a5bdafc5833b8dcbe605ac,sour,bing,,data/raw/bing/sour/fruited_sour_raspberry_cherry_teku_glass_-bottle_-can_-logo/000034.jpg,000034.jpg,1500,1120,2025-10-04T18:35:52Z,fed1c0c6229c5db1,data/smart_cropped/fe33951cf9ef14e663a5bdafc5833b8dcbe605ac.jpg,detr_object_crop,"{""method"": ""detr_object_crop"", ""label"": ""bowl"", ""score"": 0.9764519333839417, ""box"": [128, 192, 597, 649]}"
a625ca98d41a621dc1130f17a41e83dd729767a8,sour,bing,,data/raw/bing/sour/fruited_sour_raspberry_cherry_teku_glass_-bottle_-can_-logo/000020.jpg,000020.jpg,888,1390,2025-10-04T18:35:52Z,93936c0db093e32f,data/smart_cropped/a625ca98d41a621dc1130f17a41e83dd729767a8.jpg,detr_object_crop,"{""method"": ""detr_object_crop"", ""label"": ""apple"", ""score"": 0.9918704032897949, ""box"": [72, 381, 463, 791]}"
4b1c489479a2f08ee441ecabc13ddde5f9051c3e,sour,bing,,data/raw/bing/sour/fruited_sour_raspberry_cherry_teku_glass_-bottle_-can_-logo/000009.jpg,000009.jpg,1080,1350,2025-10-04T18:35:52Z,ce66383892c66dce,data/smart_cropped/4b1c489479a2f08ee441ecabc13ddde5f9051c3e.jpg,detr_object_crop,"{""method"": ""detr_object_crop"", ""label"": ""vase"", ""score"": 0.9588268995285034, ""box"": [237, 817, 845, 1265]}"
ad881d18b11ee24d445d7e94ffe955b3f6cabef5,sour,bing,,data/raw/bing/sour/fruited_sour_raspberry_cherry_teku_glass_-bottle_-can_-logo/000021.jpg,000021.jpg,1200,1600,2025-10-04T18:35:52Z,fd3e83571081877c,data/smart_cropped/ad881d18b11ee24d445d7e94ffe955b3f6cabef5.jpg,detr_object_crop,"{""method"": ""detr_object_crop"", ""label"": ""wine glass"", ""score"": 0.9978970289230347, ""box"": [711, 218, 1200, 1368]}"
160ae5aebd24722f7635fb173c05e5ae2bdb385e,sour,bing,,data/raw/bing/sour/fruited_sour_raspberry_cherry_teku_glass_-bottle_-can_-logo/000023.jpg,000023.jpg,1000,667,2025-10-04T18:35:52Z,b6d2d839c627c394,data/smart_cropped/160ae5aebd24722f7635fb173c05e5ae2bdb385e.jpg,detr_object_crop,"{""method"": ""detr_object_crop"", ""label"": ""cup"", ""score"": 0.9805225729942322, ""box"": [284, 64, 729, 650]}"
da2396a35abef15d78fdac3f51f4d87620c14482,sour,bing,,data/raw/bing/sour/fruited_sour_raspberry_cherry_teku_glass_-bottle_-can_-logo/000037.jpg,000037.jpg,1500,1120,2025-10-04T18:35:52Z,d5d03aef08d72dc0,data/smart_cropped/da2396a35abef15d78fdac3f51f4d87620c14482.jpg,detr_object_crop,"{""method"": ""detr_object_crop"", ""label"": ""potted plant"", ""score"": 0.8880336880683899, ""box"": [222, 479, 756, 972]}"
dbd926e2655294c9ec725a0b3637cf933b5cc6b7,sour,bing,,data/raw/bing/sour/fruited_sour_raspberry_cherry_teku_glass_-bottle_-can_-logo/000036.jpg,000036.jpg,3240,4320,2025-10-04T18:35:52Z,a80c96b55bcb6d2c,data/smart_cropped/dbd926e2655294c9ec725a0b3637cf933b5cc6b7.jpg,detr_object_crop,"{""method"": ""detr_object_crop"", ""label"": ""vase"", ""score"": 0.9848836660385132, ""box"": [66, 793, 3158, 4320]}"
6c1c1f98fa27965008bea84539851d635fbd97a7,sour,bing,,data/raw/bing/sour/fruited_sour_raspberry_cherry_teku_glass_-bottle_-can_-logo/000045.jpg,000045.jpg,1600,1600,2025-10-04T18:35:52Z,a1b718a57e86b2c9,data/smart_cropped/6c1c1f98fa27965008bea84539851d635fbd97a7.jpg,center_square_fallback,"{""method"": ""center_square_fallback"", ""label"": null, ""score"": null, ""box"": [0, 0, 1600, 1600]}"
270af03a4fde156413a3ddff01385b4672ea3c1e,sour,bing,,data/raw/bing/sour/fruited_sour_raspberry_cherry_teku_glass_-bottle_-can_-logo/000050.jpg,000050.jpg,1000,1000,2025-10-04T18:35:52Z,b0bab69b1b4595c1,data/smart_cropped/270af03a4fde156413a3ddff01385b4672ea3c1e.jpg,center_square_fallback,"{""method"": ""center_square_fallback"", ""label"": null, ""score"": null, ""box"": [0, 0, 1000, 1000]}"
13798c1003692f0876a85d64fd1abbb1459b1988,sour,bing,,data/raw/bing/sour/fruited_sour_raspberry_cherry_teku_glass_-bottle_-can_-logo/000052.jpg,000052.jpg,1500,1125,2025-10-04T18:35:52Z,fa9ca109cc33a537,data/smart_cropped/13798c1003692f0876a85d64fd1abbb1459b1988.jpg,detr_object_crop,"{""method"": ""detr_object_crop"", ""label"": ""fork"", ""score"": 0.8645712733268738, ""box"": [252, 223, 937, 1125]}"
8dd97bd3e0c1c7fdf89b3b7c4b2439c124b1ea07,sour,bing,,data/raw/bing/sour/fruited_sour_raspberry_cherry_teku_glass_-bottle_-can_-logo/000046.jpg,000046.jpg,1300,953,2025-10-04T18:35:52Z,f28b8de4189b72a6,data/smart_cropped/8dd97bd3e0c1c7fdf89b3b7c4b2439c124b1ea07.jpg,detr_object_crop,"{""method"": ""detr_object_crop"", ""label"": ""apple"", ""score"": 0.9912813305854797, ""box"": [525, 394, 983, 849]}"
2143c67284b924b05cfdb6e7d80da09100acc037,sour,bing,,data/raw/bing/sour/fruited_sour_raspberry_cherry_teku_glass_-bottle_-can_-logo/000047.jpg,000047.jpg,640,640,2025-10-04T18:35:52Z,d8f41e5067ee518a,data/smart_cropped/2143c67284b924b05cfdb6e7d80da09100acc037.jpg,detr_object_crop,"{""method"": ""detr_object_crop"", ""label"": ""apple"", ""score"": 0.7719900012016296, ""box"": [0, 0, 283, 257]}"
bb5a32c27b303c8d05babdda0261ea6b46b4e233,sour,bing,,data/raw/bing/sour/fruited_sour_raspberry_cherry_teku_glass_-bottle_-can_-logo/000057.jpg,000057.jpg,800,600,2025-10-04T18:35:52Z,f81987f5a666b051,data/smart_cropped/bb5a32c27b303c8d05babdda0261ea6b46b4e233.jpg,detr_object_crop,"{""method"": ""detr_object_crop"", ""label"": ""apple"", ""score"": 0.7492374777793884, ""box"": [0, 0, 800, 600]}"
ff6874658d4d13a1debd8b7be3877bc3642fb5c5,sour,bing,,data/raw/bing/sour/fruited_sour_raspberry_cherry_teku_glass_-bottle_-can_-logo/000043.jpg,000043.jpg,600,903,2025-10-04T18:35:52Z,bccbc23dc3300dd3,data/smart_cropped/ff6874658d4d13a1debd8b7be3877bc3642fb5c5.jpg,detr_object_crop,"{""method"": ""detr_object_crop"", ""label"": ""cup"", ""score"": 0.9899857044219971, ""box"": [23, 232, 532, 831]}"
c32eb87307c5d5fc0a52c7f959616a47329e2834,sour,bing,,data/raw/bing/sour/fruited_sour_raspberry_cherry_teku_glass_-bottle_-can_-logo/000042.jpg,000042.jpg,1080,1080,2025-10-04T18:35:52Z,aab3b537325a1334,data/smart_cropped/c32eb87307c5d5fc0a52c7f959616a47329e2834.jpg,center_square_fallback,"{""method"": ""center_square_fallback"", ""label"": null, ""score"": null, ""box"": [0, 0, 1080, 1080]}"
5d91ab5c256bfa28061bd69cf1bbdf0af9ca7516,sour,bing,,data/raw/bing/sour/fruited_sour_raspberry_cherry_teku_glass_-bottle_-can_-logo/000040.jpg,000040.jpg,736,920,2025-10-04T18:35:52Z,eec0993fc03d26e4,data/smart_cropped/5d91ab5c256bfa28061bd69cf1bbdf0af9ca7516.jpg,detr_object_crop,"{""method"": ""detr_object_crop"", ""label"": ""bottle"", ""score"": 0.9888973832130432, ""box"": [242, 469, 589, 818]}"
20d58bb08191c14a843bd943bebbb0ffaedbcc59,sour,bing,,data/raw/bing/sour/fruited_sour_raspberry_cherry_teku_glass_-bottle_-can_-logo/000054.jpg,000054.jpg,1024,682,2025-10-04T18:35:52Z,f2b49f8e1dfc2101,data/smart_cropped/20d58bb08191c14a843bd943bebbb0ffaedbcc59.jpg,detr_object_crop,"{""method"": ""detr_object_crop"", ""label"": ""cup"", ""score"": 0.910363495349884, ""box"": [234, 38, 836, 631]}"
2121054d9c1383380551592d61d4e8050e73ae8f,sour,bing,,data/raw/bing/sour/fruited_sour_raspberry_cherry_teku_glass_-bottle_-can_-logo/000041.jpg,000041.jpg,600,600,2025-10-04T18:35:52Z,ecc79238d36c6c92,data/smart_cropped/2121054d9c1383380551592d61d4e8050e73ae8f.jpg,detr_object_crop,"{""method"": ""detr_object_crop"", ""label"": ""apple"", ""score"": 0.9941188097000122, ""box"": [245, 277, 519, 547]}"
6e35055c8d3e0efb5270171cdcfc0b053f9a1bca,sour,bing,,data/raw/bing/sour/fruited_sour_raspberry_cherry_teku_glass_-bottle_-can_-logo/000058.jpg,000058.jpg,1120,784,2025-10-04T18:35:52Z,9f61d26663b16a61,data/smart_cropped/6e35055c8d3e0efb5270171cdcfc0b053f9a1bca.jpg,detr_object_crop,"{""method"": ""detr_object_crop"", ""label"": ""apple"", ""score"": 0.9696150422096252, ""box"": [387, 302, 646, 554]}"
4dcfb2528ff40951057c5b264dd57628fe01debb,sour,bing,,data/raw/bing/sour/fruited_sour_raspberry_cherry_teku_glass_-bottle_-can_-logo/000059.jpg,000059.jpg,3084,2709,2025-10-04T18:35:52Z,c02e0b3d3ef03fe0,data/smart_cropped/4dcfb2528ff40951057c5b264dd57628fe01debb.jpg,detr_object_crop,"{""method"": ""detr_object_crop"", ""label"": ""cup"", ""score"": 0.9778317213058472, ""box"": [0, 0, 3084, 2709]}"
25e144677b74e493e2c5c4317a28bf8455a71d0e,sour,bing,,data/raw/bing/sour/fruited_sour_raspberry_cherry_teku_glass_-bottle_-can_-logo/000048.jpg,000048.jpg,1080,1080,2025-10-04T18:35:52Z,bffdd050f040960f,data/smart_cropped/25e144677b74e493e2c5c4317a28bf8455a71d0e.jpg,center_square_fallback,"{""method"": ""center_square_fallback"", ""label"": null, ""score"": null, ""box"": [0, 0, 1080, 1080]}"
92e6dd046e66b881cba0e2de3e1510bf5539e4b4,sour,bing,,data/raw/bing/sour/fruited_sour_raspberry_cherry_teku_glass_-bottle_-can_-logo/000060.jpg,000060.jpg,800,600,2025-10-04T18:35:52Z,97ffe1a0a0a1a7b0,data/smart_cropped/92e6dd046e66b881cba0e2de3e1510bf5539e4b4.jpg,center_square_fallback,"{""method"": ""center_square_fallback"", ""label"": null, ""score"": null, ""box"": [100, 0, 700, 600]}"
4755637c9c4ec603c7e107e5481f2315cf09a87f,sour,bing,,data/raw/bing/sour/fruited_sour_raspberry_cherry_teku_glass_-bottle_-can_-logo/000007.jpg,000007.jpg,1300,1065,2025-10-04T18:35:52Z,e7b158ca788867a3,data/smart_cropped/4755637c9c4ec603c7e107e5481f2315cf09a87f.jpg,detr_object_crop,"{""method"": ""detr_object_crop"", ""label"": ""cup"", ""score"": 0.9983798265457153, ""box"": [332, 79, 978, 858]}"
b13adb00634e272d9fe3a2e6f7d1d4fa1621a851,sour,bing,,data/raw/bing/sour/fruited_sour_raspberry_cherry_teku_glass_-bottle_-can_-logo/000013.jpg,000013.jpg,1300,1065,2025-10-04T18:35:52Z,e6a659c94a891f8b,data/smart_cropped/b13adb00634e272d9fe3a2e6f7d1d4fa1621a851.jpg,detr_object_crop,"{""method"": ""detr_object_crop"", ""label"": ""cup"", ""score"": 0.9936345815658569, ""box"": [358, 0, 954, 872]}"
cf028c5050fd83a8c348fd748bfb496df7a28868,sour,bing,,data/raw/bing/sour/fruited_sour_raspberry_cherry_teku_glass_-bottle_-can_-logo/000012.jpg,000012.jpg,1280,720,2025-10-04T18:35:52Z,a6cce63499966666,data/smart_cropped/cf028c5050fd83a8c348fd748bfb496df7a28868.jpg,detr_object_crop,"{""method"": ""detr_object_crop"", ""label"": ""cup"", ""score"": 0.962578535079956, ""box"": [344, 64, 932, 720]}"
a9911f69aa9b6bee5c5db3ac86fd7669aaf54b04,sour,bing,,data/raw/bing/sour/fruited_sour_raspberry_cherry_teku_glass_-bottle_-can_-logo/000038.jpg,000038.jpg,1600,1156,2025-10-04T18:35:52Z,9dc5475b03d6581d,data/smart_cropped/a9911f69aa9b6bee5c5db3ac86fd7669aaf54b04.jpg,center_square_fallback,"{""method"": ""center_square_fallback"", ""label"": null, ""score"": null, ""box"": [222, 0, 1378, 1156]}"
3cbe4fe8c7dc7208be28a40550c73a29157eb92b,sour,bing,,data/raw/bing/sour/fruited_sour_raspberry_cherry_teku_glass_-bottle_-can_-logo/000010.jpg,000010.jpg,2048,2048,2025-10-04T18:35:52Z,884c77339ccc6cb3,data/smart_cropped/3cbe4fe8c7dc7208be28a40550c73a29157eb92b.jpg,detr_object_crop,"{""method"": ""detr_object_crop"", ""label"": ""wine glass"", ""score"": 0.9524157047271729, ""box"": [493, 244, 1534, 2048]}"
c4d96503983bfade599f6ae06f7ffca0632da316,sour,bing,,data/raw/bing/sour/fruited_sour_raspberry_cherry_teku_glass_-bottle_-can_-logo/000011.jpg,000011.jpg,1500,1120,2025-10-04T18:35:52Z,f6963aea7a8414e1,data/smart_cropped/c4d96503983bfade599f6ae06f7ffca0632da316.jpg,detr_object_crop,"{""method"": ""detr_object_crop"", ""label"": ""bowl"", ""score"": 0.9961305856704712, ""box"": [831, 47, 1382, 607]}"
4bab121f86e662faf98b575cf48b0e660bb8b100,sour,bing,,data/raw/bing/sour/fruited_sour_raspberry_cherry_teku_glass_-bottle_-can_-logo/000015.jpg,000015.jpg,1024,1024,2025-10-04T18:35:52Z,9cf3c6a043b37631,data/smart_cropped/4bab121f86e662faf98b575cf48b0e660bb8b100.jpg,detr_object_crop,"{""method"": ""detr_object_crop"", ""label"": ""wine glass"", ""score"": 0.9756714105606079, ""box"": [275, 61, 1024, 1024]}"
1a73b6d1946b3d3eaded8925715e72b44822fad9,sour,bing,,data/raw/bing/sour/fruited_sour_raspberry_cherry_teku_glass_-bottle_-can_-logo/000001.jpg,000001.jpg,1280,720,2025-10-04T18:35:52Z,e4f9170029cb6a5f,data/smart_cropped/1a73b6d1946b3d3eaded8925715e72b44822fad9.jpg,detr_object_crop,"{""method"": ""detr_object_crop"", ""label"": ""person"", ""score"": 0.7722949981689453, ""box"": [0, 138, 211, 720]}"
4a4263839fe43f4f9c4f6d230df09f03e26eee7e,sour,bing,,data/raw/bing/sour/fruited_sour_raspberry_cherry_teku_glass_-bottle_-can_-logo/000028.jpg,000028.jpg,1600,1157,2025-10-04T18:35:52Z,bc50211d13ef4cb7,data/smart_cropped/4a4263839fe43f4f9c4f6d230df09f03e26eee7e.jpg,detr_object_crop,"{""method"": ""detr_object_crop"", ""label"": ""cup"", ""score"": 0.9927427768707275, ""box"": [733, 514, 1457, 1060]}"
f6a4962b10bad4d72b252bff7261d1ffb0382fa2,sour,bing,,data/raw/bing/sour/fruited_sour_raspberry_cherry_teku_glass_-bottle_-can_-logo/000014.jpg,000014.jpg,1067,1690,2025-10-04T18:35:52Z,a794cc33f3d81447,data/smart_cropped/f6a4962b10bad4d72b252bff7261d1ffb0382fa2.jpg,center_square_fallback,"{""method"": ""center_square_fallback"", ""label"": null, ""score"": null, ""box"": [0, 311, 1067, 1378]}"
97ec75e8547a2cfbc3a619f39625c244402992ff,sour,bing,,data/raw/bing/sour/fruited_sour_raspberry_cherry_teku_glass_-bottle_-can_-logo/000002.jpg,000002.jpg,1200,1200,2025-10-04T18:35:52Z,ad2fd2d0c02b33b6,data/smart_cropped/97ec75e8547a2cfbc3a619f39625c244402992ff.jpg,detr_object_crop,"{""method"": ""detr_object_crop"", ""label"": ""wine glass"", ""score"": 0.9935283064842224, ""box"": [43, 24, 644, 1189]}"
83cd2b143f99866dff0d6a7384bbbe402a46b508,sour,bing,,data/raw/bing/sour/fruited_sour_raspberry_cherry_teku_glass_-bottle_-can_-logo/000017.jpg,000017.jpg,1300,904,2025-10-04T18:35:52Z,aee9479658873998,data/smart_cropped/83cd2b143f99866dff0d6a7384bbbe402a46b508.jpg,detr_object_crop,"{""method"": ""detr_object_crop"", ""label"": ""cup"", ""score"": 0.9730249643325806, ""box"": [166, 30, 685, 881]}"
a37b0ed50e76426a844f60786d78f277fc145eca,sour,bing,,data/raw/bing/sour/fruited_sour_raspberry_cherry_teku_glass_-bottle_-can_-logo/000003.jpg,000003.jpg,1600,1157,2025-10-04T18:35:52Z,adc09a8f65390da7,data/smart_cropped/a37b0ed50e76426a844f60786d78f277fc145eca.jpg,detr_object_crop,"{""method"": ""detr_object_crop"", ""label"": ""cup"", ""score"": 0.9411800503730774, ""box"": [884, 120, 1364, 840]}"
9c8b69c652df0dc2671d55acd0317bb3b858c4e4,sour,bing,,data/raw/bing/sour/kettle_sour_golden_in_goblet_foam_-bottle_-can_-logo/000026.jpg,000026.jpg,1280,720,2025-10-04T18:37:18Z,c6c861e609b94ede,data/smart_cropped/9c8b69c652df0dc2671d55acd0317bb3b858c4e4.jpg,detr_object_crop,"{""method"": ""detr_object_crop"", ""label"": ""wine glass"", ""score"": 0.9932418465614319, ""box"": [2, 25, 508, 720]}"
335bbad2ff0a93b0a8174ab1f229f81e44e4e83f,sour,bing,,data/raw/bing/sour/kettle_sour_golden_in_goblet_foam_-bottle_-can_-logo/000032.jpg,000032.jpg,1400,932,2025-10-04T18:37:18Z,ea91b34e9156963c,data/smart_cropped/335bbad2ff0a93b0a8174ab1f229f81e44e4e83f.jpg,detr_object_crop,"{""method"": ""detr_object_crop"", ""label"": ""scissors"", ""score"": 0.9124509692192078, ""box"": [667, 185, 935, 482]}"
428daa1c795c7c9f9b67b6d6a33497b042fee1d8,sour,bing,,data/raw/bing/sour/kettle_sour_golden_in_goblet_foam_-bottle_-can_-logo/000033.jpg,000033.jpg,800,800,2025-10-04T18:37:18Z,e7928c6593926d99,data/smart_cropped/428daa1c795c7c9f9b67b6d6a33497b042fee1d8.jpg,detr_object_crop,"{""method"": ""detr_object_crop"", ""label"": ""cup"", ""score"": 0.7858266234397888, ""box"": [174, 253, 595, 644]}"
03b6766aa2eee14d8c47375dc032b9bbe46c01ba,sour,bing,,data/raw/bing/sour/kettle_sour_golden_in_goblet_foam_-bottle_-can_-logo/000027.jpg,000027.jpg,1488,1488,2025-10-04T18:37:18Z,e169969696969179,data/smart_cropped/03b6766aa2eee14d8c47375dc032b9bbe46c01ba.jpg,center_square_fallback,"{""method"": ""center_square_fallback"", ""label"": null, ""score"": null, ""box"": [0, 0, 1488, 1488]}"
1e502e1a486f05fc34e3639383e4dc8db18f1e29,sour,bing,,data/raw/bing/sour/kettle_sour_golden_in_goblet_foam_-bottle_-can_-logo/000019.jpg,000019.jpg,1080,1080,2025-10-04T18:37:18Z,b329dccacc23dd22,data/smart_cropped/1e502e1a486f05fc34e3639383e4dc8db18f1e29.jpg,center_square_fallback,"{""method"": ""center_square_fallback"", ""label"": null, ""score"": null, ""box"": [0, 0, 1080, 1080]}"
e1a9e1c086abeba7fca064b5631e4396902cab24,sour,bing,,data/raw/bing/sour/kettle_sour_golden_in_goblet_foam_-bottle_-can_-logo/000031.jpg,000031.jpg,1920,1080,2025-10-04T18:37:18Z,b3cccd3398cf8838,data/smart_cropped/e1a9e1c086abeba7fca064b5631e4396902cab24.jpg,detr_object_crop,"{""method"": ""detr_object_crop"", ""label"": ""vase"", ""score"": 0.7214577794075012, ""box"": [512, 293, 1276, 959]}"
6c24476cb57d5e8b3da7d8f221226c8fdaa42998,sour,bing,,data/raw/bing/sour/kettle_sour_golden_in_goblet_foam_-bottle_-can_-logo/000025.jpg,000025.jpg,1272,1272,2025-10-04T18:37:18Z,b0793c9b1e30cf34,data/smart_cropped/6c24476cb57d5e8b3da7d8f221226c8fdaa42998.jpg,detr_object_crop,"{""method"": ""detr_object_crop"", ""label"": ""vase"", ""score"": 0.9620823860168457, ""box"": [225, 0, 1052, 1272]}"
10f2b18da022bb496b6e9f8591a48780bb74c22c,sour,bing,,data/raw/bing/sour/kettle_sour_golden_in_goblet_foam_-bottle_-can_-logo/000024.jpg,000024.jpg,768,1024,2025-10-04T18:37:18Z,c843362edbd8606f,data/smart_cropped/10f2b18da022bb496b6e9f8591a48780bb74c22c.jpg,detr_object_crop,"{""method"": ""detr_object_crop"", ""label"": ""wine glass"", ""score"": 0.8285236954689026, ""box"": [19, 200, 601, 987]}"
92ae72a98bb8751f51b8aa3aebb78bba12e286b9,sour,bing,,data/raw/bing/sour/kettle_sour_golden_in_goblet_foam_-bottle_-can_-logo/000030.jpg,000030.jpg,1200,1690,2025-10-04T18:37:18Z,ccb31c4ee34cbc0d,data/smart_cropped/92ae72a98bb8751f51b8aa3aebb78bba12e286b9.jpg,center_square_fallback,"{""method"": ""center_square_fallback"", ""label"": null, ""score"": null, ""box"": [0, 245, 1200, 1445]}"
63d0d505806845444e090ddc1eb8eaba81556d54,sour,bing,,data/raw/bing/sour/kettle_sour_golden_in_goblet_foam_-bottle_-can_-logo/000018.jpg,000018.jpg,1920,1280,2025-10-04T18:37:18Z,d4782ba7d0782e87,data/smart_cropped/63d0d505806845444e090ddc1eb8eaba81556d54.jpg,detr_object_crop,"{""method"": ""detr_object_crop"", ""label"": ""sink"", ""score"": 0.7999037504196167, ""box"": [1366, 619, 1920, 1003]}"
a429572dc0a676618b2cefd47a4a02d6523e62d6,sour,bing,,data/raw/bing/sour/kettle_sour_golden_in_goblet_foam_-bottle_-can_-logo/000034.jpg,000034.jpg,800,809,2025-10-04T18:37:18Z,b8d227d83653d827,data/smart_cropped/a429572dc0a676618b2cefd47a4a02d6523e62d6.jpg,detr_object_crop,"{""method"": ""detr_object_crop"", ""label"": ""vase"", ""score"": 0.8406429886817932, ""box"": [0, 195, 139, 379]}"
3b41ce9ae1625844b0c8bb40ce1b36fa11040873,sour,bing,,data/raw/bing/sour/kettle_sour_golden_in_goblet_foam_-bottle_-can_-logo/000020.jpg,000020.jpg,1600,1690,2025-10-04T18:37:18Z,b1a64fc319b94cb1,data/smart_cropped/3b41ce9ae1625844b0c8bb40ce1b36fa11040873.jpg,detr_object_crop,"{""method"": ""detr_object_crop"", ""label"": ""cup"", ""score"": 0.7984382510185242, ""box"": [318, 0, 1281, 1673]}"
905ae30a01de77e7198ad60e8576d5eee361102f,sour,bing,,data/raw/bing/sour/kettle_sour_golden_in_goblet_foam_-bottle_-can_-logo/000008.jpg,000008.jpg,1300,958,2025-10-04T18:37:18Z,cdcd32b438e234e5,data/smart_cropped/905ae30a01de77e7198ad60e8576d5eee361102f.jpg,detr_object_crop,"{""method"": ""detr_object_crop"", ""label"": ""cup"", ""score"": 0.9641939401626587, ""box"": [287, 0, 891, 949]}"
ce9bd0c4651a401aa35d0727b1af9688903034b5,sour,bing,,data/raw/bing/sour/kettle_sour_golden_in_goblet_foam_-bottle_-can_-logo/000009.jpg,000009.jpg,1600,990,2025-10-04T18:37:18Z,e1979ee81ee11aa1,data/smart_cropped/ce9bd0c4651a401aa35d0727b1af9688903034b5.jpg,center_square_fallback,"{""method"": ""center_square_fallback"", ""label"": null, ""score"": null, ""box"": [305, 0, 1295, 990]}"
77a39b53956820b45af8961c06c215682c70d4eb,sour,bing,,data/raw/bing/sour/kettle_sour_golden_in_goblet_foam_-bottle_-can_-logo/000021.jpg,000021.jpg,585,600,2025-10-04T18:37:18Z,b7d8d027c827c936,data/smart_cropped/77a39b53956820b45af8961c06c215682c70d4eb.jpg,center_square_fallback,"{""method"": ""center_square_fallback"", ""label"": null, ""score"": null, ""box"": [0, 7, 585, 592]}"
7b5174062b7ab9d27de8ea0a540f0b4c371cf52e,sour,bing,,data/raw/bing/sour/kettle_sour_golden_in_goblet_foam_-bottle_-can_-logo/000035.jpg,000035.jpg,999,666,2025-10-04T18:37:18Z,9164fa9bf844a5b4,data/smart_cropped/7b5174062b7ab9d27de8ea0a540f0b4c371cf52e.jpg,detr_object_crop,"{""method"": ""detr_object_crop"", ""label"": ""wine glass"", ""score"": 0.9980044960975647, ""box"": [0, 281, 234, 658]}"
652ebee2bce4cb44ba77658232f8f5e62d590ff6,sour,bing,,data/raw/bing/sour/kettle_sour_golden_in_goblet_foam_-bottle_-can_-logo/000023.jpg,000023.jpg,1470,980,2025-10-04T18:37:18Z,c5ebbbc037c03097,data/smart_cropped/652ebee2bce4cb44ba77658232f8f5e62d590ff6.jpg,center_square_fallback,"{""method"": ""center_square_fallback"", ""label"": null, ""score"": null, ""box"": [245, 0, 1225, 980]}"
833cef59adc7c60cc49382d80e779b4b2203153c,sour,bing,,data/raw/bing/sour/kettle_sour_golden_in_goblet_foam_-bottle_-can_-logo/000037.jpg,000037.jpg,1000,667,2025-10-04T18:37:18Z,e7c2d43d89627ae0,data/smart_cropped/833cef59adc7c60cc49382d80e779b4b2203153c.jpg,detr_object_crop,"{""method"": ""detr_object_crop"", ""label"": ""vase"", ""score"": 0.9322172403335571, ""box"": [35, 21, 961, 612]}"
570e7d84d1fead849e92a07e42df9960f982d78a,sour,bing,,data/raw/bing/sour/kettle_sour_golden_in_goblet_foam_-bottle_-can_-logo/000022.jpg,000022.jpg,1600,1158,2025-10-04T18:37:18Z,df92b4e4a2ac047d,data/smart_cropped/570e7d84d1fead849e92a07e42df9960f982d78a.jpg,detr_object_crop,"{""method"": ""detr_object_crop"", ""label"": ""vase"", ""score"": 0.9793689846992493, ""box"": [971, 124, 1530, 981]}"
8cab326ddcb1323ba775beef2cc05d61168aa8ed,sour,bing,,data/raw/bing/sour/kettle_sour_golden_in_goblet_foam_-bottle_-can_-logo/000045.jpg,000045.jpg,570,834,2025-10-04T18:37:18Z,b25a8c86c53d939b,data/smart_cropped/8cab326ddcb1323ba775beef2cc05d61168aa8ed.jpg,detr_object_crop,"{""method"": ""detr_object_crop"", ""label"": ""vase"", ""score"": 0.8679779171943665, ""box"": [29, 27, 550, 822]}"
50521def0e37a1876fee1f1e7fd514aaa3efc0e6,sour,bing,,data/raw/bing/sour/kettle_sour_golden_in_goblet_foam_-bottle_-can_-logo/000051.jpg,000051.jpg,1470,980,2025-10-04T18:37:18Z,d4782ba7d0782e87,data/smart_cropped/50521def0e37a1876fee1f1e7fd514aaa3efc0e6.jpg,center_square_fallback,"{""method"": ""center_square_fallback"", ""label"": null, ""score"": null, ""box"": [245, 0, 1225, 980]}"
3093f45377bcef89d985356666d88a8ad5472941,sour,bing,,data/raw/bing/sour/kettle_sour_golden_in_goblet_foam_-bottle_-can_-logo/000050.jpg,000050.jpg,1470,980,2025-10-04T18:37:18Z,b7489ba47473435a,data/smart_cropped/3093f45377bcef89d985356666d88a8ad5472941.jpg,center_square_fallback,"{""method"": ""center_square_fallback"", ""label"": null, ""score"": null, ""box"": [245, 0, 1225, 980]}"
a42c9add4260f62eca2c6d3166013b5d2cc2ed0a,sour,bing,,data/raw/bing/sour/kettle_sour_golden_in_goblet_foam_-bottle_-can_-logo/000044.jpg,000044.jpg,1920,1280,2025-10-04T18:37:18Z,f02f8ed1601cd769,data/smart_cropped/a42c9add4260f62eca2c6d3166013b5d2cc2ed0a.jpg,detr_object_crop,"{""method"": ""detr_object_crop"", ""label"": ""sink"", ""score"": 0.9778367280960083, ""box"": [0, 491, 1920, 1280]}"
180289d2a076a49f2f1200298e7420791b0e0ec6,sour,bing,,data/raw/bing/sour/kettle_sour_golden_in_goblet_foam_-bottle_-can_-logo/000052.jpg,000052.jpg,1470,980,2025-10-04T18:37:18Z,adce1797114b0b0f,data/smart_cropped/180289d2a076a49f2f1200298e7420791b0e0ec6.jpg,center_square_fallback,"{""method"": ""center_square_fallback"", ""label"": null, ""score"": null, ""box"": [245, 0, 1225, 980]}"
825ce773728be6ad1ed5376c5d92e9fc0fd8dabf,sour,bing,,data/raw/bing/sour/kettle_sour_golden_in_goblet_foam_-bottle_-can_-logo/000047.jpg,000047.jpg,620,700,2025-10-04T18:37:18Z,ad7224d5d058d33e,data/smart_cropped/825ce773728be6ad1ed5376c5d92e9fc0fd8dabf.jpg,detr_object_crop,"{""method"": ""detr_object_crop"", ""label"": ""vase"", ""score"": 0.9968411922454834, ""box"": [277, 0, 620, 700]}"
e1c3b95dfb0da2b6f3a6ffba03f71242421ef66b,sour,bing,,data/raw/bing/sour/kettle_sour_golden_in_goblet_foam_-bottle_-can_-logo/000053.jpg,000053.jpg,1500,1500,2025-10-04T18:37:18Z,ee1291cc6e3b3ac4,data/smart_cropped/e1c3b95dfb0da2b6f3a6ffba03f71242421ef66b.jpg,center_square_fallback,"{""method"": ""center_square_fallback"", ""label"": null, ""score"": null, ""box"": [0, 0, 1500, 1500]}"
1ebabc477daf7f3e9d8965f915b8db32cd0c83ec,sour,bing,,data/raw/bing/sour/kettle_sour_golden_in_goblet_foam_-bottle_-can_-logo/000057.jpg,000057.jpg,710,756,2025-10-04T18:37:18Z,b32cccd3333433cc,data/smart_cropped/1ebabc477daf7f3e9d8965f915b8db32cd0c83ec.jpg,detr_object_crop,"{""method"": ""detr_object_crop"", ""label"": ""cup"", ""score"": 0.9870647192001343, ""box"": [144, 135, 551, 615]}"
ca35eed173e77733b216401b586ca6a58c27db7c,sour,bing,,data/raw/bing/sour/kettle_sour_golden_in_goblet_foam_-bottle_-can_-logo/000043.jpg,000043.jpg,1800,1800,2025-10-04T18:37:18Z,e66999966661699a,data/smart_cropped/ca35eed173e77733b216401b586ca6a58c27db7c.jpg,center_square_fallback,"{""method"": ""center_square_fallback"", ""label"": null, ""score"": null, ""box"": [0, 0, 1800, 1800]}"
f65f90f8a58b8fa1ca331e599a0c7a133fe65fe5,sour,bing,,data/raw/bing/sour/kettle_sour_golden_in_goblet_foam_-bottle_-can_-logo/000042.jpg,000042.jpg,1470,980,2025-10-04T18:37:18Z,cecc3c329239cbcc,data/smart_cropped/f65f90f8a58b8fa1ca331e599a0c7a133fe65fe5.jpg,detr_object_crop,"{""method"": ""detr_object_crop"", ""label"": ""sink"", ""score"": 0.9676583409309387, ""box"": [200, 136, 1259, 791]}"
c4a0a642dc066f3def0bb2b102f6bc6ba48bcdd6,sour,bing,,data/raw/bing/sour/kettle_sour_golden_in_goblet_foam_-bottle_-can_-logo/000040.jpg,000040.jpg,1200,1798,2025-10-04T18:37:18Z,84847f7f80e07b1b,data/smart_cropped/c4a0a642dc066f3def0bb2b102f6bc6ba48bcdd6.jpg,detr_object_crop,"{""method"": ""detr_object_crop"", ""label"": ""dining table"", ""score"": 0.9096162915229797, ""box"": [0, 0, 1200, 1798]}"
c99705de17e80c6e280c6b3bcb9b1ffd16125e69,sour,bing,,data/raw/bing/sour/kettle_sour_golden_in_goblet_foam_-bottle_-can_-logo/000041.jpg,000041.jpg,1920,1280,2025-10-04T18:37:18Z,90d36f2c90d37b4c,data/smart_cropped/c99705de17e80c6e280c6b3bcb9b1ffd16125e69.jpg,detr_object_crop,"{""method"": ""detr_object_crop"", ""label"": ""sink"", ""score"": 0.755672812461853, ""box"": [83, 303, 1802, 956]}"
1a146773d1fb2a00ffb7f06075f03d8ef689ac36,sour,bing,,data/raw/bing/sour/kettle_sour_golden_in_goblet_foam_-bottle_-can_-logo/000058.jpg,000058.jpg,1300,956,2025-10-04T18:37:18Z,d4907b8f45d07c87,data/smart_cropped/1a146773d1fb2a00ffb7f06075f03d8ef689ac36.jpg,detr_object_crop,"{""method"": ""detr_object_crop"", ""label"": ""sink"", ""score"": 0.8468359708786011, ""box"": [931, 405, 1300, 685]}"
ca02e4447b90caa9b2dc7612e4256ef2bbfa6b76,sour,bing,,data/raw/bing/sour/kettle_sour_golden_in_goblet_foam_-bottle_-can_-logo/000064.jpg,000064.jpg,992,610,2025-10-04T18:37:18Z,eb34d88125d83ecb,data/smart_cropped/ca02e4447b90caa9b2dc7612e4256ef2bbfa6b76.jpg,center_square_fallback,"{""method"": ""center_square_fallback"", ""label"": null, ""score"": null, ""box"": [191, 0, 801, 610]}"
7cc1237912578a19df12f731598ec275385227e2,sour,bing,,data/raw/bing/sour/kettle_sour_golden_in_goblet_foam_-bottle_-can_-logo/000059.jpg,000059.jpg,800,534,2025-10-04T18:37:18Z,9b996067c62c9a9b,data/smart_cropped/7cc1237912578a19df12f731598ec275385227e2.jpg,center_square_fallback,"{""method"": ""center_square_fallback"", ""label"": null, ""score"": null, ""box"": [133, 0, 667, 534]}"
d3cb86c78a6792627e47b25cbdcb3c30df35d3c0,sour,bing,,data/raw/bing/sour/kettle_sour_golden_in_goblet_foam_-bottle_-can_-logo/000062.jpg,000062.jpg,800,800,2025-10-04T18:37:18Z,f896955a97699829,data/smart_cropped/d3cb86c78a6792627e47b25cbdcb3c30df35d3c0.jpg,center_square_fallback,"{""method"": ""center_square_fallback"", ""label"": null, ""score"": null, ""box"": [0, 0, 800, 800]}"
0f19ac6ec9fc111dbc848460bd7151533334b370,sour,bing,,data/raw/bing/sour/kettle_sour_golden_in_goblet_foam_-bottle_-can_-logo/000061.jpg,000061.jpg,1920,1280,2025-10-04T18:37:18Z,93d86c27c678191f,data/smart_cropped/0f19ac6ec9fc111dbc848460bd7151533334b370.jpg,detr_object_crop,"{""method"": ""detr_object_crop"", ""label"": ""sink"", ""score"": 0.9501763582229614, ""box"": [242, 289, 1600, 950]}"
4786c2e9bf38bbd832d07a1e181f938bb8fce87d,sour,bing,,data/raw/bing/sour/kettle_sour_golden_in_goblet_foam_-bottle_-can_-logo/000048.jpg,000048.jpg,584,900,2025-10-04T18:37:18Z,8749b64b45773855,data/smart_cropped/4786c2e9bf38bbd832d07a1e181f938bb8fce87d.jpg,detr_object_crop,"{""method"": ""detr_object_crop"", ""label"": ""toilet"", ""score"": 0.8533785343170166, ""box"": [0, 595, 414, 900]}"
19c47f08747d3fe8ac0c07086531e44f7b53328d,sour,bing,,data/raw/bing/sour/kettle_sour_golden_in_goblet_foam_-bottle_-can_-logo/000060.jpg,000060.jpg,1300,956,2025-10-04T18:37:18Z,b6807b847cd173c3,data/smart_cropped/19c47f08747d3fe8ac0c07086531e44f7b53328d.jpg,center_square_fallback,"{""method"": ""center_square_fallback"", ""label"": null, ""score"": null, ""box"": [172, 0, 1128, 956]}"
21dca9b994f696b7d8c7eaf15010f134fffc2a47,sour,bing,,data/raw/bing/sour/kettle_sour_golden_in_goblet_foam_-bottle_-can_-logo/000007.jpg,000007.jpg,872,1390,2025-10-04T18:37:18Z,c1d03c2d3d3b363c,data/smart_cropped/21dca9b994f696b7d8c7eaf15010f134fffc2a47.jpg,detr_object_crop,"{""method"": ""detr_object_crop"", ""label"": ""cup"", ""score"": 0.9177525639533997, ""box"": [22, 44, 697, 1318]}"
4aa5a8405a81b084fbc402f447028bc5de02f610,sour,bing,,data/raw/bing/sour/kettle_sour_golden_in_goblet_foam_-bottle_-can_-logo/000013.jpg,000013.jpg,610,536,2025-10-04T18:37:18Z,81b3774d5c3e0c2e,data/smart_cropped/4aa5a8405a81b084fbc402f447028bc5de02f610.jpg,detr_object_crop,"{""method"": ""detr_object_crop"", ""label"": ""wine glass"", ""score"": 0.9957078695297241, ""box"": [0, 93, 557, 536]}"
10f7a66ae5faa3849ecede77ed9d9a0be31cf5f4,sour,bing,,data/raw/bing/sour/kettle_sour_golden_in_goblet_foam_-bottle_-can_-logo/000038.jpg,000038.jpg,1300,956,2025-10-04T18:37:18Z,cec96cb033c661b3,data/smart_cropped/10f7a66ae5faa3849ecede77ed9d9a0be31cf5f4.jpg,center_square_fallback,"{""method"": ""center_square_fallback"", ""label"": null, ""score"": null, ""box"": [172, 0, 1128, 956]}"
f80491fd21a0d3a2cb2b702e35ce99acfc95d7bc,sour,bing,,data/raw/bing/sour/kettle_sour_golden_in_goblet_foam_-bottle_-can_-logo/000010.jpg,000010.jpg,1300,1182,2025-10-04T18:37:18Z,c33c3cc23c9979c3,data/smart_cropped/f80491fd21a0d3a2cb2b702e35ce99acfc95d7bc.jpg,detr_object_crop,"{""method"": ""detr_object_crop"", ""label"": ""cup"", ""score"": 0.976738691329956, ""box"": [149, 393, 1083, 1182]}"
7b5cd681c451eda8dd691a237c4b4cdd871227e6,sour,bing,,data/raw/bing/sour/kettle_sour_golden_in_goblet_foam_-bottle_-can_-logo/000005.jpg,000005.jpg,1280,1920,2025-10-04T18:37:18Z,e69b9bcc89229b32,data/smart_cropped/7b5cd681c451eda8dd691a237c4b4cdd871227e6.jpg,detr_object_crop,"{""method"": ""detr_object_crop"", ""label"": ""bottle"", ""score"": 0.9993686079978943, ""box"": [319, 0, 948, 1794]}"
55cc9e219ec910d0e6e02416c48932647d147bad,sour,bing,,data/raw/bing/sour/kettle_sour_golden_in_goblet_foam_-bottle_-can_-logo/000011.jpg,000011.jpg,1024,1024,2025-10-04T18:37:18Z,9786fc18f97110e3,data/smart_cropped/55cc9e219ec910d0e6e02416c48932647d147bad.jpg,detr_object_crop,"{""method"": ""detr_object_crop"", ""label"": ""wine glass"", ""score"": 0.8104333281517029, ""box"": [254, 28, 729, 970]}"
bc5555b547e07acf281eed932c5986cc274b3794,sour,bing,,data/raw/bing/sour/kettle_sour_golden_in_goblet_foam_-bottle_-can_-logo/000015.jpg,000015.jpg,866,1390,2025-10-04T18:37:18Z,e0a55a8f4ead7889,data/smart_cropped/bc5555b547e07acf281eed932c5986cc274b3794.jpg,detr_object_crop,"{""method"": ""detr_object_crop"", ""label"": ""wine glass"", ""score"": 0.9676148295402527, ""box"": [140, 48, 733, 1276]}"
0da81cb653d737c5c99f7bef2a43e9491a36c5e0,sour,bing,,data/raw/bing/sour/kettle_sour_golden_in_goblet_foam_-bottle_-can_-logo/000001.jpg,000001.jpg,867,1390,2025-10-04T18:37:18Z,e4ed189218b379d3,data/smart_cropped/0da81cb653d737c5c99f7bef2a43e9491a36c5e0.jpg,detr_object_crop,"{""method"": ""detr_object_crop"", ""label"": ""wine glass"", ""score"": 0.9955714344978333, ""box"": [146, 59, 764, 1277]}"
f4e8837d14317c41592a9cde1e00304027df164c,sour,bing,,data/raw/bing/sour/kettle_sour_golden_in_goblet_foam_-bottle_-can_-logo/000029.jpg,000029.jpg,1470,980,2025-10-04T18:37:18Z,93d86c27c678191f,data/smart_cropped/f4e8837d14317c41592a9cde1e00304027df164c.jpg,detr_object_crop,"{""method"": ""detr_object_crop"", ""label"": ""sink"", ""score"": 0.9713642001152039, ""box"": [202, 221, 1222, 720]}"
ca34cc470a6cc5488d273ab2a08b37805f3d904e,sour,bing,,data/raw/bing/sour/kettle_sour_golden_in_goblet_foam_-bottle_-can_-logo/000028.jpg,000028.jpg,1920,1280,2025-10-04T18:37:18Z,d00baef5608dd768,data/smart_cropped/ca34cc470a6cc5488d273ab2a08b37805f3d904e.jpg,center_square_fallback,"{""method"": ""center_square_fallback"", ""label"": null, ""score"": null, ""box"": [320, 0, 1600, 1280]}"
60cd8d5f136db7b300cfffcf8bbfddd4d22fd190,sour,bing,,data/raw/bing/sour/kettle_sour_golden_in_goblet_foam_-bottle_-can_-logo/000002.jpg,000002.jpg,1067,1690,2025-10-04T18:37:18Z,e5c912f269c616d9,data/smart_cropped/60cd8d5f136db7b300cfffcf8bbfddd4d22fd190.jpg,detr_object_crop,"{""method"": ""detr_object_crop"", ""label"": ""vase"", ""score"": 0.9930967688560486, ""box"": [166, 409, 972, 1591]}"
e5858bf754763d80427b9a6d69a884230292543d,sour,bing,,data/raw/bing/sour/kettle_sour_golden_in_goblet_foam_-bottle_-can_-logo/000016.jpg,000016.jpg,910,1390,2025-10-04T18:37:18Z,de8769492c4e6c69,data/smart_cropped/e5858bf754763d80427b9a6d69a884230292543d.jpg,detr_object_crop,"{""method"": ""detr_object_crop"", ""label"": ""cup"", ""score"": 0.8975278735160828, ""box"": [120, 57, 805, 1305]}"
9cc95b354eeb848b1d098a14767e1afb154c60a0,sour,bing,,data/raw/bing/sour/kettle_sour_golden_in_goblet_foam_-bottle_-can_-logo/000017.jpg,000017.jpg,1080,1080,2025-10-04T18:37:18Z,86de5be16001fc3b,data/smart_cropped/9cc95b354eeb848b1d098a14767e1afb154c60a0.jpg,detr_object_crop,"{""method"": ""detr_object_crop"", ""label"": ""umbrella"", ""score"": 0.8750308752059937, ""box"": [0, 48, 503, 872]}"
a9faf530dad223c5e9448166b052b379046c2966,sour,bing,,data/raw/bing/sour/kettle_sour_golden_in_goblet_foam_-bottle_-can_-logo/000003.jpg,000003.jpg,1200,630,2025-10-04T18:37:18Z,9e18636525e7247e,data/smart_cropped/a9faf530dad223c5e9448166b052b379046c2966.jpg,detr_object_crop,"{""method"": ""detr_object_crop"", ""label"": ""cup"", ""score"": 0.9652989506721497, ""box"": [0, 188, 383, 630]}"
e90f0745c0c0d6d5e01f4f5140f41daf4676ee63,sour,bing,,data/raw/bing/sour/berliner_weisse_style_sour_colorful_glass_-bottle_-can_-logo/000026.jpg,000026.jpg,3024,4032,2025-10-04T18:38:48Z,e5423a3c966383e7,data/smart_cropped/e90f0745c0c0d6d5e01f4f5140f41daf4676ee63.jpg,detr_object_crop,"{""method"": ""detr_object_crop"", ""label"": ""bottle"", ""score"": 0.9991361498832703, ""box"": [1462, 0, 2833, 3766]}"
fbe1b118c657e54ac5a372df406c23fe271c5c26,sour,bing,,data/raw/bing/sour/berliner_weisse_style_sour_colorful_glass_-bottle_-can_-logo/000032.jpg,000032.jpg,2448,3264,2025-10-04T18:38:48Z,f02b6cd293040ff7,data/smart_cropped/fbe1b118c657e54ac5a372df406c23fe271c5c26.jpg,detr_object_crop,"{""method"": ""detr_object_crop"", ""label"": ""bottle"", ""score"": 0.9992510676383972, ""box"": [0, 0, 1206, 3264]}"
e34563e490e23d5743b70c7a45020f0048f8926b,sour,bing,,data/raw/bing/sour/berliner_weisse_style_sour_colorful_glass_-bottle_-can_-logo/000033.jpg,000033.jpg,1512,2016,2025-10-04T18:38:48Z,99de62a17dc26c29,data/smart_cropped/e34563e490e23d5743b70c7a45020f0048f8926b.jpg,center_square_fallback,"{""method"": ""center_square_fallback"", ""label"": null, ""score"": null, ""box"": [0, 252, 1512, 1764]}"
64cec3c905f347d5da3aeb9c691dbcbbffbbfed8,sour,bing,,data/raw/bing/sour/berliner_weisse_style_sour_colorful_glass_-bottle_-can_-logo/000019.jpg,000019.jpg,1080,1080,2025-10-04T18:38:48Z,dab5b461256e419b,data/smart_cropped/64cec3c905f347d5da3aeb9c691dbcbbffbbfed8.jpg,detr_object_crop,"{""method"": ""detr_object_crop"", ""label"": ""potted plant"", ""score"": 0.992099940776825, ""box"": [452, 287, 771, 691]}"
3d3091466eda06ac87670516b1f16b852c452da5,sour,bing,,data/raw/bing/sour/berliner_weisse_style_sour_colorful_glass_-bottle_-can_-logo/000031.jpg,000031.jpg,1300,1063,2025-10-04T18:38:48Z,e6a4599866a5599e,data/smart_cropped/3d3091466eda06ac87670516b1f16b852c452da5.jpg,detr_object_crop,"{""method"": ""detr_object_crop"", ""label"": ""cup"", ""score"": 0.8368626832962036, ""box"": [349, 48, 989, 704]}"
21da8a0c7cfc74b7fdc43a50f5352620259165ba,sour,bing,,data/raw/bing/sour/berliner_weisse_style_sour_colorful_glass_-bottle_-can_-logo/000025.jpg,000025.jpg,576,768,2025-10-04T18:38:48Z,c91765789785155e,data/smart_cropped/21da8a0c7cfc74b7fdc43a50f5352620259165ba.jpg,detr_object_crop,"{""method"": ""detr_object_crop"", ""label"": ""cup"", ""score"": 0.9952918291091919, ""box"": [35, 131, 574, 732]}"
587f44803b9f5d1fd967409ef498463fa240b711,sour,bing,,data/raw/bing/sour/berliner_weisse_style_sour_colorful_glass_-bottle_-can_-logo/000030.jpg,000030.jpg,1600,1157,2025-10-04T18:38:48Z,cccf0cb472b21b8d,data/smart_cropped/587f44803b9f5d1fd967409ef498463fa240b711.jpg,detr_object_crop,"{""method"": ""detr_object_crop"", ""label"": ""wine glass"", ""score"": 0.9987229704856873, ""box"": [769, 341, 1345, 1100]}"
bbc816362066f39fd0ad4b5603fb1cb476fc6174,sour,bing,,data/raw/bing/sour/berliner_weisse_style_sour_colorful_glass_-bottle_-can_-logo/000034.jpg,000034.jpg,2048,1365,2025-10-04T18:38:48Z,d9c9cc44263bb5a5,data/smart_cropped/bbc816362066f39fd0ad4b5603fb1cb476fc6174.jpg,detr_object_crop,"{""method"": ""detr_object_crop"", ""label"": ""wine glass"", ""score"": 0.9980379939079285, ""box"": [1358, 141, 1954, 1055]}"
85240651b88da5e5aed950524b7f5c921cc2b225,sour,bing,,data/raw/bing/sour/berliner_weisse_style_sour_colorful_glass_-bottle_-can_-logo/000008.jpg,000008.jpg,1600,900,2025-10-04T18:38:48Z,edac13b19516d24b,data/smart_cropped/85240651b88da5e5aed950524b7f5c921cc2b225.jpg,detr_object_crop,"{""method"": ""detr_object_crop"", ""label"": ""dining table"", ""score"": 0.9740080237388611, ""box"": [0, 0, 1600, 900]}"
8971454395dea37d20bcf0540d8db24290f8803a,sour,bing,,data/raw/bing/sour/berliner_weisse_style_sour_colorful_glass_-bottle_-can_-logo/000009.jpg,000009.jpg,2000,1333,2025-10-04T18:38:48Z,ad9d31c4559d819b,data/smart_cropped/8971454395dea37d20bcf0540d8db24290f8803a.jpg,detr_object_crop,"{""method"": ""detr_object_crop"", ""label"": ""bottle"", ""score"": 0.9985551238059998, ""box"": [877, 47, 1378, 1156]}"
47d0db3a9a1be79922dc032e87ba52961ba0fa78,sour,bing,,data/raw/bing/sour/berliner_weisse_style_sour_colorful_glass_-bottle_-can_-logo/000021.jpg,000021.jpg,866,1390,2025-10-04T18:38:48Z,8fc7129fb428e8c6,data/smart_cropped/47d0db3a9a1be79922dc032e87ba52961ba0fa78.jpg,detr_object_crop,"{""method"": ""detr_object_crop"", ""label"": ""laptop"", ""score"": 0.9813886880874634, ""box"": [0, 276, 866, 1389]}"
f88746ecfb15088f3769af30565bbc39aa653020,sour,bing,,data/raw/bing/sour/berliner_weisse_style_sour_colorful_glass_-bottle_-can_-logo/000035.jpg,000035.jpg,881,587,2025-10-04T18:38:48Z,84bb0973669c783d,data/smart_cropped/f88746ecfb15088f3769af30565bbc39aa653020.jpg,detr_object_crop,"{""method"": ""detr_object_crop"", ""label"": ""wine glass"", ""score"": 0.9975800514221191, ""box"": [45, 0, 428, 336]}"
c9d30d7a0ddef4217cbf1f3ca3b4ae7d9d0f4542,sour,bing,,data/raw/bing/sour/berliner_weisse_style_sour_colorful_glass_-bottle_-can_-logo/000036.jpg,000036.jpg,1024,768,2025-10-04T18:38:48Z,a30c0e6b51d3bd4e,data/smart_cropped/c9d30d7a0ddef4217cbf1f3ca3b4ae7d9d0f4542.jpg,detr_object_crop,"{""method"": ""detr_object_crop"", ""label"": ""wine glass"", ""score"": 0.9946369528770447, ""box"": [63, 237, 428, 736]}"
b9bab1e9c86447fcc3bd3ce69df482441a5e9499,sour,bing,,data/raw/bing/sour/berliner_weisse_style_sour_colorful_glass_-bottle_-can_-logo/000022.jpg,000022.jpg,2765,2765,2025-10-04T18:38:48Z,e170da2dccb309ba,data/smart_cropped/b9bab1e9c86447fcc3bd3ce69df482441a5e9499.jpg,detr_object_crop,"{""method"": ""detr_object_crop"", ""label"": ""wine glass"", ""score"": 0.9983028173446655, ""box"": [0, 569, 1241, 2762]}"
1f816897731faf53493c2c53e22e332bf64f48cb,sour,bing,,data/raw/bing/sour/berliner_weisse_style_sour_colorful_glass_-bottle_-can_-logo/000013.jpg,000013.jpg,3000,4000,2025-10-04T18:38:48Z,de3069b388ca6d99,data/smart_cropped/1f816897731faf53493c2c53e22e332bf64f48cb.jpg,detr_object_crop,"{""method"": ""detr_object_crop"", ""label"": ""cup"", ""score"": 0.9975705742835999, ""box"": [631, 1427, 2430, 3374]}"
87d39178f849a9e5c60ad02385c984de4c39900f,sour,bing,,data/raw/bing/sour/berliner_weisse_style_sour_colorful_glass_-bottle_-can_-logo/000012.jpg,000012.jpg,600,1200,2025-10-04T18:38:48Z,fc4771686279156a,data/smart_cropped/87d39178f849a9e5c60ad02385c984de4c39900f.jpg,detr_object_crop,"{""method"": ""detr_object_crop"", ""label"": ""wine glass"", ""score"": 0.9961078763008118, ""box"": [95, 62, 596, 524]}"
9f797006bf3cae75ad7abf05e2a769ec7bdc686b,sour,bing,,data/raw/bing/sour/berliner_weisse_style_sour_colorful_glass_-bottle_-can_-logo/000006.jpg,000006.jpg,1500,1042,2025-10-04T18:38:48Z,cc4cb5b3bb4a5c14,data/smart_cropped/9f797006bf3cae75ad7abf05e2a769ec7bdc686b.jpg,detr_object_crop,"{""method"": ""detr_object_crop"", ""label"": ""wine glass"", ""score"": 0.9982512593269348, ""box"": [0, 0, 777, 1042]}"
62b3051f39f450a39f3e8123eef72e476955c431,sour,bing,,data/raw/bing/sour/berliner_weisse_style_sour_colorful_glass_-bottle_-can_-logo/000010.jpg,000010.jpg,1600,900,2025-10-04T18:38:48Z,e6964985967a2d6c,data/smart_cropped/62b3051f39f450a39f3e8123eef72e476955c431.jpg,detr_object_crop,"{""method"": ""detr_object_crop"", ""label"": ""dining table"", ""score"": 0.982023298740387, ""box"": [0, 0, 1600, 900]}"
ca2cec9fc5a3a746dd42c6c3bb74e4070a599821,sour,bing,,data/raw/bing/sour/berliner_weisse_style_sour_colorful_glass_-bottle_-can_-logo/000004.jpg,000004.jpg,800,800,2025-10-04T18:38:48Z,9644e96b983d9792,data/smart_cropped/ca2cec9fc5a3a746dd42c6c3bb74e4070a599821.jpg,detr_object_crop,"{""method"": ""detr_object_crop"", ""label"": ""wine glass"", ""score"": 0.9978259205818176, ""box"": [370, 142, 779, 800]}"
83f024c500df57f2eb725711b97e79dd751aae56,sour,bing,,data/raw/bing/sour/berliner_weisse_style_sour_colorful_glass_-bottle_-can_-logo/000005.jpg,000005.jpg,1246,2048,2025-10-04T18:38:48Z,bb249f824f9ec314,data/smart_cropped/83f024c500df57f2eb725711b97e79dd751aae56.jpg,detr_object_crop,"{""method"": ""detr_object_crop"", ""label"": ""bottle"", ""score"": 0.8837315440177917, ""box"": [0, 1576, 1184, 2048]}"
6ae5e54ad5796c3a57a50e9b1e87ad80158ce9a4,sour,bing,,data/raw/bing/sour/berliner_weisse_style_sour_colorful_glass_-bottle_-can_-logo/000011.jpg,000011.jpg,1000,667,2025-10-04T18:38:48Z,b887cb6c6c389969,data/smart_cropped/6ae5e54ad5796c3a57a50e9b1e87ad80158ce9a4.jpg,detr_object_crop,"{""method"": ""detr_object_crop"", ""label"": ""cup"", ""score"": 0.9968293309211731, ""box"": [191, 28, 527, 664]}"
992c700e1494d80d663802946a8481cb8a8a5f30,sour,bing,,data/raw/bing/sour/berliner_weisse_style_sour_colorful_glass_-bottle_-can_-logo/000015.jpg,000015.jpg,5586,3724,2025-10-04T18:38:48Z,cf24f46710995a5d,data/smart_cropped/992c700e1494d80d663802946a8481cb8a8a5f30.jpg,detr_object_crop,"{""method"": ""detr_object_crop"", ""label"": ""wine glass"", ""score"": 0.9898355603218079, ""box"": [1842, 874, 3830, 3724]}"
13585541972161d82e34c7b41edc3f08860ad045,sour,bing,,data/raw/bing/sour/berliner_weisse_style_sour_colorful_glass_-bottle_-can_-logo/000001.jpg,000001.jpg,1000,670,2025-10-04T18:38:48Z,939527d2696a1f29,data/smart_cropped/13585541972161d82e34c7b41edc3f08860ad045.jpg,detr_object_crop,"{""method"": ""detr_object_crop"", ""label"": ""wine glass"", ""score"": 0.9987906813621521, ""box"": [469, 1, 1000, 670]}"
0cb23c257b11a4480d752307a3f860557c9d8ccb,sour,bing,,data/raw/bing/sour/berliner_weisse_style_sour_colorful_glass_-bottle_-can_-logo/000029.jpg,000029.jpg,1412,1550,2025-10-04T18:38:48Z,a02d9dc6e7695a92,data/smart_cropped/0cb23c257b11a4480d752307a3f860557c9d8ccb.jpg,detr_object_crop,"{""method"": ""detr_object_crop"", ""label"": ""wine glass"", ""score"": 0.9494678974151611, ""box"": [117, 0, 1404, 1550]}"
478c555523c74228683d37b74c12c8b19ef2d9a4,sour,bing,,data/raw/bing/sour/berliner_weisse_style_sour_colorful_glass_-bottle_-can_-logo/000002.jpg,000002.jpg,2896,2896,2025-10-04T18:38:48Z,ea469f9a9c4e40d6,data/smart_cropped/478c555523c74228683d37b74c12c8b19ef2d9a4.jpg,detr_object_crop,"{""method"": ""detr_object_crop"", ""label"": ""wine glass"", ""score"": 0.9919670224189758, ""box"": [1288, 0, 2896, 1674]}"
48aa3f25dd213553b7fff76b3e278f3cc63a87fe,sour,bing,,data/raw/bing/sour/berliner_weisse_style_sour_colorful_glass_-bottle_-can_-logo/000003.jpg,000003.jpg,1920,576,2025-10-04T18:38:48Z,9e9061ff69696161,data/smart_cropped/48aa3f25dd213553b7fff76b3e278f3cc63a87fe.jpg,detr_object_crop,"{""method"": ""detr_object_crop"", ""label"": ""wine glass"", ""score"": 0.9989039897918701, ""box"": [663, 0, 1128, 576]}"
1bf8658f10ca6d783b249b424c52297767aa52ab,sour,bing,,data/raw/bing/sour/wild_ale_sour_rustic_tulip_teku_-bottle_-can_-logo/000026.jpg,000026.jpg,1000,1000,2025-10-04T18:39:54Z,a6a2cd986699e659,data/smart_cropped/1bf8658f10ca6d783b249b424c52297767aa52ab.jpg,detr_object_crop,"{""method"": ""detr_object_crop"", ""label"": ""bottle"", ""score"": 0.9980903267860413, ""box"": [285, 0, 713, 1000]}"
bc31d5c1ffd0f8f3d89e7f21d05c00792a3c47dc,sour,bing,,data/raw/bing/sour/wild_ale_sour_rustic_tulip_teku_-bottle_-can_-logo/000027.jpg,000027.jpg,1080,1080,2025-10-04T18:39:54Z,e6cc993366cc6433,data/smart_cropped/bc31d5c1ffd0f8f3d89e7f21d05c00792a3c47dc.jpg,detr_object_crop,"{""method"": ""detr_object_crop"", ""label"": ""bottle"", ""score"": 0.9986120462417603, ""box"": [343, 137, 735, 1080]}"
94cbf58ff06b579e54e9620a48a52f9bfaa82344,sour,bing,,data/raw/bing/sour/wild_ale_sour_rustic_tulip_teku_-bottle_-can_-logo/000019.jpg,000019.jpg,739,740,2025-10-04T18:39:54Z,8f0f84bc3d6bc6c0,data/smart_cropped/94cbf58ff06b579e54e9620a48a52f9bfaa82344.jpg,detr_object_crop,"{""method"": ""detr_object_crop"", ""label"": ""wine glass"", ""score"": 0.9983811378479004, ""box"": [371, 0, 735, 661]}"
cb6b2af277e09128b659c516e12037c0811fda89,sour,bing,,data/raw/bing/sour/wild_ale_sour_rustic_tulip_teku_-bottle_-can_-logo/000031.jpg,000031.jpg,1000,1000,2025-10-04T18:39:54Z,be49a7bcc022925f,data/smart_cropped/cb6b2af277e09128b659c516e12037c0811fda89.jpg,center_square_fallback,"{""method"": ""center_square_fallback"", ""label"": null, ""score"": null, ""box"": [0, 0, 1000, 1000]}"
80c3f34309fc744e2cbfc918b60d9c0e920d0eb9,sour,bing,,data/raw/bing/sour/wild_ale_sour_rustic_tulip_teku_-bottle_-can_-logo/000024.jpg,000024.jpg,2158,2544,2025-10-04T18:39:54Z,ea013f11fde690b2,data/smart_cropped/80c3f34309fc744e2cbfc918b60d9c0e920d0eb9.jpg,detr_object_crop,"{""method"": ""detr_object_crop"", ""label"": ""bottle"", ""score"": 0.9982383251190186, ""box"": [832, 0, 2158, 2544]}"
0efb411ebb6979a44d3af8e961d14f59f7fbdf04,sour,bing,,data/raw/bing/sour/wild_ale_sour_rustic_tulip_teku_-bottle_-can_-logo/000030.jpg,000030.jpg,2874,2866,2025-10-04T18:39:54Z,ffc488c6a6ca9ac8,data/smart_cropped/0efb411ebb6979a44d3af8e961d14f59f7fbdf04.jpg,center_square_fallback,"{""method"": ""center_square_fallback"", ""label"": null, ""score"": null, ""box"": [4, 0, 2870, 2866]}"
920b999456a6b2f445872f30bdd0088db12e1d43,sour,bing,,data/raw/bing/sour/wild_ale_sour_rustic_tulip_teku_-bottle_-can_-logo/000034.jpg,000034.jpg,640,960,2025-10-04T18:39:54Z,e699989a65e5c623,data/smart_cropped/920b999456a6b2f445872f30bdd0088db12e1d43.jpg,detr_object_crop,"{""method"": ""detr_object_crop"", ""label"": ""vase"", ""score"": 0.9470779895782471, ""box"": [146, 239, 505, 960]}"
6ae8a3488063f75b21a273ef31a1861f6bdc313e,sour,bing,,data/raw/bing/sour/wild_ale_sour_rustic_tulip_teku_-bottle_-can_-logo/000020.jpg,000020.jpg,1080,1080,2025-10-04T18:39:54Z,e699cc2633cc9933,data/smart_cropped/6ae8a3488063f75b21a273ef31a1861f6bdc313e.jpg,detr_object_crop,"{""method"": ""detr_object_crop"", ""label"": ""bottle"", ""score"": 0.9987815022468567, ""box"": [342, 139, 737, 1080]}"
76975e32b668419f5073d7da22e9cafce919d91e,sour,bing,,data/raw/bing/sour/wild_ale_sour_rustic_tulip_teku_-bottle_-can_-logo/000008.jpg,000008.jpg,800,800,2025-10-04T18:39:54Z,c496fb3be2c5802b,data/smart_cropped/76975e32b668419f5073d7da22e9cafce919d91e.jpg,detr_object_crop,"{""method"": ""detr_object_crop"", ""label"": ""cup"", ""score"": 0.9068776369094849, ""box"": [476, 193, 800, 751]}"
ac27c98ded525019559e96f5f36a4582192d0275,sour,bing,,data/raw/bing/sour/wild_ale_sour_rustic_tulip_teku_-bottle_-can_-logo/000009.jpg,000009.jpg,1600,1156,2025-10-04T18:39:54Z,840d3bb36732b347,data/smart_cropped/ac27c98ded525019559e96f5f36a4582192d0275.jpg,detr_object_crop,"{""method"": ""detr_object_crop"", ""label"": ""wine glass"", ""score"": 0.9950085878372192, ""box"": [496, 45, 1039, 1114]}"
582ac47c8f64288e32001740fa23004adc4432e7,sour,bing,,data/raw/bing/sour/wild_ale_sour_rustic_tulip_teku_-bottle_-can_-logo/000021.jpg,000021.jpg,1500,1101,2025-10-04T18:39:54Z,abcb349749e97490,data/smart_cropped/582ac47c8f64288e32001740fa23004adc4432e7.jpg,detr_object_crop,"{""method"": ""detr_object_crop"", ""label"": ""wine glass"", ""score"": 0.9993042945861816, ""box"": [851, 0, 1434, 938]}"
f83601614854da689965a20371cad17766c2d165,sour,bing,,data/raw/bing/sour/wild_ale_sour_rustic_tulip_teku_-bottle_-can_-logo/000035.jpg,000035.jpg,800,600,2025-10-04T18:39:54Z,b230cdd9336ccc33,data/smart_cropped/f83601614854da689965a20371cad17766c2d165.jpg,detr_object_crop,"{""method"": ""detr_object_crop"", ""label"": ""wine glass"", ""score"": 0.7386473417282104, ""box"": [256, 24, 536, 600]}"
226f62becf5ac03fedc8ef0991d4a7997dca552f,sour,bing,,data/raw/bing/sour/wild_ale_sour_rustic_tulip_teku_-bottle_-can_-logo/000023.jpg,000023.jpg,1080,1080,2025-10-04T18:39:54Z,b8c6c7383e21c74e,data/smart_cropped/226f62becf5ac03fedc8ef0991d4a7997dca552f.jpg,detr_object_crop,"{""method"": ""detr_object_crop"", ""label"": ""vase"", ""score"": 0.9979301691055298, ""box"": [124, 135, 652, 1080]}"
e66b534a0b531cadd424159f8eb0285a8dec2baa,sour,bing,,data/raw/bing/sour/wild_ale_sour_rustic_tulip_teku_-bottle_-can_-logo/000036.jpg,000036.jpg,1080,1080,2025-10-04T18:39:54Z,b6d9c93633cc8c23,data/smart_cropped/e66b534a0b531cadd424159f8eb0285a8dec2baa.jpg,detr_object_crop,"{""method"": ""detr_object_crop"", ""label"": ""bottle"", ""score"": 0.9989954829216003, ""box"": [339, 105, 740, 1080]}"
c033c2c3d3f5813d59ccd09da7aa86a0838c9942,sour,bing,,data/raw/bing/sour/wild_ale_sour_rustic_tulip_teku_-bottle_-can_-logo/000022.jpg,000022.jpg,800,800,2025-10-04T18:39:54Z,e46c9b9b9b2c6c22,data/smart_cropped/c033c2c3d3f5813d59ccd09da7aa86a0838c9942.jpg,detr_object_crop,"{""method"": ""detr_object_crop"", ""label"": ""wine glass"", ""score"": 0.9979922771453857, ""box"": [169, 0, 627, 800]}"
c28295ad2fd79d8df4b238c4e201a84a53f3b4fb,sour,bing,,data/raw/bing/sour/wild_ale_sour_rustic_tulip_teku_-bottle_-can_-logo/000045.jpg,000045.jpg,1600,987,2025-10-04T18:39:54Z,8c4eac3cb243f13b,data/smart_cropped/c28295ad2fd79d8df4b238c4e201a84a53f3b4fb.jpg,center_square_fallback,"{""method"": ""center_square_fallback"", ""label"": null, ""score"": null, ""box"": [306, 0, 1293, 987]}"
b38ca33eb7bfb4173b492c0c0a12f9a3a883c159,sour,bing,,data/raw/bing/sour/wild_ale_sour_rustic_tulip_teku_-bottle_-can_-logo/000044.jpg,000044.jpg,750,600,2025-10-04T18:39:54Z,ab8eb69b904aa176,data/smart_cropped/b38ca33eb7bfb4173b492c0c0a12f9a3a883c159.jpg,detr_object_crop,"{""method"": ""detr_object_crop"", ""label"": ""banana"", ""score"": 0.9512020349502563, ""box"": [0, 0, 750, 600]}"
cbe5424203d65521fd299b858279f5d5a09bb094,sour,bing,,data/raw/bing/sour/wild_ale_sour_rustic_tulip_teku_-bottle_-can_-logo/000046.jpg,000046.jpg,1024,1024,2025-10-04T18:39:54Z,b08b64116cdeab37,data/smart_cropped/cbe5424203d65521fd299b858279f5d5a09bb094.jpg,detr_object_crop,"{""method"": ""detr_object_crop"", ""label"": ""bed"", ""score"": 0.9422870874404907, ""box"": [567, 644, 1024, 1024]}"
dfff4f165f90bdd6ce33a00e59bad4e4751e11bf,sour,bing,,data/raw/bing/sour/wild_ale_sour_rustic_tulip_teku_-bottle_-can_-logo/000047.jpg,000047.jpg,1300,956,2025-10-04T18:39:54Z,a18c1e937ce859a7,data/smart_cropped/dfff4f165f90bdd6ce33a00e59bad4e4751e11bf.jpg,detr_object_crop,"{""method"": ""detr_object_crop"", ""label"": ""laptop"", ""score"": 0.8362103700637817, ""box"": [0, 0, 1300, 568]}"
18cd076bb9438267542f36de55fd87593a876a77,sour,bing,,data/raw/bing/sour/wild_ale_sour_rustic_tulip_teku_-bottle_-can_-logo/000043.jpg,000043.jpg,750,600,2025-10-04T18:39:54Z,8b2aecb0e29ab9d8,data/smart_cropped/18cd076bb9438267542f36de55fd87593a876a77.jpg,detr_object_crop,"{""method"": ""detr_object_crop"", ""label"": ""orange"", ""score"": 0.8723559379577637, ""box"": [339, 0, 572, 114]}"
c85803f130d7220b73a1f63439bfb8a0e26f7ffa,sour,bing,,data/raw/bing/sour/wild_ale_sour_rustic_tulip_teku_-bottle_-can_-logo/000042.jpg,000042.jpg,1300,953,2025-10-04T18:39:54Z,b9936cc856ed52c4,data/smart_cropped/c85803f130d7220b73a1f63439bfb8a0e26f7ffa.jpg,center_square_fallback,"{""method"": ""center_square_fallback"", ""label"": null, ""score"": null, ""box"": [173, 0, 1126, 953]}"
338999154ec721b2a8c5c09a6604a713866ebf7b,sour,bing,,data/raw/bing/sour/wild_ale_sour_rustic_tulip_teku_-bottle_-can_-logo/000040.jpg,000040.jpg,1530,2040,2025-10-04T18:39:54Z,96a579dbc1191a72,data/smart_cropped/338999154ec721b2a8c5c09a6604a713866ebf7b.jpg,center_square_fallback,"{""method"": ""center_square_fallback"", ""label"": null, ""score"": null, ""box"": [0, 255, 1530, 1785]}"
60769089602f098bd135d19aa14f85bd7d99a4d7,sour,bing,,data/raw/bing/sour/wild_ale_sour_rustic_tulip_teku_-bottle_-can_-logo/000048.jpg,000048.jpg,720,720,2025-10-04T18:39:54Z,b6f09c249992e6cd,data/smart_cropped/60769089602f098bd135d19aa14f85bd7d99a4d7.jpg,center_square_fallback,"{""method"": ""center_square_fallback"", ""label"": null, ""score"": null, ""box"": [0, 0, 720, 720]}"
335e05395ed79adc14a1a5dd064802416ec2c005,sour,bing,,data/raw/bing/sour/wild_ale_sour_rustic_tulip_teku_-bottle_-can_-logo/000007.jpg,000007.jpg,861,1390,2025-10-04T18:39:54Z,e4ac549352a75c8f,data/smart_cropped/335e05395ed79adc14a1a5dd064802416ec2c005.jpg,detr_object_crop,"{""method"": ""detr_object_crop"", ""label"": ""wine glass"", ""score"": 0.7635267376899719, ""box"": [85, 0, 764, 1342]}"
b5b2623ace5b47edf414d77addcc23465a99fe61,sour,bing,,data/raw/bing/sour/wild_ale_sour_rustic_tulip_teku_-bottle_-can_-logo/000013.jpg,000013.jpg,1066,1690,2025-10-04T18:39:54Z,b13954c6468f1b8f,data/smart_cropped/b5b2623ace5b47edf414d77addcc23465a99fe61.jpg,detr_object_crop,"{""method"": ""detr_object_crop"", ""label"": ""vase"", ""score"": 0.9043852090835571, ""box"": [376, 811, 668, 1515]}"
955cee567711f9810c5a0e8043bee18965a4cea0,sour,bing,,data/raw/bing/sour/wild_ale_sour_rustic_tulip_teku_-bottle_-can_-logo/000006.jpg,000006.jpg,2000,1333,2025-10-04T18:39:54Z,f068cbcec7318d23,data/smart_cropped/955cee567711f9810c5a0e8043bee18965a4cea0.jpg,detr_object_crop,"{""method"": ""detr_object_crop"", ""label"": ""bottle"", ""score"": 0.9832363724708557, ""box"": [412, 0, 1385, 1298]}"
e62c3510ecf9038ca4cfd304282d653dbf0f2765,sour,bing,,data/raw/bing/sour/wild_ale_sour_rustic_tulip_teku_-bottle_-can_-logo/000004.jpg,000004.jpg,2000,1334,2025-10-04T18:39:54Z,b199c664ccc7cc66,data/smart_cropped/e62c3510ecf9038ca4cfd304282d653dbf0f2765.jpg,detr_object_crop,"{""method"": ""detr_object_crop"", ""label"": ""bottle"", ""score"": 0.9991790652275085, ""box"": [435, 0, 1050, 1334]}"
1466130073b8dfac89450ef017c554c51f2698a4,sour,bing,,data/raw/bing/sour/wild_ale_sour_rustic_tulip_teku_-bottle_-can_-logo/000005.jpg,000005.jpg,600,900,2025-10-04T18:39:54Z,b139c4c6c60f8bc7,data/smart_cropped/1466130073b8dfac89450ef017c554c51f2698a4.jpg,detr_object_crop,"{""method"": ""detr_object_crop"", ""label"": ""vase"", ""score"": 0.84647536277771, ""box"": [223, 448, 372, 846]}"
5882e5ec16a7be24a5aeecdcbbb25f3f9fdde952,sour,bing,,data/raw/bing/sour/wild_ale_sour_rustic_tulip_teku_-bottle_-can_-logo/000011.jpg,000011.jpg,1600,1156,2025-10-04T18:39:54Z,d3f92c676b107511,data/smart_cropped/5882e5ec16a7be24a5aeecdcbbb25f3f9fdde952.jpg,detr_object_crop,"{""method"": ""detr_object_crop"", ""label"": ""wine glass"", ""score"": 0.9981517195701599, ""box"": [704, 70, 1249, 1035]}"
884e753989ac714a3c5b3252af748466f3110140,sour,bing,,data/raw/bing/sour/wild_ale_sour_rustic_tulip_teku_-bottle_-can_-logo/000039.jpg,000039.jpg,721,721,2025-10-04T18:39:54Z,d9b2c58fb12149da,data/smart_cropped/884e753989ac714a3c5b3252af748466f3110140.jpg,detr_object_crop,"{""method"": ""detr_object_crop"", ""label"": ""vase"", ""score"": 0.9938503503799438, ""box"": [98, 363, 468, 721]}"
98568ebc9396d85113e9e82a0d790d67367a6d19,sour,bing,,data/raw/bing/sour/wild_ale_sour_rustic_tulip_teku_-bottle_-can_-logo/000015.jpg,000015.jpg,2000,1333,2025-10-04T18:39:54Z,e1616bcbc3369433,data/smart_cropped/98568ebc9396d85113e9e82a0d790d67367a6d19.jpg,detr_object_crop,"{""method"": ""detr_object_crop"", ""label"": ""bottle"", ""score"": 0.9546225070953369, ""box"": [452, 0, 1485, 1309]}"
e66e07b747ba58a73c6ad056923a26a831fdec19,sour,bing,,data/raw/bing/sour/wild_ale_sour_rustic_tulip_teku_-bottle_-can_-logo/000029.jpg,000029.jpg,650,750,2025-10-04T18:39:54Z,ce92a920f9f525d1,data/smart_cropped/e66e07b747ba58a73c6ad056923a26a831fdec19.jpg,center_square_fallback,"{""method"": ""center_square_fallback"", ""label"": null, ""score"": null, ""box"": [0, 50, 650, 700]}"
935cf52c6840339dcfe3ffff08fbec9cd9d9c0ab,sour,bing,,data/raw/bing/sour/wild_ale_sour_rustic_tulip_teku_-bottle_-can_-logo/000028.jpg,000028.jpg,1080,1080,2025-10-04T18:39:54Z,e699996633668c33,data/smart_cropped/935cf52c6840339dcfe3ffff08fbec9cd9d9c0ab.jpg,detr_object_crop,"{""method"": ""detr_object_crop"", ""label"": ""bottle"", ""score"": 0.9996045231819153, ""box"": [336, 50, 746, 1071]}"
e1db67c397a04d1c81a788fdc100d4d006644fb2,sour,bing,,data/raw/bing/sour/wild_ale_sour_rustic_tulip_teku_-bottle_-can_-logo/000016.jpg,000016.jpg,540,720,2025-10-04T18:39:54Z,fa0711f4ee988725,data/smart_cropped/e1db67c397a04d1c81a788fdc100d4d006644fb2.jpg,detr_object_crop,"{""method"": ""detr_object_crop"", ""label"": ""wine glass"", ""score"": 0.9969485402107239, ""box"": [87, 188, 451, 720]}"
7146b8dd086b94471687dc2ebd6af011cd294393,sour,bing,,data/raw/bing/sour/wild_ale_sour_rustic_tulip_teku_-bottle_-can_-logo/000017.jpg,000017.jpg,621,619,2025-10-04T18:39:54Z,b3256c29d94e9b4a,data/smart_cropped/7146b8dd086b94471687dc2ebd6af011cd294393.jpg,detr_object_crop,"{""method"": ""detr_object_crop"", ""label"": ""wine glass"", ""score"": 0.9992383718490601, ""box"": [273, 171, 546, 619]}"
59289513e2c4b3ebf282d9f416560f9d2e8486f9,sour,bing,,data/raw/bing/sour/wild_ale_sour_rustic_tulip_teku_-bottle_-can_-logo/000003.jpg,000003.jpg,866,1390,2025-10-04T18:39:54Z,e0695587568e589f,data/smart_cropped/59289513e2c4b3ebf282d9f416560f9d2e8486f9.jpg,detr_object_crop,"{""method"": ""detr_object_crop"", ""label"": ""wine glass"", ""score"": 0.9931623935699463, ""box"": [115, 6, 759, 1323]}"
0dd8e7839f010fd68bbef558873b5db59c505f85,lager,bing,,/Users/ivantyshchenko/Projects/Python/Neural-Beer/data/raw/bing/lager/lager_beer_in_glass_at_bar_-bottle_-can_-logo_-mockup_-illustration/000049.jpg,000049.jpg,600,900,2025-10-04T19:58:43Z,ce6b9d5c21743370,data/smart_cropped/0dd8e7839f010fd68bbef558873b5db59c505f85.jpg,center_square_fallback,"{""method"": ""center_square_fallback"", ""label"": null, ""score"": null, ""box"": [0, 150, 600, 750]}"
b1933108f5559a2ebac4e62baa8a79685b43a41c,lager,bing,,/Users/ivantyshchenko/Projects/Python/Neural-Beer/data/raw/bing/lager/lager_beer_in_glass_at_bar_-bottle_-can_-logo_-mockup_-illustration/000054.jpg,000054.jpg,1000,667,2025-10-04T19:58:43Z,999b646666666666,data/smart_cropped/b1933108f5559a2ebac4e62baa8a79685b43a41c.jpg,center_square_fallback,"{""method"": ""center_square_fallback"", ""label"": null, ""score"": null, ""box"": [166, 0, 833, 667]}"
e484b16966d28e9274c6f11a20f2e0a05b3537f8,lager,bing,,/Users/ivantyshchenko/Projects/Python/Neural-Beer/data/raw/bing/lager/lager_beer_in_glass_at_bar_-bottle_-can_-logo_-mockup_-illustration/000077.jpg,000077.jpg,658,900,2025-10-04T19:58:43Z,e2959c9b84689b9d,data/smart_cropped/e484b16966d28e9274c6f11a20f2e0a05b3537f8.jpg,center_square_fallback,"{""method"": ""center_square_fallback"", ""label"": null, ""score"": null, ""box"": [0, 121, 658, 779]}"
bf312ea98c3c399f10126bdbba221cf366063f84,lager,bing,,/Users/ivantyshchenko/Projects/Python/Neural-Beer/data/raw/bing/lager/lager_beer_in_glass_at_bar_-bottle_-can_-logo_-mockup_-illustration/000087.jpg,000087.jpg,800,800,2025-10-04T19:58:43Z,ee95516e112c6dd1,data/smart_cropped/bf312ea98c3c399f10126bdbba221cf366063f84.jpg,center_square_fallback,"{""method"": ""center_square_fallback"", ""label"": null, ""score"": null, ""box"": [0, 0, 800, 800]}"
83c9d89b10259e7f878a1d9be89825dfef25b0f9,lager,bing,,/Users/ivantyshchenko/Projects/Python/Neural-Beer/data/raw/bing/lager/lager_beer_in_glass_at_bar_-bottle_-can_-logo_-mockup_-illustration/000088.jpg,000088.jpg,1300,1272,2025-10-04T19:58:43Z,bbcdcc80189367b3,data/smart_cropped/83c9d89b10259e7f878a1d9be89825dfef25b0f9.jpg,center_square_fallback,"{""method"": ""center_square_fallback"", ""label"": null, ""score"": null, ""box"": [14, 0, 1286, 1272]}"
fbf74706fd3454e4a9cebe61a1a94ab3aba9247f,lager,bing,,/Users/ivantyshchenko/Projects/Python/Neural-Beer/data/raw/bing/lager/lager_beer_in_glass_at_bar_-bottle_-can_-logo_-mockup_-illustration/000089.jpg,000089.jpg,975,1390,2025-10-04T19:58:43Z,f6835ca658996687,data/smart_cropped/fbf74706fd3454e4a9cebe61a1a94ab3aba9247f.jpg,detr_object_crop,"{""method"": ""detr_object_crop"", ""label"": ""bottle"", ""score"": 0.9976416826248169, ""box"": [264, 4, 703, 1321]}"
315813bc76f647c9dd7486e534aa4c1ab9dcefdc,lager,bing,,/Users/ivantyshchenko/Projects/Python/Neural-Beer/data/raw/bing/lager/lager_beer_in_glass_at_bar_-bottle_-can_-logo_-mockup_-illustration/000096.jpg,000096.jpg,598,900,2025-10-04T19:58:43Z,bd3fc2c0c43f3807,data/smart_cropped/315813bc76f647c9dd7486e534aa4c1ab9dcefdc.jpg,detr_object_crop,"{""method"": ""detr_object_crop"", ""label"": ""wine glass"", ""score"": 0.9986754059791565, ""box"": [43, 102, 337, 749]}"
247ab19a238d992cf140ce699805439ebd0c344f,lager,bing,,/Users/ivantyshchenko/Projects/Python/Neural-Beer/data/raw/bing/lager/lager_beer_in_glass_at_bar_-bottle_-can_-logo_-mockup_-illustration/000097.jpg,000097.jpg,1194,1690,2025-10-04T19:58:43Z,cc3336cb9c16e30b,data/smart_cropped/247ab19a238d992cf140ce699805439ebd0c344f.jpg,detr_object_crop,"{""method"": ""detr_object_crop"", ""label"": ""cup"", ""score"": 0.9993330836296082, ""box"": [282, 614, 938, 1261]}"
f40ece68608a77a271f388b62972a1f60aaad83a,lager,bing,,/Users/ivantyshchenko/Projects/Python/Neural-Beer/data/raw/bing/lager/lager_beer_in_glass_at_bar_-bottle_-can_-logo_-mockup_-illustration/000098.jpg,000098.jpg,1046,1690,2025-10-04T19:58:43Z,e4994ec61bb418ed,data/smart_cropped/f40ece68608a77a271f388b62972a1f60aaad83a.jpg,center_square_fallback,"{""method"": ""center_square_fallback"", ""label"": null, ""score"": null, ""box"": [0, 322, 1046, 1368]}"
1e443b370e53924fc7c0db593721ce262125baed,lager,bing,,/Users/ivantyshchenko/Projects/Python/Neural-Beer/data/raw/bing/lager/lager_beer_in_glass_at_bar_-bottle_-can_-logo_-mockup_-illustration/000099.jpg,000099.jpg,1067,1690,2025-10-04T19:58:43Z,cece9919e4766522,data/smart_cropped/1e443b370e53924fc7c0db593721ce262125baed.jpg,detr_object_crop,"{""method"": ""detr_object_crop"", ""label"": ""wine glass"", ""score"": 0.9762580990791321, ""box"": [227, 35, 859, 1690]}"
34b2e35cb94bb93c040a37d8cf80ad8e8ca5d278,lager,bing,,/Users/ivantyshchenko/Projects/Python/Neural-Beer/data/raw/bing/lager/lager_beer_in_glass_at_bar_-bottle_-can_-logo_-mockup_-illustration/000100.jpg,000100.jpg,599,900,2025-10-04T19:58:43Z,92702d57cf6bb00d,data/smart_cropped/34b2e35cb94bb93c040a37d8cf80ad8e8ca5d278.jpg,detr_object_crop,"{""method"": ""detr_object_crop"", ""label"": ""cup"", ""score"": 0.9950820207595825, ""box"": [108, 364, 505, 873]}"
e7f74b54fb4badf1d030ec59207285cadad9d18e,lager,bing,,/Users/ivantyshchenko/Projects/Python/Neural-Beer/data/raw/bing/lager/lager_beer_in_glass_at_bar_-bottle_-can_-logo_-mockup_-illustration/000102.jpg,000102.jpg,1600,1157,2025-10-04T19:58:43Z,d4a32f1ddb482563,data/smart_cropped/e7f74b54fb4badf1d030ec59207285cadad9d18e.jpg,center_square_fallback,"{""method"": ""center_square_fallback"", ""label"": null, ""score"": null, ""box"": [221, 0, 1378, 1157]}"
c5f1e384fcbb5aa3a6d88eb895e8a5b4eace527f,lager,bing,,/Users/ivantyshchenko/Projects/Python/Neural-Beer/data/raw/bing/lager/lager_beer_in_glass_at_bar_-bottle_-can_-logo_-mockup_-illustration/000103.jpg,000103.jpg,923,1390,2025-10-04T19:58:43Z,c0073e67b99269cb,data/smart_cropped/c5f1e384fcbb5aa3a6d88eb895e8a5b4eace527f.jpg,detr_object_crop,"{""method"": ""detr_object_crop"", ""label"": ""cup"", ""score"": 0.9951711297035217, ""box"": [245, 412, 862, 1181]}"
e4569c68517cdb6a499dd6b1df4939f13b55e064,lager,bing,,/Users/ivantyshchenko/Projects/Python/Neural-Beer/data/raw/bing/lager/lager_beer_in_glass_at_bar_-bottle_-can_-logo_-mockup_-illustration/000106.jpg,000106.jpg,800,800,2025-10-04T19:58:43Z,eccfc39292369a34,data/smart_cropped/e4569c68517cdb6a499dd6b1df4939f13b55e064.jpg,detr_object_crop,"{""method"": ""detr_object_crop"", ""label"": ""cup"", ""score"": 0.7396154999732971, ""box"": [139, 0, 658, 800]}"
594390e7ffbdceee5ca070e8b9715c0020fd37b0,lager,bing,,/Users/ivantyshchenko/Projects/Python/Neural-Beer/data/raw/bing/lager/lager_beer_in_glass_at_bar_-bottle_-can_-logo_-mockup_-illustration/000108.jpg,000108.jpg,1131,1390,2025-10-04T19:58:43Z,bbcf52b064a94b86,data/smart_cropped/594390e7ffbdceee5ca070e8b9715c0020fd37b0.jpg,detr_object_crop,"{""method"": ""detr_object_crop"", ""label"": ""wine glass"", ""score"": 0.951229989528656, ""box"": [32, 0, 1131, 1390]}"
eacf3aaaa38180c5de95a246779020c4cc3fd50b,lager,bing,,/Users/ivantyshchenko/Projects/Python/Neural-Beer/data/raw/bing/lager/lager_beer_in_glass_at_bar_-bottle_-can_-logo_-mockup_-illustration/000109.jpg,000109.jpg,800,533,2025-10-04T19:58:43Z,999f1f1921e36269,data/smart_cropped/eacf3aaaa38180c5de95a246779020c4cc3fd50b.jpg,detr_object_crop,"{""method"": ""detr_object_crop"", ""label"": ""cup"", ""score"": 0.9901898503303528, ""box"": [334, 25, 572, 533]}"
bc2fb3e342f11993404c7d7574231ccf4ec99154,lager,bing,,/Users/ivantyshchenko/Projects/Python/Neural-Beer/data/raw/bing/lager/lager_beer_in_glass_at_bar_-bottle_-can_-logo_-mockup_-illustration/000110.jpg,000110.jpg,943,1390,2025-10-04T19:58:43Z,9c9477036aea2d47,data/smart_cropped/bc2fb3e342f11993404c7d7574231ccf4ec99154.jpg,detr_object_crop,"{""method"": ""detr_object_crop"", ""label"": ""cup"", ""score"": 0.9941629767417908, ""box"": [7, 58, 929, 1177]}"
38507a537c30db5d1c087cfdf23c431a1ac87806,lager,bing,,/Users/ivantyshchenko/Projects/Python/Neural-Beer/data/raw/bing/lager/lager_beer_in_glass_at_bar_-bottle_-can_-logo_-mockup_-illustration/000111.jpg,000111.jpg,1300,956,2025-10-04T19:58:43Z,a9e8163fe6c47483,data/smart_cropped/38507a537c30db5d1c087cfdf23c431a1ac87806.jpg,detr_object_crop,"{""method"": ""detr_object_crop"", ""label"": ""bottle"", ""score"": 0.9286412596702576, ""box"": [264, 136, 530, 528]}"
53eb9e18de70cf2f55d7edfddad566f400cb5f82,lager,bing,,/Users/ivantyshchenko/Projects/Python/Neural-Beer/data/raw/bing/lager/lager_beer_in_glass_at_bar_-bottle_-can_-logo_-mockup_-illustration/000112.jpg,000112.jpg,941,1390,2025-10-04T19:58:43Z,e5a11c9e72a37887,data/smart_cropped/53eb9e18de70cf2f55d7edfddad566f400cb5f82.jpg,detr_object_crop,"{""method"": ""detr_object_crop"", ""label"": ""wine glass"", ""score"": 0.9995118379592896, ""box"": [253, 98, 761, 1271]}"
12ee937d1071136f949a4273a4bec7e473d48108,lager,bing,,/Users/ivantyshchenko/Projects/Python/Neural-Beer/data/raw/bing/lager/lager_beer_in_glass_at_bar_-bottle_-can_-logo_-mockup_-illustration/000113.jpg,000113.jpg,3130,2075,2025-10-04T19:58:43Z,d433321cec637ccc,data/smart_cropped/12ee937d1071136f949a4273a4bec7e473d48108.jpg,detr_object_crop,"{""method"": ""detr_object_crop"", ""label"": ""cup"", ""score"": 0.9785674214363098, ""box"": [1729, 0, 2507, 793]}"
b33af29cecc7f7e96591d9ec363e2de85a8f87e1,lager,bing,,/Users/ivantyshchenko/Projects/Python/Neural-Beer/data/raw/bing/lager/lager_beer_in_glass_at_bar_-bottle_-can_-logo_-mockup_-illustration/000115.jpg,000115.jpg,700,700,2025-10-04T19:58:43Z,ebb19f4ac48cc64a,data/smart_cropped/b33af29cecc7f7e96591d9ec363e2de85a8f87e1.jpg,detr_object_crop,"{""method"": ""detr_object_crop"", ""label"": ""bottle"", ""score"": 0.9973286390304565, ""box"": [16, 359, 230, 700]}"
a96ec15a23a65dd3bfbca27c9195b4e5a557e42c,lager,bing,,/Users/ivantyshchenko/Projects/Python/Neural-Beer/data/raw/bing/lager/lager_beer_in_glass_at_bar_-bottle_-can_-logo_-mockup_-illustration/000117.jpg,000117.jpg,1300,953,2025-10-04T19:58:43Z,c4466e8b0bf974b4,data/smart_cropped/a96ec15a23a65dd3bfbca27c9195b4e5a557e42c.jpg,detr_object_crop,"{""method"": ""detr_object_crop"", ""label"": ""cup"", ""score"": 0.9991169571876526, ""box"": [250, 0, 642, 708]}"
6354eaaebdc6758a34a0e1ee84a46f899d268c16,lager,bing,,/Users/ivantyshchenko/Projects/Python/Neural-Beer/data/raw/bing/lager/pale_lager_pilsner_flute_glass_poured_draft_-bottle_-can_-logo_-mockup/000010.jpg,000010.jpg,1500,1101,2025-10-04T19:59:28Z,88177223778af71c,data/smart_cropped/6354eaaebdc6758a34a0e1ee84a46f899d268c16.jpg,detr_object_crop,"{""method"": ""detr_object_crop"", ""label"": ""dining table"", ""score"": 0.9268357753753662, ""box"": [0, 662, 1500, 1101]}"
7c2f3ac0d38117d3d76fcc7dc9382a2e0f6424c2,lager,bing,,/Users/ivantyshchenko/Projects/Python/Neural-Beer/data/raw/bing/lager/pale_lager_pilsner_flute_glass_poured_draft_-bottle_-can_-logo_-mockup/000025.jpg,000025.jpg,800,800,2025-10-04T19:59:28Z,b31c4c73693333cc,data/smart_cropped/7c2f3ac0d38117d3d76fcc7dc9382a2e0f6424c2.jpg,center_square_fallback,"{""method"": ""center_square_fallback"", ""label"": null, ""score"": null, ""box"": [0, 0, 800, 800]}"
e0e512b12d0e05951c55e08e40cdff3c6a73df51,lager,bing,,/Users/ivantyshchenko/Projects/Python/Neural-Beer/data/raw/bing/lager/pale_lager_pilsner_flute_glass_poured_draft_-bottle_-can_-logo_-mockup/000030.jpg,000030.jpg,768,1024,2025-10-04T19:59:28Z,87930da58db4b48f,data/smart_cropped/e0e512b12d0e05951c55e08e40cdff3c6a73df51.jpg,detr_object_crop,"{""method"": ""detr_object_crop"", ""label"": ""chair"", ""score"": 0.9675260782241821, ""box"": [0, 147, 284, 709]}"
b08d1e42ba7c19fbd6d07ab9d221e486d5e87f08,lager,bing,,/Users/ivantyshchenko/Projects/Python/Neural-Beer/data/raw/bing/lager/pale_lager_pilsner_flute_glass_poured_draft_-bottle_-can_-logo_-mockup/000033.jpg,000033.jpg,533,800,2025-10-04T19:59:28Z,c6c559126c397c8f,data/smart_cropped/b08d1e42ba7c19fbd6d07ab9d221e486d5e87f08.jpg,detr_object_crop,"{""method"": ""detr_object_crop"", ""label"": ""wine glass"", ""score"": 0.9982463121414185, ""box"": [213, 16, 517, 761]}"
ec65208b803eaf6d9583662afcba78db15f01c93,lager,bing,,/Users/ivantyshchenko/Projects/Python/Neural-Beer/data/raw/bing/lager/pale_lager_pilsner_flute_glass_poured_draft_-bottle_-can_-logo_-mockup/000042.jpg,000042.jpg,520,1600,2025-10-04T19:59:28Z,ee4ed190989e2e27,data/smart_cropped/ec65208b803eaf6d9583662afcba78db15f01c93.jpg,center_square_fallback,"{""method"": ""center_square_fallback"", ""label"": null, ""score"": null, ""box"": [0, 540, 520, 1060]}"
a7ac137c0cd198a45fdff52ccc6faaee3a33b8f9,lager,bing,,/Users/ivantyshchenko/Projects/Python/Neural-Beer/data/raw/bing/lager/pale_lager_pilsner_flute_glass_poured_draft_-bottle_-can_-logo_-mockup/000043.jpg,000043.jpg,1500,1125,2025-10-04T19:59:28Z,d5d04ebc19628d97,data/smart_cropped/a7ac137c0cd198a45fdff52ccc6faaee3a33b8f9.jpg,detr_object_crop,"{""method"": ""detr_object_crop"", ""label"": ""wine glass"", ""score"": 0.8337157964706421, ""box"": [303, 0, 1207, 1037]}"
cd0d1e5fb7016185bfed095c0afdcbcb0ce609ef,lager,bing,,/Users/ivantyshchenko/Projects/Python/Neural-Beer/data/raw/bing/lager/pale_lager_pilsner_flute_glass_poured_draft_-bottle_-can_-logo_-mockup/000044.jpg,000044.jpg,1000,1000,2025-10-04T19:59:28Z,e5991933cce39334,data/smart_cropped/cd0d1e5fb7016185bfed095c0afdcbcb0ce609ef.jpg,detr_object_crop,"{""method"": ""detr_object_crop"", ""label"": ""cup"", ""score"": 0.975884199142456, ""box"": [212, 0, 789, 1000]}"
45c5ed3f71da2876fd8963f677c3132dc6d2c315,lager,bing,,/Users/ivantyshchenko/Projects/Python/Neural-Beer/data/raw/bing/lager/pale_lager_pilsner_flute_glass_poured_draft_-bottle_-can_-logo_-mockup/000045.jpg,000045.jpg,1588,2117,2025-10-04T19:59:28Z,c242838b2e3f7be1,data/smart_cropped/45c5ed3f71da2876fd8963f677c3132dc6d2c315.jpg,detr_object_crop,"{""method"": ""detr_object_crop"", ""label"": ""dining table"", ""score"": 0.9446054100990295, ""box"": [0, 803, 1588, 2117]}"
3b11ba46e530057438dfe09d778a47e0162e0a09,lager,bing,,/Users/ivantyshchenko/Projects/Python/Neural-Beer/data/raw/bing/lager/pale_lager_pilsner_flute_glass_poured_draft_-bottle_-can_-logo_-mockup/000050.jpg,000050.jpg,1600,1157,2025-10-04T19:59:28Z,e7d91a866ca678a2,data/smart_cropped/3b11ba46e530057438dfe09d778a47e0162e0a09.jpg,detr_object_crop,"{""method"": ""detr_object_crop"", ""label"": ""vase"", ""score"": 0.9943572878837585, ""box"": [323, 51, 1171, 1027]}"
38336e549a6bffdb3cf3d4582244409c02e1f07f,lager,bing,,/Users/ivantyshchenko/Projects/Python/Neural-Beer/data/raw/bing/lager/pale_lager_pilsner_flute_glass_poured_draft_-bottle_-can_-logo_-mockup/000051.jpg,000051.jpg,1000,1000,2025-10-04T19:59:28Z,b3d926c78c66cb24,data/smart_cropped/38336e549a6bffdb3cf3d4582244409c02e1f07f.jpg,detr_object_crop,"{""method"": ""detr_object_crop"", ""label"": ""cup"", ""score"": 0.7772021889686584, ""box"": [250, 2, 748, 987]}"
90b274cfbc5f0a75a3e9dc45d8089efeca31aded,lager,bing,,/Users/ivantyshchenko/Projects/Python/Neural-Beer/data/raw/bing/lager/pale_lager_pilsner_flute_glass_poured_draft_-bottle_-can_-logo_-mockup/000054.jpg,000054.jpg,1400,1400,2025-10-04T19:59:28Z,c6cde49398729966,data/smart_cropped/90b274cfbc5f0a75a3e9dc45d8089efeca31aded.jpg,center_square_fallback,"{""method"": ""center_square_fallback"", ""label"": null, ""score"": null, ""box"": [0, 0, 1400, 1400]}"
21271d22787a30e16f02e417b0dd7769756e57c2,lager,bing,,/Users/ivantyshchenko/Projects/Python/Neural-Beer/data/raw/bing/lager/pale_lager_pilsner_flute_glass_poured_draft_-bottle_-can_-logo_-mockup/000057.jpg,000057.jpg,700,700,2025-10-04T19:59:28Z,b198663399669b65,data/smart_cropped/21271d22787a30e16f02e417b0dd7769756e57c2.jpg,detr_object_crop,"{""method"": ""detr_object_crop"", ""label"": ""fork"", ""score"": 0.8149005174636841, ""box"": [168, 0, 527, 700]}"
627ea13300bf981c68fea972bdbab383a02fb02d,lager,bing,,/Users/ivantyshchenko/Projects/Python/Neural-Beer/data/raw/bing/lager/helles_lager_in_seidel_mug_pub_draft_-bottle_-can_-logo/000019.jpg,000019.jpg,1180,1475,2025-10-04T20:00:07Z,fd04632333979c8d,data/smart_cropped/627ea13300bf981c68fea972bdbab383a02fb02d.jpg,detr_object_crop,"{""method"": ""detr_object_crop"", ""label"": ""bottle"", ""score"": 0.952115535736084, ""box"": [703, 265, 1180, 1475]}"
1477a0e67bd3953e5abf1ad7a2aa2f816175b3c8,lager,bing,,/Users/ivantyshchenko/Projects/Python/Neural-Beer/data/raw/bing/lager/helles_lager_in_seidel_mug_pub_draft_-bottle_-can_-logo/000025.jpg,000025.jpg,640,640,2025-10-04T20:00:07Z,8cfb430e96dcc98c,data/smart_cropped/1477a0e67bd3953e5abf1ad7a2aa2f816175b3c8.jpg,detr_object_crop,"{""method"": ""detr_object_crop"", ""label"": ""cup"", ""score"": 0.9977818131446838, ""box"": [169, 183, 459, 615]}"
ec0886aa31aabbfc59f396192a42a52e71743e7c,lager,bing,,/Users/ivantyshchenko/Projects/Python/Neural-Beer/data/raw/bing/lager/helles_lager_in_seidel_mug_pub_draft_-bottle_-can_-logo/000026.jpg,000026.jpg,640,640,2025-10-04T20:00:07Z,ed85a4242d3f1b1b,data/smart_cropped/ec0886aa31aabbfc59f396192a42a52e71743e7c.jpg,detr_object_crop,"{""method"": ""detr_object_crop"", ""label"": ""cup"", ""score"": 0.9975317716598511, ""box"": [0, 0, 393, 558]}"
da4128949f3c089407e841d57d406bc58116e357,lager,bing,,/Users/ivantyshchenko/Projects/Python/Neural-Beer/data/raw/bing/lager/helles_lager_in_seidel_mug_pub_draft_-bottle_-can_-logo/000027.jpg,000027.jpg,640,640,2025-10-04T20:00:07Z,c34169e4345fdbe0,data/smart_cropped/da4128949f3c089407e841d57d406bc58116e357.jpg,detr_object_crop,"{""method"": ""detr_object_crop"", ""label"": ""cup"", ""score"": 0.9989946484565735, ""box"": [228, 96, 513, 475]}"
bb854fd27ef7e26dcb5bdbb5e537cbfa3051e600,lager,bing,,/Users/ivantyshchenko/Projects/Python/Neural-Beer/data/raw/bing/lager/helles_lager_in_seidel_mug_pub_draft_-bottle_-can_-logo/000030.jpg,000030.jpg,720,1280,2025-10-04T20:00:07Z,e3bc148f1e033f62,data/smart_cropped/bb854fd27ef7e26dcb5bdbb5e537cbfa3051e600.jpg,detr_object_crop,"{""method"": ""detr_object_crop"", ""label"": ""cup"", ""score"": 0.8003488779067993, ""box"": [0, 142, 356, 1216]}"
03984e95017af4d3d35c843e7980eeb1ec2e44b2,lager,bing,,/Users/ivantyshchenko/Projects/Python/Neural-Beer/data/raw/bing/lager/helles_lager_in_seidel_mug_pub_draft_-bottle_-can_-logo/000032.jpg,000032.jpg,1200,1200,2025-10-04T20:00:07Z,e69b9326cc99668c,data/smart_cropped/03984e95017af4d3d35c843e7980eeb1ec2e44b2.jpg,detr_object_crop,"{""method"": ""detr_object_crop"", ""label"": ""bottle"", ""score"": 0.9969223141670227, ""box"": [340, 0, 854, 1200]}"
3c0422518b32c4a69f8c619aac24c68ec5ccb767,lager,bing,,/Users/ivantyshchenko/Projects/Python/Neural-Beer/data/raw/bing/lager/helles_lager_in_seidel_mug_pub_draft_-bottle_-can_-logo/000034.jpg,000034.jpg,1027,1390,2025-10-04T20:00:07Z,b6c369825d977892,data/smart_cropped/3c0422518b32c4a69f8c619aac24c68ec5ccb767.jpg,detr_object_crop,"{""method"": ""detr_object_crop"", ""label"": ""laptop"", ""score"": 0.8858240246772766, ""box"": [0, 0, 711, 1383]}"
874076bf9c5ed11606c2db3c8e3ba04323b5bf41,lager,bing,,/Users/ivantyshchenko/Projects/Python/Neural-Beer/data/raw/bing/lager/helles_lager_in_seidel_mug_pub_draft_-bottle_-can_-logo/000035.jpg,000035.jpg,1920,2560,2025-10-04T20:00:07Z,addbd4c144216a77,data/smart_cropped/874076bf9c5ed11606c2db3c8e3ba04323b5bf41.jpg,center_square_fallback,"{""method"": ""center_square_fallback"", ""label"": null, ""score"": null, ""box"": [0, 320, 1920, 2240]}"
443ff8abcaa9fb3c40cc139301257da30ba9418a,lager,bing,,/Users/ivantyshchenko/Projects/Python/Neural-Beer/data/raw/bing/lager/helles_lager_in_seidel_mug_pub_draft_-bottle_-can_-logo/000036.jpg,000036.jpg,1440,1920,2025-10-04T20:00:07Z,a6b3095dc9277698,data/smart_cropped/443ff8abcaa9fb3c40cc139301257da30ba9418a.jpg,detr_object_crop,"{""method"": ""detr_object_crop"", ""label"": ""bottle"", ""score"": 0.9985962510108948, ""box"": [423, 0, 1040, 1631]}"
7ecc4ddbce14137966b78400596e1773dd875a38,lager,bing,,/Users/ivantyshchenko/Projects/Python/Neural-Beer/data/raw/bing/lager/helles_lager_in_seidel_mug_pub_draft_-bottle_-can_-logo/000039.jpg,000039.jpg,2560,2560,2025-10-04T20:00:07Z,9c1cdbc1e1e396e0,data/smart_cropped/7ecc4ddbce14137966b78400596e1773dd875a38.jpg,detr_object_crop,"{""method"": ""detr_object_crop"", ""label"": ""bottle"", ""score"": 0.9282132983207703, ""box"": [201, 95, 801, 1088]}"
a913a1d71776e764e3461f6f312d2a20ceafa348,lager,bing,,/Users/ivantyshchenko/Projects/Python/Neural-Beer/data/raw/bing/lager/helles_lager_in_seidel_mug_pub_draft_-bottle_-can_-logo/000043.jpg,000043.jpg,1280,720,2025-10-04T20:00:07Z,878f4e9129a6356e,data/smart_cropped/a913a1d71776e764e3461f6f312d2a20ceafa348.jpg,detr_object_crop,"{""method"": ""detr_object_crop"", ""label"": ""wine glass"", ""score"": 0.9909263849258423, ""box"": [601, 0, 1176, 720]}"
47b5bf7974aed09e72c3cdda8c32fefe435b8c7b,lager,bing,,/Users/ivantyshchenko/Projects/Python/Neural-Beer/data/raw/bing/lager/helles_lager_in_seidel_mug_pub_draft_-bottle_-can_-logo/000046.jpg,000046.jpg,768,978,2025-10-04T20:00:07Z,9b5ee5e5505b84a4,data/smart_cropped/47b5bf7974aed09e72c3cdda8c32fefe435b8c7b.jpg,detr_object_crop,"{""method"": ""detr_object_crop"", ""label"": ""bottle"", ""score"": 0.9985464215278625, ""box"": [555, 73, 768, 568]}"
0df01852806710cdc55b7d55b83efa1e1c5f6413,lager,bing,,/Users/ivantyshchenko/Projects/Python/Neural-Beer/data/raw/bing/lager/helles_lager_in_seidel_mug_pub_draft_-bottle_-can_-logo/000052.jpg,000052.jpg,1092,728,2025-10-04T20:00:07Z,ea9d85b5946ac163,data/smart_cropped/0df01852806710cdc55b7d55b83efa1e1c5f6413.jpg,detr_object_crop,"{""method"": ""detr_object_crop"", ""label"": ""bottle"", ""score"": 0.9987799525260925, ""box"": [114, 0, 406, 727]}"
2ebead011f6b46d061e097f9a5e4e412db4a35d1,lager,bing,,/Users/ivantyshchenko/Projects/Python/Neural-Beer/data/raw/bing/lager/crystal_clear_lager_condensation_closeup_pub_-bottle_-can_-logo/000033.jpg,000033.jpg,1280,720,2025-10-04T20:00:35Z,b6b44a4b4b4b6b92,data/smart_cropped/2ebead011f6b46d061e097f9a5e4e412db4a35d1.jpg,center_square_fallback,"{""method"": ""center_square_fallback"", ""label"": null, ""score"": null, ""box"": [280, 0, 1000, 720]}"
1546e1211b3961fcd048f8692a6474b0c8bc2a61,lager,bing,,/Users/ivantyshchenko/Projects/Python/Neural-Beer/data/raw/bing/lager/crystal_clear_lager_condensation_closeup_pub_-bottle_-can_-logo/000045.jpg,000045.jpg,1600,1157,2025-10-04T20:00:35Z,80d27f867e827e8a,data/smart_cropped/1546e1211b3961fcd048f8692a6474b0c8bc2a61.jpg,center_square_fallback,"{""method"": ""center_square_fallback"", ""label"": null, ""score"": null, ""box"": [221, 0, 1378, 1157]}"
9d79e9e0173130b9a5607eb43fc51cc4c895aca5,lager,bing,,/Users/ivantyshchenko/Projects/Python/Neural-Beer/data/raw/bing/lager/crystal_clear_lager_condensation_closeup_pub_-bottle_-can_-logo/000060.jpg,000060.jpg,1000,652,2025-10-04T20:00:35Z,f38318b43cf23437,data/smart_cropped/9d79e9e0173130b9a5607eb43fc51cc4c895aca5.jpg,detr_object_crop,"{""method"": ""detr_object_crop"", ""label"": ""person"", ""score"": 0.9839896559715271, ""box"": [13, 327, 305, 620]}"
2503a98ac44081323041d9e695aca77fed709a3f,lager,bing,,/Users/ivantyshchenko/Projects/Python/Neural-Beer/data/raw/bing/lager/crystal_clear_lager_condensation_closeup_pub_-bottle_-can_-logo/000067.jpg,000067.jpg,1600,1157,2025-10-04T20:00:35Z,80de7d867c817f82,data/smart_cropped/2503a98ac44081323041d9e695aca77fed709a3f.jpg,center_square_fallback,"{""method"": ""center_square_fallback"", ""label"": null, ""score"": null, ""box"": [221, 0, 1378, 1157]}"
fb0e4d4ee81bd4ddecbecdc9b4a0679b771a39e6,lager,bing,,/Users/ivantyshchenko/Projects/Python/Neural-Beer/data/raw/bing/lager/crystal_clear_lager_condensation_closeup_pub_-bottle_-can_-logo/000071.jpg,000071.jpg,1300,988,2025-10-04T20:00:35Z,a493779f69955484,data/smart_cropped/fb0e4d4ee81bd4ddecbecdc9b4a0679b771a39e6.jpg,detr_object_crop,"{""method"": ""detr_object_crop"", ""label"": ""cake"", ""score"": 0.7673453688621521, ""box"": [0, 0, 1300, 988]}"
d0129e49c1ff670bba39a7c275e08bdb2532e406,lager,bing,,/Users/ivantyshchenko/Projects/Python/Neural-Beer/data/raw/bing/lager/crystal_clear_lager_condensation_closeup_pub_-bottle_-can_-logo/000079.jpg,000079.jpg,975,1390,2025-10-04T20:00:35Z,9e0d7c8f708b7621,data/smart_cropped/d0129e49c1ff670bba39a7c275e08bdb2532e406.jpg,detr_object_crop,"{""method"": ""detr_object_crop"", ""label"": ""cup"", ""score"": 0.8082094788551331, ""box"": [176, 0, 802, 1323]}"
804df1b58bfb093a1cc51c67c7eaea72ecf43121,lager,bing,,/Users/ivantyshchenko/Projects/Python/Neural-Beer/data/raw/bing/lager/crystal_clear_lager_condensation_closeup_pub_-bottle_-can_-logo/000081.jpg,000081.jpg,1280,720,2025-10-04T20:00:35Z,db243499c7cc6633,data/smart_cropped/804df1b58bfb093a1cc51c67c7eaea72ecf43121.jpg,detr_object_crop,"{""method"": ""detr_object_crop"", ""label"": ""hot dog"", ""score"": 0.9695191979408264, ""box"": [305, 208, 835, 720]}"
3f9026f2924b764f0572e47bdfe6b5f743c6aa8b,lager,bing,,/Users/ivantyshchenko/Projects/Python/Neural-Beer/data/raw/bing/lager/crystal_clear_lager_condensation_closeup_pub_-bottle_-can_-logo/000083.jpg,000083.jpg,720,900,2025-10-04T20:00:35Z,f6d8590ef90cf421,data/smart_cropped/3f9026f2924b764f0572e47bdfe6b5f743c6aa8b.jpg,detr_object_crop,"{""method"": ""detr_object_crop"", ""label"": ""bottle"", ""score"": 0.9651722311973572, ""box"": [184, 10, 530, 900]}"
957154c6f95fef9a8880496ea1124e064617b3b8,lager,bing,,/Users/ivantyshchenko/Projects/Python/Neural-Beer/data/raw/bing/lager/crystal_clear_lager_condensation_closeup_pub_-bottle_-can_-logo/000088.jpg,000088.jpg,939,1390,2025-10-04T20:00:35Z,9c25708fde23fc03,data/smart_cropped/957154c6f95fef9a8880496ea1124e064617b3b8.jpg,center_square_fallback,"{""method"": ""center_square_fallback"", ""label"": null, ""score"": null, ""box"": [0, 225, 939, 1164]}"
112d77b76896c33bb725d3af1e6e69517b89a568,lager,bing,,/Users/ivantyshchenko/Projects/Python/Neural-Beer/data/raw/bing/lager/crystal_clear_lager_condensation_closeup_pub_-bottle_-can_-logo/000089.jpg,000089.jpg,975,1390,2025-10-04T20:00:35Z,f4835e83588f5687,data/smart_cropped/112d77b76896c33bb725d3af1e6e69517b89a568.jpg,center_square_fallback,"{""method"": ""center_square_fallback"", ""label"": null, ""score"": null, ""box"": [0, 207, 975, 1182]}"
8d74be684339d1502e6082bab16d2bf844937091,lager,bing,,/Users/ivantyshchenko/Projects/Python/Neural-Beer/data/raw/bing/lager/crystal_clear_lager_condensation_closeup_pub_-bottle_-can_-logo/000094.jpg,000094.jpg,1300,956,2025-10-04T20:00:35Z,fbcb089ef1f03484,data/smart_cropped/8d74be684339d1502e6082bab16d2bf844937091.jpg,detr_object_crop,"{""method"": ""detr_object_crop"", ""label"": ""cup"", ""score"": 0.9932049512863159, ""box"": [283, 4, 821, 871]}"
b596ba061b842128b28e264956f8bf4e5777f913,lager,bing,,/Users/ivantyshchenko/Projects/Python/Neural-Beer/data/raw/bing/lager/crystal_clear_lager_condensation_closeup_pub_-bottle_-can_-logo/000097.jpg,000097.jpg,961,1390,2025-10-04T20:00:35Z,ec8915af52877683,data/smart_cropped/b596ba061b842128b28e264956f8bf4e5777f913.jpg,detr_object_crop,"{""method"": ""detr_object_crop"", ""label"": ""vase"", ""score"": 0.944023609161377, ""box"": [81, 109, 496, 1181]}"
5f3c856dc9eb29a2bfa2ab8d97759edfb1ee4d0a,lager,bing,,/Users/ivantyshchenko/Projects/Python/Neural-Beer/data/raw/bing/lager/crystal_clear_lager_condensation_closeup_pub_-bottle_-can_-logo/000099.jpg,000099.jpg,921,1390,2025-10-04T20:00:35Z,f08746a35ca7748b,data/smart_cropped/5f3c856dc9eb29a2bfa2ab8d97759edfb1ee4d0a.jpg,center_square_fallback,"{""method"": ""center_square_fallback"", ""label"": null, ""score"": null, ""box"": [0, 234, 921, 1155]}"
a1e359629d2040bf0a41d765936ce048bde715ff,lager,bing,,/Users/ivantyshchenko/Projects/Python/Neural-Beer/data/raw/bing/lager/crystal_clear_lager_condensation_closeup_pub_-bottle_-can_-logo/000101.jpg,000101.jpg,1000,667,2025-10-04T20:00:35Z,b0cc978c93666f31,data/smart_cropped/a1e359629d2040bf0a41d765936ce048bde715ff.jpg,center_square_fallback,"{""method"": ""center_square_fallback"", ""label"": null, ""score"": null, ""box"": [166, 0, 833, 667]}"
1c3c1adeab7ad5155e6ba9aefbd362909d8b792e,lager,bing,,/Users/ivantyshchenko/Projects/Python/Neural-Beer/data/raw/bing/lager/golden_lager_on_tap_pint_glass_foam_head_-bottle_-can_-logo/000019.jpg,000019.jpg,1600,1156,2025-10-04T20:00:59Z,95b52712789dd82b,data/smart_cropped/1c3c1adeab7ad5155e6ba9aefbd362909d8b792e.jpg,detr_object_crop,"{""method"": ""detr_object_crop"", ""label"": ""cup"", ""score"": 0.9865047335624695, ""box"": [440, 246, 924, 1043]}"
c22ff042b7879fca95776afc7e6acd5263a63758,lager,bing,,/Users/ivantyshchenko/Projects/Python/Neural-Beer/data/raw/bing/lager/golden_lager_on_tap_pint_glass_foam_head_-bottle_-can_-logo/000038.jpg,000038.jpg,2940,1960,2025-10-04T20:00:59Z,94126b2d81e9f83f,data/smart_cropped/c22ff042b7879fca95776afc7e6acd5263a63758.jpg,detr_object_crop,"{""method"": ""detr_object_crop"", ""label"": ""cup"", ""score"": 0.9834874272346497, ""box"": [770, 589, 1426, 1618]}"
34d4c095ab30417df1e394259a89625aa693c63b,lager,bing,,/Users/ivantyshchenko/Projects/Python/Neural-Beer/data/raw/bing/lager/golden_lager_on_tap_pint_glass_foam_head_-bottle_-can_-logo/000040.jpg,000040.jpg,1470,980,2025-10-04T20:00:59Z,844c3b2f57a1c47b,data/smart_cropped/34d4c095ab30417df1e394259a89625aa693c63b.jpg,detr_object_crop,"{""method"": ""detr_object_crop"", ""label"": ""wine glass"", ""score"": 0.9978910088539124, ""box"": [795, 227, 1198, 818]}"
6a306f138ef8474a83d28df040b2e99bb7605dc7,lager,bing,,/Users/ivantyshchenko/Projects/Python/Neural-Beer/data/raw/bing/lager/golden_lager_on_tap_pint_glass_foam_head_-bottle_-can_-logo/000047.jpg,000047.jpg,1307,1960,2025-10-04T20:00:59Z,95356aea8b9e7460,data/smart_cropped/6a306f138ef8474a83d28df040b2e99bb7605dc7.jpg,detr_object_crop,"{""method"": ""detr_object_crop"", ""label"": ""cup"", ""score"": 0.9927661418914795, ""box"": [287, 692, 845, 1647]}"
3ad67abec053545ae9ba25d5b188317bfd02aac1,lager,bing,,/Users/ivantyshchenko/Projects/Python/Neural-Beer/data/raw/bing/lager/golden_lager_on_tap_pint_glass_foam_head_-bottle_-can_-logo/000053.jpg,000053.jpg,654,980,2025-10-04T20:00:59Z,c7849e4e1b1a3b3a,data/smart_cropped/3ad67abec053545ae9ba25d5b188317bfd02aac1.jpg,center_square_fallback,"{""method"": ""center_square_fallback"", ""label"": null, ""score"": null, ""box"": [0, 163, 654, 817]}"
6cfda99b07c0b604075da9c2e9a739cfe2e5b4a1,lager,bing,,/Users/ivantyshchenko/Projects/Python/Neural-Beer/data/raw/bing/lager/golden_lager_on_tap_pint_glass_foam_head_-bottle_-can_-logo/000060.jpg,000060.jpg,1600,1156,2025-10-04T20:00:59Z,c80d377aa5599a27,data/smart_cropped/6cfda99b07c0b604075da9c2e9a739cfe2e5b4a1.jpg,detr_object_crop,"{""method"": ""detr_object_crop"", ""label"": ""cup"", ""score"": 0.9915406107902527, ""box"": [149, 401, 615, 1089]}"
b51775955d531532c887d567fc0bd8acf82bc426,lager,bing,,/Users/ivantyshchenko/Projects/Python/Neural-Beer/data/raw/bing/lager/golden_lager_on_tap_pint_glass_foam_head_-bottle_-can_-logo/000078.jpg,000078.jpg,1600,990,2025-10-04T20:00:59Z,999177276362ac9c,data/smart_cropped/b51775955d531532c887d567fc0bd8acf82bc426.jpg,center_square_fallback,"{""method"": ""center_square_fallback"", ""label"": null, ""score"": null, ""box"": [305, 0, 1295, 990]}"
e1fe2c89dec3e2aba00c222bc90f137161c19bd7,lager,bing,,/Users/ivantyshchenko/Projects/Python/Neural-Beer/data/raw/bing/lager/golden_lager_on_tap_pint_glass_foam_head_-bottle_-can_-logo/000079.jpg,000079.jpg,867,1390,2025-10-04T20:00:59Z,f0a54c875c9b58a7,data/smart_cropped/e1fe2c89dec3e2aba00c222bc90f137161c19bd7.jpg,center_square_fallback,"{""method"": ""center_square_fallback"", ""label"": null, ""score"": null, ""box"": [0, 261, 867, 1128]}"
89521f3454e624bfc1caca3fedb0bc7d6f5433fd,lager,bing,,/Users/ivantyshchenko/Projects/Python/Neural-Beer/data/raw/bing/lager/golden_lager_on_tap_pint_glass_foam_head_-bottle_-can_-logo/000084.jpg,000084.jpg,867,1390,2025-10-04T20:00:59Z,f0a54c8f589978a7,data/smart_cropped/89521f3454e624bfc1caca3fedb0bc7d6f5433fd.jpg,detr_object_crop,"{""method"": ""detr_object_crop"", ""label"": ""cup"", ""score"": 0.9305456876754761, ""box"": [199, 47, 661, 1223]}"
6020dd28d0073dae9fdd95385a0a05bf7805f669,lager,bing,,/Users/ivantyshchenko/Projects/Python/Neural-Beer/data/raw/bing/lager/golden_lager_on_tap_pint_glass_foam_head_-bottle_-can_-logo/000087.jpg,000087.jpg,588,900,2025-10-04T20:00:59Z,e523d89a969a369a,data/smart_cropped/6020dd28d0073dae9fdd95385a0a05bf7805f669.jpg,detr_object_crop,"{""method"": ""detr_object_crop"", ""label"": ""toilet"", ""score"": 0.9655787348747253, ""box"": [85, 0, 511, 807]}"
2d572bbc79a45a7a583fdc35d441023e42781838,lager,bing,,/Users/ivantyshchenko/Projects/Python/Neural-Beer/data/raw/bing/lager/golden_lager_on_tap_pint_glass_foam_head_-bottle_-can_-logo/000089.jpg,000089.jpg,913,1390,2025-10-04T20:00:59Z,b4a64bc352bc709b,data/smart_cropped/2d572bbc79a45a7a583fdc35d441023e42781838.jpg,detr_object_crop,"{""method"": ""detr_object_crop"", ""label"": ""cup"", ""score"": 0.9948893785476685, ""box"": [146, 68, 750, 1182]}"
f5775f9b8c8fdddcfc0b3fb4fc5ec6fef900bddd,lager,bing,,/Users/ivantyshchenko/Projects/Python/Neural-Beer/data/raw/bing/lager/golden_lager_on_tap_pint_glass_foam_head_-bottle_-can_-logo/000091.jpg,000091.jpg,626,626,2025-10-04T20:00:59Z,e29dd964b4c99463,data/smart_cropped/f5775f9b8c8fdddcfc0b3fb4fc5ec6fef900bddd.jpg,detr_object_crop,"{""method"": ""detr_object_crop"", ""label"": ""vase"", ""score"": 0.9997777342796326, ""box"": [145, 69, 451, 622]}"
949394cd2f00cafbd8a8b443e9f049af3b7b1023,lager,bing,,/Users/ivantyshchenko/Projects/Python/Neural-Beer/data/raw/bing/lager/golden_lager_on_tap_pint_glass_foam_head_-bottle_-can_-logo/000092.jpg,000092.jpg,626,626,2025-10-04T20:00:59Z,d8196466b346f31e,data/smart_cropped/949394cd2f00cafbd8a8b443e9f049af3b7b1023.jpg,detr_object_crop,"{""method"": ""detr_object_crop"", ""label"": ""vase"", ""score"": 0.9978894591331482, ""box"": [143, 0, 486, 626]}"
bd3b343725d9077f6e940964dcb5c9d897508bd8,wheat,bing,,/Users/ivantyshchenko/Projects/Python/Neural-Beer/data/raw/bing/wheat/wheat_beer_in_weizen_tall_glass_cloudy_-bottle_-can_-logo_-mockup/000069.jpg,000069.jpg,1067,1690,2025-10-04T20:01:19Z,9a1ce4272707d6f2,data/smart_cropped/bd3b343725d9077f6e940964dcb5c9d897508bd8.jpg,center_square_fallback,"{""method"": ""center_square_fallback"", ""label"": null, ""score"": null, ""box"": [0, 311, 1067, 1378]}"
c24895ad54e046db513523c92d1c031fcf0cd266,wheat,bing,,/Users/ivantyshchenko/Projects/Python/Neural-Beer/data/raw/bing/wheat/wheat_beer_in_weizen_tall_glass_cloudy_-bottle_-can_-logo_-mockup/000071.jpg,000071.jpg,600,600,2025-10-04T20:01:19Z,a69999c6c9669966,data/smart_cropped/c24895ad54e046db513523c92d1c031fcf0cd266.jpg,detr_object_crop,"{""method"": ""detr_object_crop"", ""label"": ""vase"", ""score"": 0.9954652190208435, ""box"": [151, 0, 446, 585]}"
c98bf1de3be4115a2116b59ef987a633f5296b83,wheat,bing,,/Users/ivantyshchenko/Projects/Python/Neural-Beer/data/raw/bing/wheat/wheat_beer_in_weizen_tall_glass_cloudy_-bottle_-can_-logo_-mockup/000073.jpg,000073.jpg,980,980,2025-10-04T20:01:19Z,cac62c3d19f1712e,data/smart_cropped/c98bf1de3be4115a2116b59ef987a633f5296b83.jpg,detr_object_crop,"{""method"": ""detr_object_crop"", ""label"": ""wine glass"", ""score"": 0.8312402963638306, ""box"": [222, 0, 749, 980]}"
6a20679c734926446e035968274c0759699d0bb5,wheat,bing,,/Users/ivantyshchenko/Projects/Python/Neural-Beer/data/raw/bing/wheat/wheat_beer_in_weizen_tall_glass_cloudy_-bottle_-can_-logo_-mockup/000077.jpg,000077.jpg,1600,1150,2025-10-04T20:01:19Z,9217ed6ced02ed12,data/smart_cropped/6a20679c734926446e035968274c0759699d0bb5.jpg,detr_object_crop,"{""method"": ""detr_object_crop"", ""label"": ""cup"", ""score"": 0.9643454551696777, ""box"": [815, 88, 1357, 1074]}"
63135587cb832d108ed2bf8ea5934f833f4eba33,wheat,bing,,/Users/ivantyshchenko/Projects/Python/Neural-Beer/data/raw/bing/wheat/wheat_beer_in_weizen_tall_glass_cloudy_-bottle_-can_-logo_-mockup/000082.jpg,000082.jpg,1300,956,2025-10-04T20:01:19Z,af9b53e01c8c338e,data/smart_cropped/63135587cb832d108ed2bf8ea5934f833f4eba33.jpg,center_square_fallback,"{""method"": ""center_square_fallback"", ""label"": null, ""score"": null, ""box"": [172, 0, 1128, 956]}"
d31068868adb251c86a0d36ed3a4a9dbf5fe2d47,wheat,bing,,/Users/ivantyshchenko/Projects/Python/Neural-Beer/data/raw/bing/wheat/hefeweizen_banana_clove_aroma_in_glass_-bottle_-can_-logo/000038.jpg,000038.jpg,3024,4032,2025-10-04T20:02:02Z,ad9e84943fcbc1b0,data/smart_cropped/d31068868adb251c86a0d36ed3a4a9dbf5fe2d47.jpg,detr_object_crop,"{""method"": ""detr_object_crop"", ""label"": ""cup"", ""score"": 0.968042254447937, ""box"": [94, 478, 2744, 4032]}"
03ffd4f485ce08dff2944d4298b638cf247c2b34,wheat,bing,,/Users/ivantyshchenko/Projects/Python/Neural-Beer/data/raw/bing/wheat/hefeweizen_banana_clove_aroma_in_glass_-bottle_-can_-logo/000040.jpg,000040.jpg,900,1155,2025-10-04T20:02:02Z,f6560c9369799c46,data/smart_cropped/03ffd4f485ce08dff2944d4298b638cf247c2b34.jpg,detr_object_crop,"{""method"": ""detr_object_crop"", ""label"": ""bottle"", ""score"": 0.9992049336433411, ""box"": [232, 0, 703, 1112]}"
7a4ac580effbe848667207b24c951f29ac819eee,wheat,bing,,/Users/ivantyshchenko/Projects/Python/Neural-Beer/data/raw/bing/wheat/hefeweizen_banana_clove_aroma_in_glass_-bottle_-can_-logo/000043.jpg,000043.jpg,1063,1690,2025-10-04T20:02:02Z,f2bc8ccb15b2628d,data/smart_cropped/7a4ac580effbe848667207b24c951f29ac819eee.jpg,detr_object_crop,"{""method"": ""detr_object_crop"", ""label"": ""cup"", ""score"": 0.9954192638397217, ""box"": [202, 222, 818, 1408]}"
4a18e2fb47c0a5b5f40b51d8fd2d87e61c477660,wheat,bing,,/Users/ivantyshchenko/Projects/Python/Neural-Beer/data/raw/bing/wheat/hefeweizen_banana_clove_aroma_in_glass_-bottle_-can_-logo/000044.jpg,000044.jpg,768,576,2025-10-04T20:02:02Z,ff410abe54c38a9c,data/smart_cropped/4a18e2fb47c0a5b5f40b51d8fd2d87e61c477660.jpg,detr_object_crop,"{""method"": ""detr_object_crop"", ""label"": ""cup"", ""score"": 0.998511016368866, ""box"": [545, 208, 752, 475]}"
6698eecc26605359972b760d54d6583ac12d0a0f,wheat,bing,,/Users/ivantyshchenko/Projects/Python/Neural-Beer/data/raw/bing/wheat/hefeweizen_banana_clove_aroma_in_glass_-bottle_-can_-logo/000046.jpg,000046.jpg,1415,1415,2025-10-04T20:02:02Z,af81f07a5e8729c8,data/smart_cropped/6698eecc26605359972b760d54d6583ac12d0a0f.jpg,detr_object_crop,"{""method"": ""detr_object_crop"", ""label"": ""banana"", ""score"": 0.9988862872123718, ""box"": [0, 155, 1415, 1259]}"
9a354fc979a2b1b6a5aefd348c0cefefc3d9fbe1,wheat,bing,,/Users/ivantyshchenko/Projects/Python/Neural-Beer/data/raw/bing/wheat/hefeweizen_banana_clove_aroma_in_glass_-bottle_-can_-logo/000047.jpg,000047.jpg,1500,1101,2025-10-04T20:02:02Z,a392dca3bca632c3,data/smart_cropped/9a354fc979a2b1b6a5aefd348c0cefefc3d9fbe1.jpg,detr_object_crop,"{""method"": ""detr_object_crop"", ""label"": ""cup"", ""score"": 0.9063553810119629, ""box"": [205, 168, 621, 1084]}"
db841cd2de036f8ff2b435b2596596a2cbbb362b,wheat,bing,,/Users/ivantyshchenko/Projects/Python/Neural-Beer/data/raw/bing/wheat/hefeweizen_banana_clove_aroma_in_glass_-bottle_-can_-logo/000049.jpg,000049.jpg,794,756,2025-10-04T20:02:02Z,967e25817b8167c6,data/smart_cropped/db841cd2de036f8ff2b435b2596596a2cbbb362b.jpg,detr_object_crop,"{""method"": ""detr_object_crop"", ""label"": ""cup"", ""score"": 0.9912458062171936, ""box"": [268, 0, 567, 605]}"
52c4f59aa8dd6a5fdbb6e1dafa8e306c8ea2727f,wheat,bing,,/Users/ivantyshchenko/Projects/Python/Neural-Beer/data/raw/bing/wheat/hefeweizen_banana_clove_aroma_in_glass_-bottle_-can_-logo/000051.jpg,000051.jpg,1920,1080,2025-10-04T20:02:02Z,9d64cf097c149b33,data/smart_cropped/52c4f59aa8dd6a5fdbb6e1dafa8e306c8ea2727f.jpg,detr_object_crop,"{""method"": ""detr_object_crop"", ""label"": ""cup"", ""score"": 0.9980478286743164, ""box"": [251, 12, 1024, 1080]}"
ccf6db2a60012eb046b34eb78efb72dc45241477,wheat,bing,,/Users/ivantyshchenko/Projects/Python/Neural-Beer/data/raw/bing/wheat/hefeweizen_banana_clove_aroma_in_glass_-bottle_-can_-logo/000053.jpg,000053.jpg,1300,956,2025-10-04T20:02:02Z,d3d370343c0c6d4f,data/smart_cropped/ccf6db2a60012eb046b34eb78efb72dc45241477.jpg,detr_object_crop,"{""method"": ""detr_object_crop"", ""label"": ""banana"", ""score"": 0.9640312790870667, ""box"": [8, 2, 627, 624]}"
e4435a039a1900d022caff06caf0eda0dcd2984b,wheat,bing,,/Users/ivantyshchenko/Projects/Python/Neural-Beer/data/raw/bing/wheat/hefeweizen_banana_clove_aroma_in_glass_-bottle_-can_-logo/000055.jpg,000055.jpg,1068,559,2025-10-04T20:02:02Z,e6999966cc669926,data/smart_cropped/e4435a039a1900d022caff06caf0eda0dcd2984b.jpg,detr_object_crop,"{""method"": ""detr_object_crop"", ""label"": ""bottle"", ""score"": 0.997946560382843, ""box"": [433, 18, 633, 534]}"
914a26b176e81ac56f838d47de0e01a0ad016f15,wheat,bing,,/Users/ivantyshchenko/Projects/Python/Neural-Beer/data/raw/bing/wheat/witbier_belgian_white_beer_tulip_glass_-bottle_-can_-logo/000015.jpg,000015.jpg,2500,3750,2025-10-04T20:02:43Z,c9b8c727784d87a2,data/smart_cropped/914a26b176e81ac56f838d47de0e01a0ad016f15.jpg,detr_object_crop,"{""method"": ""detr_object_crop"", ""label"": ""cup"", ""score"": 0.9502032399177551, ""box"": [1235, 2206, 2500, 3750]}"
2a97ccb17739734be7ec6d82ce484a2381d696e4,wheat,bing,,/Users/ivantyshchenko/Projects/Python/Neural-Beer/data/raw/bing/wheat/witbier_belgian_white_beer_tulip_glass_-bottle_-can_-logo/000037.jpg,000037.jpg,1521,2250,2025-10-04T20:02:43Z,ee9a968378666199,data/smart_cropped/2a97ccb17739734be7ec6d82ce484a2381d696e4.jpg,detr_object_crop,"{""method"": ""detr_object_crop"", ""label"": ""wine glass"", ""score"": 0.9558812975883484, ""box"": [4, 0, 1521, 2250]}"
fb4e729e5b0f1db511605c071a6a1b360ffd5ca2,wheat,bing,,/Users/ivantyshchenko/Projects/Python/Neural-Beer/data/raw/bing/wheat/witbier_belgian_white_beer_tulip_glass_-bottle_-can_-logo/000044.jpg,000044.jpg,1500,1267,2025-10-04T20:02:43Z,ee62d199a4b69334,data/smart_cropped/fb4e729e5b0f1db511605c071a6a1b360ffd5ca2.jpg,detr_object_crop,"{""method"": ""detr_object_crop"", ""label"": ""vase"", ""score"": 0.8424839973449707, ""box"": [0, 432, 775, 1217]}"
83030723a405e9b2dc635c32a5ccaecb076fcfa8,wheat,bing,,/Users/ivantyshchenko/Projects/Python/Neural-Beer/data/raw/bing/wheat/witbier_belgian_white_beer_tulip_glass_-bottle_-can_-logo/000048.jpg,000048.jpg,679,796,2025-10-04T20:02:43Z,8fd4fa01f03ce03e,data/smart_cropped/83030723a405e9b2dc635c32a5ccaecb076fcfa8.jpg,detr_object_crop,"{""method"": ""detr_object_crop"", ""label"": ""surfboard"", ""score"": 0.9837141036987305, ""box"": [298, 0, 679, 796]}"
4f7f5c31f4f91d8c0b109b627005f5659b2896ae,wheat,bing,,/Users/ivantyshchenko/Projects/Python/Neural-Beer/data/raw/bing/wheat/witbier_belgian_white_beer_tulip_glass_-bottle_-can_-logo/000052.jpg,000052.jpg,600,600,2025-10-04T20:02:43Z,c23e3cd11967ce38,data/smart_cropped/4f7f5c31f4f91d8c0b109b627005f5659b2896ae.jpg,center_square_fallback,"{""method"": ""center_square_fallback"", ""label"": null, ""score"": null, ""box"": [0, 0, 600, 600]}"
08495a95ab3fb7f014150eeca1c3aa3dbdbd0c0c,wheat,bing,,/Users/ivantyshchenko/Projects/Python/Neural-Beer/data/raw/bing/wheat/witbier_belgian_white_beer_tulip_glass_-bottle_-can_-logo/000053.jpg,000053.jpg,1600,1600,2025-10-04T20:02:43Z,d959bd6987266425,data/smart_cropped/08495a95ab3fb7f014150eeca1c3aa3dbdbd0c0c.jpg,detr_object_crop,"{""method"": ""detr_object_crop"", ""label"": ""wine glass"", ""score"": 0.9951896667480469, ""box"": [458, 0, 1337, 1286]}"
3f8d5e61d543be46bd3130549c5f8a6db80fd4ae,wheat,bing,,/Users/ivantyshchenko/Projects/Python/Neural-Beer/data/raw/bing/wheat/dunkelweizen_dark_wheat_beer_tall_glass_-bottle_-can_-logo/000010.jpg,000010.jpg,1280,720,2025-10-04T20:03:21Z,e24b9111b90bfbe4,data/smart_cropped/3f8d5e61d543be46bd3130549c5f8a6db80fd4ae.jpg,detr_object_crop,"{""method"": ""detr_object_crop"", ""label"": ""car"", ""score"": 0.9918192625045776, ""box"": [891, 117, 1237, 357]}"
43de6ea887a7973ddbfff67b20fa7d48e81dd331,wheat,bing,,/Users/ivantyshchenko/Projects/Python/Neural-Beer/data/raw/bing/wheat/dunkelweizen_dark_wheat_beer_tall_glass_-bottle_-can_-logo/000045.jpg,000045.jpg,960,720,2025-10-04T20:03:21Z,bdc3d43d60c2d03d,data/smart_cropped/43de6ea887a7973ddbfff67b20fa7d48e81dd331.jpg,detr_object_crop,"{""method"": ""detr_object_crop"", ""label"": ""cup"", ""score"": 0.8350507020950317, ""box"": [23, 52, 489, 720]}"
6c02e1a5c2de82e5a216c37bc548d067edbf9b4c,wheat,bing,,/Users/ivantyshchenko/Projects/Python/Neural-Beer/data/raw/bing/wheat/dunkelweizen_dark_wheat_beer_tall_glass_-bottle_-can_-logo/000048.jpg,000048.jpg,597,920,2025-10-04T20:03:21Z,e61a9b9969a4d925,data/smart_cropped/6c02e1a5c2de82e5a216c37bc548d067edbf9b4c.jpg,detr_object_crop,"{""method"": ""detr_object_crop"", ""label"": ""bottle"", ""score"": 0.9986830353736877, ""box"": [157, 9, 454, 908]}"
6c6fc4e80361e1fa9b34ce0981969c77b0c1a3dc,wheat,bing,,/Users/ivantyshchenko/Projects/Python/Neural-Beer/data/raw/bing/wheat/dunkelweizen_dark_wheat_beer_tall_glass_-bottle_-can_-logo/000049.jpg,000049.jpg,1100,600,2025-10-04T20:03:21Z,818636c879e939fc,data/smart_cropped/6c6fc4e80361e1fa9b34ce0981969c77b0c1a3dc.jpg,detr_object_crop,"{""method"": ""detr_object_crop"", ""label"": ""cup"", ""score"": 0.9948158860206604, ""box"": [603, 42, 972, 561]}"
72434196bb29da359398f6e5f817c204271b34ab,wheat,bing,,/Users/ivantyshchenko/Projects/Python/Neural-Beer/data/raw/bing/wheat/dunkelweizen_dark_wheat_beer_tall_glass_-bottle_-can_-logo/000051.jpg,000051.jpg,1152,1536,2025-10-04T20:03:21Z,edcf933892e69230,data/smart_cropped/72434196bb29da359398f6e5f817c204271b34ab.jpg,detr_object_crop,"{""method"": ""detr_object_crop"", ""label"": ""bottle"", ""score"": 0.9991275668144226, ""box"": [496, 4, 987, 1437]}"
69af1348945dbedb9fca0232a468627f6bf17bd8,wheat,bing,,/Users/ivantyshchenko/Projects/Python/Neural-Beer/data/raw/bing/wheat/dunkelweizen_dark_wheat_beer_tall_glass_-bottle_-can_-logo/000052.jpg,000052.jpg,2000,1340,2025-10-04T20:03:21Z,e69999e6a2249b99,data/smart_cropped/69af1348945dbedb9fca0232a468627f6bf17bd8.jpg,center_square_fallback,"{""method"": ""center_square_fallback"", ""label"": null, ""score"": null, ""box"": [330, 0, 1670, 1340]}"
bac95f8695257bcd520214cd74f9c3e384aa0cfc,wheat,bing,,/Users/ivantyshchenko/Projects/Python/Neural-Beer/data/raw/bing/wheat/dunkelweizen_dark_wheat_beer_tall_glass_-bottle_-can_-logo/000053.jpg,000053.jpg,600,600,2025-10-04T20:03:21Z,cf3038c3c33a3acd,data/smart_cropped/bac95f8695257bcd520214cd74f9c3e384aa0cfc.jpg,center_square_fallback,"{""method"": ""center_square_fallback"", ""label"": null, ""score"": null, ""box"": [0, 0, 600, 600]}"
1c1e11f6bb6d2db0271858d847178d3b2ad4510a,wheat,bing,,/Users/ivantyshchenko/Projects/Python/Neural-Beer/data/raw/bing/wheat/dunkelweizen_dark_wheat_beer_tall_glass_-bottle_-can_-logo/000054.jpg,000054.jpg,1280,720,2025-10-04T20:03:21Z,d04be03f36c1cf0e,data/smart_cropped/1c1e11f6bb6d2db0271858d847178d3b2ad4510a.jpg,center_square_fallback,"{""method"": ""center_square_fallback"", ""label"": null, ""score"": null, ""box"": [280, 0, 1000, 720]}"
50bd8e46a5cf7ea2116e2cdcf766cf7d9b877442,wheat,bing,,/Users/ivantyshchenko/Projects/Python/Neural-Beer/data/raw/bing/wheat/dunkelweizen_dark_wheat_beer_tall_glass_-bottle_-can_-logo/000058.jpg,000058.jpg,1067,1690,2025-10-04T20:03:21Z,e99a928d67e6289a,data/smart_cropped/50bd8e46a5cf7ea2116e2cdcf766cf7d9b877442.jpg,detr_object_crop,"{""method"": ""detr_object_crop"", ""label"": ""wine glass"", ""score"": 0.8763485550880432, ""box"": [154, 0, 730, 1331]}"
7c9cb3d190e0cdb8b606701aa77d94d61b41af29,wheat,bing,,/Users/ivantyshchenko/Projects/Python/Neural-Beer/data/raw/bing/wheat/wheat_ale_hazy_golden_in_weizen_vase_-bottle_-can_-logo/000028.jpg,000028.jpg,1600,1600,2025-10-04T20:03:47Z,aa3ef56dd0b0c2b0,data/smart_cropped/7c9cb3d190e0cdb8b606701aa77d94d61b41af29.jpg,center_square_fallback,"{""method"": ""center_square_fallback"", ""label"": null, ""score"": null, ""box"": [0, 0, 1600, 1600]}"
dc94bba6eca1fba7aa16e11b44f5cfbb53ad3a51,wheat,bing,,/Users/ivantyshchenko/Projects/Python/Neural-Beer/data/raw/bing/wheat/wheat_ale_hazy_golden_in_weizen_vase_-bottle_-can_-logo/000037.jpg,000037.jpg,626,626,2025-10-04T20:03:47Z,c9a9b696ab56b444,data/smart_cropped/dc94bba6eca1fba7aa16e11b44f5cfbb53ad3a51.jpg,detr_object_crop,"{""method"": ""detr_object_crop"", ""label"": ""vase"", ""score"": 0.9985713958740234, ""box"": [365, 312, 588, 619]}"
ecdec03835168c9357c1c12513b3b6e6d81ffb4e,wheat,bing,,/Users/ivantyshchenko/Projects/Python/Neural-Beer/data/raw/bing/wheat/wheat_ale_hazy_golden_in_weizen_vase_-bottle_-can_-logo/000042.jpg,000042.jpg,1200,1690,2025-10-04T20:03:47Z,e7ed199312961c96,data/smart_cropped/ecdec03835168c9357c1c12513b3b6e6d81ffb4e.jpg,detr_object_crop,"{""method"": ""detr_object_crop"", ""label"": ""vase"", ""score"": 0.9993094205856323, ""box"": [332, 900, 860, 1673]}"
32204420c7d5854839faddaac830ee16fc1d3ca4,wheat,bing,,/Users/ivantyshchenko/Projects/Python/Neural-Beer/data/raw/bing/wheat/wheat_ale_hazy_golden_in_weizen_vase_-bottle_-can_-logo/000047.jpg,000047.jpg,1920,1280,2025-10-04T20:03:47Z,bfc3d00fd40c9c6c,data/smart_cropped/32204420c7d5854839faddaac830ee16fc1d3ca4.jpg,detr_object_crop,"{""method"": ""detr_object_crop"", ""label"": ""vase"", ""score"": 0.9920221567153931, ""box"": [131, 6, 1672, 1280]}"
ec9c68d042aa7debb382a7a4379c2c2a0ebddcfa,wheat,bing,,/Users/ivantyshchenko/Projects/Python/Neural-Beer/data/raw/bing/wheat/wheat_ale_hazy_golden_in_weizen_vase_-bottle_-can_-logo/000053.jpg,000053.jpg,626,626,2025-10-04T20:03:47Z,daa5b5d2e01a0b3b,data/smart_cropped/ec9c68d042aa7debb382a7a4379c2c2a0ebddcfa.jpg,detr_object_crop,"{""method"": ""detr_object_crop"", ""label"": ""vase"", ""score"": 0.9982505440711975, ""box"": [367, 388, 567, 624]}"
7710b8813a9e7ab419ffb1320ed2759a980cf501,wheat,bing,,/Users/ivantyshchenko/Projects/Python/Neural-Beer/data/raw/bing/wheat/wheat_ale_hazy_golden_in_weizen_vase_-bottle_-can_-logo/000054.jpg,000054.jpg,626,626,2025-10-04T20:03:47Z,990ce65ba44c669f,data/smart_cropped/7710b8813a9e7ab419ffb1320ed2759a980cf501.jpg,detr_object_crop,"{""method"": ""detr_object_crop"", ""label"": ""vase"", ""score"": 0.8438132405281067, ""box"": [176, 425, 444, 593]}"
7ab0ec1841bbdb178bc63c5e0218143f7718ae7b,wheat,bing,,/Users/ivantyshchenko/Projects/Python/Neural-Beer/data/raw/bing/wheat/wheat_ale_hazy_golden_in_weizen_vase_-bottle_-can_-logo/000062.jpg,000062.jpg,820,1316,2025-10-04T20:03:47Z,e286853d89629f75,data/smart_cropped/7ab0ec1841bbdb178bc63c5e0218143f7718ae7b.jpg,detr_object_crop,"{""method"": ""detr_object_crop"", ""label"": ""vase"", ""score"": 0.762941837310791, ""box"": [0, 0, 820, 1316]}"
98d8277f7c28aba05223816e0ec2a050b3c27031,wheat,bing,,/Users/ivantyshchenko/Projects/Python/Neural-Beer/data/raw/bing/wheat/wheat_ale_hazy_golden_in_weizen_vase_-bottle_-can_-logo/000063.jpg,000063.jpg,1000,900,2025-10-04T20:03:47Z,fc82ca2fc3781786,data/smart_cropped/98d8277f7c28aba05223816e0ec2a050b3c27031.jpg,detr_object_crop,"{""method"": ""detr_object_crop"", ""label"": ""vase"", ""score"": 0.8910460472106934, ""box"": [461, 55, 1000, 851]}"
74a4ed18eafa628f503dbbf582b9fc65d9a56262,wheat,bing,,/Users/ivantyshchenko/Projects/Python/Neural-Beer/data/raw/bing/wheat/wheat_ale_hazy_golden_in_weizen_vase_-bottle_-can_-logo/000074.jpg,000074.jpg,736,1308,2025-10-04T20:03:47Z,8d446b3e30b39fc4,data/smart_cropped/74a4ed18eafa628f503dbbf582b9fc65d9a56262.jpg,detr_object_crop,"{""method"": ""detr_object_crop"", ""label"": ""wine glass"", ""score"": 0.7875494360923767, ""box"": [54, 210, 642, 784]}"
e07950e409f57b03422c08294c957a3ed37d2c0e,wheat,bing,,/Users/ivantyshchenko/Projects/Python/Neural-Beer/data/raw/bing/wheat/wheat_ale_hazy_golden_in_weizen_vase_-bottle_-can_-logo/000082.jpg,000082.jpg,626,626,2025-10-04T20:03:47Z,acbab26c8e330c9b,data/smart_cropped/e07950e409f57b03422c08294c957a3ed37d2c0e.jpg,center_square_fallback,"{""method"": ""center_square_fallback"", ""label"": null, ""score"": null, ""box"": [0, 0, 626, 626]}"
578a363ed31d4a13e0ee302aa59ad14256080288,ipa,bing,,/Users/ivantyshchenko/Projects/Python/Neural-Beer/data/raw/bing/ipa/ipa_beer_tulip_teku_glass_amber_hops_-bottle_-can_-logo_-mockup/000019.jpg,000019.jpg,1588,1588,2025-10-04T20:04:28Z,87409a586377647f,data/smart_cropped/578a363ed31d4a13e0ee302aa59ad14256080288.jpg,center_square_fallback,"{""method"": ""center_square_fallback"", ""label"": null, ""score"": null, ""box"": [0, 0, 1588, 1588]}"
b8f7894b169d01047f40183ea19cb6cc8815a951,ipa,bing,,/Users/ivantyshchenko/Projects/Python/Neural-Beer/data/raw/bing/ipa/ipa_beer_tulip_teku_glass_amber_hops_-bottle_-can_-logo_-mockup/000026.jpg,000026.jpg,600,900,2025-10-04T20:04:28Z,e5659a9a6d499a64,data/smart_cropped/b8f7894b169d01047f40183ea19cb6cc8815a951.jpg,detr_object_crop,"{""method"": ""detr_object_crop"", ""label"": ""wine glass"", ""score"": 0.9991825222969055, ""box"": [108, 66, 490, 856]}"
ef8239ee5fc1d7709663a2dce1a50f1b553d3080,ipa,bing,,/Users/ivantyshchenko/Projects/Python/Neural-Beer/data/raw/bing/ipa/ipa_beer_tulip_teku_glass_amber_hops_-bottle_-can_-logo_-mockup/000035.jpg,000035.jpg,2048,1365,2025-10-04T20:04:28Z,8686d17ac5396a9d,data/smart_cropped/ef8239ee5fc1d7709663a2dce1a50f1b553d3080.jpg,detr_object_crop,"{""method"": ""detr_object_crop"", ""label"": ""wine glass"", ""score"": 0.9989420771598816, ""box"": [234, 281, 1137, 1365]}"
ed1db6e320b1bad99140052f4ccb01c8c5a4c107,ipa,bing,,/Users/ivantyshchenko/Projects/Python/Neural-Beer/data/raw/bing/ipa/ipa_beer_tulip_teku_glass_amber_hops_-bottle_-can_-logo_-mockup/000045.jpg,000045.jpg,600,600,2025-10-04T20:04:28Z,e42ccbc39ba39989,data/smart_cropped/ed1db6e320b1bad99140052f4ccb01c8c5a4c107.jpg,center_square_fallback,"{""method"": ""center_square_fallback"", ""label"": null, ""score"": null, ""box"": [0, 0, 600, 600]}"
0785008b33ecf23cb61d31997964eca02fa07d97,ipa,bing,,/Users/ivantyshchenko/Projects/Python/Neural-Beer/data/raw/bing/ipa/ipa_beer_tulip_teku_glass_amber_hops_-bottle_-can_-logo_-mockup/000048.jpg,000048.jpg,775,517,2025-10-04T20:04:28Z,d2d30107f181aefe,data/smart_cropped/0785008b33ecf23cb61d31997964eca02fa07d97.jpg,detr_object_crop,"{""method"": ""detr_object_crop"", ""label"": ""cup"", ""score"": 0.9959079027175903, ""box"": [358, 86, 676, 390]}"
fd018aa8bb84e3b4a24856d39bbe821fad6088b7,ipa,bing,,/Users/ivantyshchenko/Projects/Python/Neural-Beer/data/raw/bing/ipa/ipa_beer_tulip_teku_glass_amber_hops_-bottle_-can_-logo_-mockup/000049.jpg,000049.jpg,1200,630,2025-10-04T20:04:28Z,a0bcf881074aeef5,data/smart_cropped/fd018aa8bb84e3b4a24856d39bbe821fad6088b7.jpg,detr_object_crop,"{""method"": ""detr_object_crop"", ""label"": ""person"", ""score"": 0.8719111084938049, ""box"": [45, 0, 918, 630]}"
750a42ff184e08a7247adb3e3d3f0907695290f3,ipa,bing,,/Users/ivantyshchenko/Projects/Python/Neural-Beer/data/raw/bing/ipa/ipa_beer_tulip_teku_glass_amber_hops_-bottle_-can_-logo_-mockup/000050.jpg,000050.jpg,1140,1140,2025-10-04T20:04:28Z,e3a39874707cc3b2,data/smart_cropped/750a42ff184e08a7247adb3e3d3f0907695290f3.jpg,center_square_fallback,"{""method"": ""center_square_fallback"", ""label"": null, ""score"": null, ""box"": [0, 0, 1140, 1140]}"
006576bfe0e39d14099b9ff75ac51314bfc9af6d,ipa,bing,,/Users/ivantyshchenko/Projects/Python/Neural-Beer/data/raw/bing/ipa/ipa_beer_tulip_teku_glass_amber_hops_-bottle_-can_-logo_-mockup/000052.jpg,000052.jpg,700,700,2025-10-04T20:04:28Z,e763989e99611966,data/smart_cropped/006576bfe0e39d14099b9ff75ac51314bfc9af6d.jpg,center_square_fallback,"{""method"": ""center_square_fallback"", ""label"": null, ""score"": null, ""box"": [0, 0, 700, 700]}"
d798d266c7c11ed24f2f16a2eeca16118c21f7bb,ipa,bing,,/Users/ivantyshchenko/Projects/Python/Neural-Beer/data/raw/bing/ipa/ipa_beer_tulip_teku_glass_amber_hops_-bottle_-can_-logo_-mockup/000053.jpg,000053.jpg,1000,1000,2025-10-04T20:04:28Z,878f8cd86025f973,data/smart_cropped/d798d266c7c11ed24f2f16a2eeca16118c21f7bb.jpg,detr_object_crop,"{""method"": ""detr_object_crop"", ""label"": ""cup"", ""score"": 0.997974693775177, ""box"": [669, 0, 1000, 429]}"
e1781dd659e9bf2bc5666c0aa47f7699fd07387c,ipa,bing,,/Users/ivantyshchenko/Projects/Python/Neural-Beer/data/raw/bing/ipa/ipa_beer_tulip_teku_glass_amber_hops_-bottle_-can_-logo_-mockup/000057.jpg,000057.jpg,800,534,2025-10-04T20:04:28Z,864e3931da1eb60f,data/smart_cropped/e1781dd659e9bf2bc5666c0aa47f7699fd07387c.jpg,detr_object_crop,"{""method"": ""detr_object_crop"", ""label"": ""vase"", ""score"": 0.9764266014099121, ""box"": [122, 39, 408, 534]}"
a43770ebc902b2d0d962f5fa8df6596a05bfd09f,ipa,bing,,/Users/ivantyshchenko/Projects/Python/Neural-Beer/data/raw/bing/ipa/ipa_beer_tulip_teku_glass_amber_hops_-bottle_-can_-logo_-mockup/000059.jpg,000059.jpg,800,800,2025-10-04T20:04:28Z,b8e08791973ac63d,data/smart_cropped/a43770ebc902b2d0d962f5fa8df6596a05bfd09f.jpg,detr_object_crop,"{""method"": ""detr_object_crop"", ""label"": ""bottle"", ""score"": 0.998852014541626, ""box"": [110, 0, 419, 778]}"
e4006e57b393a96d9a726e186a0706445ed870b6,ipa,bing,,/Users/ivantyshchenko/Projects/Python/Neural-Beer/data/raw/bing/ipa/ipa_beer_tulip_teku_glass_amber_hops_-bottle_-can_-logo_-mockup/000060.jpg,000060.jpg,1080,1440,2025-10-04T20:04:28Z,e15fba34c487e9a0,data/smart_cropped/e4006e57b393a96d9a726e186a0706445ed870b6.jpg,detr_object_crop,"{""method"": ""detr_object_crop"", ""label"": ""wine glass"", ""score"": 0.9980208873748779, ""box"": [48, 367, 550, 1368]}"
39cad51b4bb8102f79dc80e9ea8703822a4a839a,ipa,bing,,/Users/ivantyshchenko/Projects/Python/Neural-Beer/data/raw/bing/ipa/ipa_beer_tulip_teku_glass_amber_hops_-bottle_-can_-logo_-mockup/000063.jpg,000063.jpg,1240,1240,2025-10-04T20:04:28Z,d6d629691696e949,data/smart_cropped/39cad51b4bb8102f79dc80e9ea8703822a4a839a.jpg,detr_object_crop,"{""method"": ""detr_object_crop"", ""label"": ""cup"", ""score"": 0.9635653495788574, ""box"": [48, 0, 451, 473]}"
356631234186a87c1277317e699f8b092f103849,ipa,bing,,/Users/ivantyshchenko/Projects/Python/Neural-Beer/data/raw/bing/ipa/ipa_beer_tulip_teku_glass_amber_hops_-bottle_-can_-logo_-mockup/000067.jpg,000067.jpg,1600,1157,2025-10-04T20:04:28Z,864e7931f8ce3c83,data/smart_cropped/356631234186a87c1277317e699f8b092f103849.jpg,center_square_fallback,"{""method"": ""center_square_fallback"", ""label"": null, ""score"": null, ""box"": [221, 0, 1378, 1157]}"
9f0db5e270fad55ffdb03f577e97c60b326fb38e,ipa,bing,,/Users/ivantyshchenko/Projects/Python/Neural-Beer/data/raw/bing/ipa/ipa_beer_tulip_teku_glass_amber_hops_-bottle_-can_-logo_-mockup/000069.jpg,000069.jpg,800,800,2025-10-04T20:04:28Z,dc6c6a90271a7ce3,data/smart_cropped/9f0db5e270fad55ffdb03f577e97c60b326fb38e.jpg,center_square_fallback,"{""method"": ""center_square_fallback"", ""label"": null, ""score"": null, ""box"": [0, 0, 800, 800]}"
58c51b4b10b7eb38a4289ee9d53289c36a5e4d87,ipa,bing,,/Users/ivantyshchenko/Projects/Python/Neural-Beer/data/raw/bing/ipa/ipa_beer_tulip_teku_glass_amber_hops_-bottle_-can_-logo_-mockup/000073.jpg,000073.jpg,736,920,2025-10-04T20:04:28Z,9052974eb0cb1ff2,data/smart_cropped/58c51b4b10b7eb38a4289ee9d53289c36a5e4d87.jpg,detr_object_crop,"{""method"": ""detr_object_crop"", ""label"": ""wine glass"", ""score"": 0.9993222951889038, ""box"": [385, 504, 638, 824]}"
9807b274f912c606af212a89a7ad05a8e4395f10,ipa,bing,,/Users/ivantyshchenko/Projects/Python/Neural-Beer/data/raw/bing/ipa/ipa_beer_tulip_teku_glass_amber_hops_-bottle_-can_-logo_-mockup/000074.jpg,000074.jpg,1024,1024,2025-10-04T20:04:28Z,e3298ec629399b66,data/smart_cropped/9807b274f912c606af212a89a7ad05a8e4395f10.jpg,detr_object_crop,"{""method"": ""detr_object_crop"", ""label"": ""wine glass"", ""score"": 0.8754904270172119, ""box"": [263, 22, 777, 911]}"
a77a31b646f70f3134d1f768cbdcd42504018dd1,ipa,bing,,/Users/ivantyshchenko/Projects/Python/Neural-Beer/data/raw/bing/ipa/ipa_beer_tulip_teku_glass_amber_hops_-bottle_-can_-logo_-mockup/000075.jpg,000075.jpg,2000,2000,2025-10-04T20:04:28Z,878f8cd86025f973,data/smart_cropped/a77a31b646f70f3134d1f768cbdcd42504018dd1.jpg,detr_object_crop,"{""method"": ""detr_object_crop"", ""label"": ""cup"", ""score"": 0.9976003766059875, ""box"": [1340, 0, 2000, 857]}"
8060a48a9bd587f0596f948c0bf25a8cdcb8bfc6,ipa,bing,,/Users/ivantyshchenko/Projects/Python/Neural-Beer/data/raw/bing/ipa/west_coast_ipa_clear_golden_nonic_pint_-bottle_-can_-logo/000021.jpg,000021.jpg,1080,1080,2025-10-04T20:05:02Z,b985374e01274afd,data/smart_cropped/8060a48a9bd587f0596f948c0bf25a8cdcb8bfc6.jpg,detr_object_crop,"{""method"": ""detr_object_crop"", ""label"": ""parking meter"", ""score"": 0.9353851675987244, ""box"": [397, 103, 812, 781]}"
6348763a9dd0d38e0988a7d214c363d15d31c897,ipa,bing,,/Users/ivantyshchenko/Projects/Python/Neural-Beer/data/raw/bing/ipa/west_coast_ipa_clear_golden_nonic_pint_-bottle_-can_-logo/000028.jpg,000028.jpg,1200,1200,2025-10-04T20:05:02Z,e69b99cc98269966,data/smart_cropped/6348763a9dd0d38e0988a7d214c363d15d31c897.jpg,detr_object_crop,"{""method"": ""detr_object_crop"", ""label"": ""bottle"", ""score"": 0.9942732453346252, ""box"": [371, 0, 822, 1192]}"
74c1a04fa5964839856dd2c3c6f1811bc05c1c4e,ipa,bing,,/Users/ivantyshchenko/Projects/Python/Neural-Beer/data/raw/bing/ipa/west_coast_ipa_clear_golden_nonic_pint_-bottle_-can_-logo/000033.jpg,000033.jpg,1024,1024,2025-10-04T20:05:02Z,f99684c1963cd36c,data/smart_cropped/74c1a04fa5964839856dd2c3c6f1811bc05c1c4e.jpg,detr_object_crop,"{""method"": ""detr_object_crop"", ""label"": ""vase"", ""score"": 0.9696158170700073, ""box"": [54, 110, 581, 920]}"
1897171bc4d7f2a5f85d8ed7575fe700ad32e8c9,ipa,bing,,/Users/ivantyshchenko/Projects/Python/Neural-Beer/data/raw/bing/ipa/west_coast_ipa_clear_golden_nonic_pint_-bottle_-can_-logo/000034.jpg,000034.jpg,600,600,2025-10-04T20:05:02Z,ed669a9ac731c630,data/smart_cropped/1897171bc4d7f2a5f85d8ed7575fe700ad32e8c9.jpg,center_square_fallback,"{""method"": ""center_square_fallback"", ""label"": null, ""score"": null, ""box"": [0, 0, 600, 600]}"
28b50a90593f9fa703dfbf63c677c494cf312893,ipa,bing,,/Users/ivantyshchenko/Projects/Python/Neural-Beer/data/raw/bing/ipa/west_coast_ipa_clear_golden_nonic_pint_-bottle_-can_-logo/000036.jpg,000036.jpg,1068,712,2025-10-04T20:05:02Z,c6cc69354ab61769,data/smart_cropped/28b50a90593f9fa703dfbf63c677c494cf312893.jpg,detr_object_crop,"{""method"": ""detr_object_crop"", ""label"": ""cup"", ""score"": 0.9544742703437805, ""box"": [114, 0, 647, 712]}"
b87060075caa92eaa269e6edd7bfd1d1bbf1ee90,ipa,bing,,/Users/ivantyshchenko/Projects/Python/Neural-Beer/data/raw/bing/ipa/west_coast_ipa_clear_golden_nonic_pint_-bottle_-can_-logo/000037.jpg,000037.jpg,878,1390,2025-10-04T20:05:02Z,e88f17a150b156af,data/smart_cropped/b87060075caa92eaa269e6edd7bfd1d1bbf1ee90.jpg,detr_object_crop,"{""method"": ""detr_object_crop"", ""label"": ""cup"", ""score"": 0.9760681390762329, ""box"": [25, 0, 846, 1345]}"
6c5353799712562ee4400d7288086e3336027a69,ipa,bing,,/Users/ivantyshchenko/Projects/Python/Neural-Beer/data/raw/bing/ipa/west_coast_ipa_clear_golden_nonic_pint_-bottle_-can_-logo/000040.jpg,000040.jpg,1200,900,2025-10-04T20:05:02Z,b3cdcc32cc33cc89,data/smart_cropped/6c5353799712562ee4400d7288086e3336027a69.jpg,detr_object_crop,"{""method"": ""detr_object_crop"", ""label"": ""vase"", ""score"": 0.9956018924713135, ""box"": [358, 46, 821, 837]}"
75c72d5de9dbff1d338f40b6c3d49fc0a9f96a86,ipa,bing,,/Users/ivantyshchenko/Projects/Python/Neural-Beer/data/raw/bing/ipa/west_coast_ipa_clear_golden_nonic_pint_-bottle_-can_-logo/000041.jpg,000041.jpg,736,1683,2025-10-04T20:05:02Z,ce3931c767924d64,data/smart_cropped/75c72d5de9dbff1d338f40b6c3d49fc0a9f96a86.jpg,detr_object_crop,"{""method"": ""detr_object_crop"", ""label"": ""bottle"", ""score"": 0.9692562818527222, ""box"": [122, 108, 607, 1645]}"
066548c0b1bb7b163e7ffd72a37fe459bab0112e,ipa,bing,,/Users/ivantyshchenko/Projects/Python/Neural-Beer/data/raw/bing/ipa/west_coast_ipa_clear_golden_nonic_pint_-bottle_-can_-logo/000044.jpg,000044.jpg,800,800,2025-10-04T20:05:02Z,af2bd1b696c8c8d0,data/smart_cropped/066548c0b1bb7b163e7ffd72a37fe459bab0112e.jpg,center_square_fallback,"{""method"": ""center_square_fallback"", ""label"": null, ""score"": null, ""box"": [0, 0, 800, 800]}"
bab2c624d5aa57dd7b09100d9a642bc45d6752f3,ipa,bing,,/Users/ivantyshchenko/Projects/Python/Neural-Beer/data/raw/bing/ipa/west_coast_ipa_clear_golden_nonic_pint_-bottle_-can_-logo/000047.jpg,000047.jpg,800,641,2025-10-04T20:05:02Z,ac92b9c6866e4a6e,data/smart_cropped/bab2c624d5aa57dd7b09100d9a642bc45d6752f3.jpg,detr_object_crop,"{""method"": ""detr_object_crop"", ""label"": ""bottle"", ""score"": 0.9985315799713135, ""box"": [115, 0, 460, 641]}"
39a2a3e56055fbca4209dfb8cd832d00316862ad,ipa,bing,,/Users/ivantyshchenko/Projects/Python/Neural-Beer/data/raw/bing/ipa/west_coast_ipa_clear_golden_nonic_pint_-bottle_-can_-logo/000049.jpg,000049.jpg,1200,900,2025-10-04T20:05:02Z,e693998c99669993,data/smart_cropped/39a2a3e56055fbca4209dfb8cd832d00316862ad.jpg,detr_object_crop,"{""method"": ""detr_object_crop"", ""label"": ""bottle"", ""score"": 0.9970792531967163, ""box"": [423, 12, 789, 862]}"
c6bb14e722230235ac736167a8b3c1e2bb37b454,ipa,bing,,/Users/ivantyshchenko/Projects/Python/Neural-Beer/data/raw/bing/ipa/west_coast_ipa_clear_golden_nonic_pint_-bottle_-can_-logo/000051.jpg,000051.jpg,1000,1077,2025-10-04T20:05:02Z,916e4ef96c326a94,data/smart_cropped/c6bb14e722230235ac736167a8b3c1e2bb37b454.jpg,detr_object_crop,"{""method"": ""detr_object_crop"", ""label"": ""person"", ""score"": 0.7948323488235474, ""box"": [540, 89, 741, 316]}"
b51d8d264c101623f90aed7dbd6448c78f25140f,ipa,bing,,/Users/ivantyshchenko/Projects/Python/Neural-Beer/data/raw/bing/ipa/neipa_hazy_juicy_ipa_tulip_glass_-bottle_-can_-logo_-illustration/000012.jpg,000012.jpg,1280,720,2025-10-04T20:05:45Z,b59768ca52e98959,data/smart_cropped/b51d8d264c101623f90aed7dbd6448c78f25140f.jpg,detr_object_crop,"{""method"": ""detr_object_crop"", ""label"": ""wine glass"", ""score"": 0.9983121156692505, ""box"": [971, 123, 1275, 551]}"
635cfe167818c4cf96720b3f54b60ddbc9d5052d,ipa,bing,,/Users/ivantyshchenko/Projects/Python/Neural-Beer/data/raw/bing/ipa/neipa_hazy_juicy_ipa_tulip_glass_-bottle_-can_-logo_-illustration/000048.jpg,000048.jpg,2268,4032,2025-10-04T20:05:45Z,cb9a34351dc0d6cb,data/smart_cropped/635cfe167818c4cf96720b3f54b60ddbc9d5052d.jpg,detr_object_crop,"{""method"": ""detr_object_crop"", ""label"": ""bottle"", ""score"": 0.9983137845993042, ""box"": [1201, 383, 2268, 3684]}"
f9aa9ef2b75e36f590dccfd70f26740f302d324b,ipa,bing,,/Users/ivantyshchenko/Projects/Python/Neural-Beer/data/raw/bing/ipa/neipa_hazy_juicy_ipa_tulip_glass_-bottle_-can_-logo_-illustration/000049.jpg,000049.jpg,1588,1135,2025-10-04T20:05:45Z,9c1ca6ab3959ab83,data/smart_cropped/f9aa9ef2b75e36f590dccfd70f26740f302d324b.jpg,detr_object_crop,"{""method"": ""detr_object_crop"", ""label"": ""vase"", ""score"": 0.9988073110580444, ""box"": [753, 98, 1367, 1109]}"
2ff187d93704388580219d44ac6c29a5f9680557,ipa,bing,,/Users/ivantyshchenko/Projects/Python/Neural-Beer/data/raw/bing/ipa/neipa_hazy_juicy_ipa_tulip_glass_-bottle_-can_-logo_-illustration/000053.jpg,000053.jpg,864,577,2025-10-04T20:05:45Z,9be7c0b1441f1d2d,data/smart_cropped/2ff187d93704388580219d44ac6c29a5f9680557.jpg,detr_object_crop,"{""method"": ""detr_object_crop"", ""label"": ""bottle"", ""score"": 0.9883636236190796, ""box"": [64, 77, 308, 349]}"
d97123e44b3b79e46f12e59a72131910c5a44669,ipa,bing,,/Users/ivantyshchenko/Projects/Python/Neural-Beer/data/raw/bing/ipa/neipa_hazy_juicy_ipa_tulip_glass_-bottle_-can_-logo_-illustration/000056.jpg,000056.jpg,3024,4032,2025-10-04T20:05:45Z,aeb73229b5024be6,data/smart_cropped/d97123e44b3b79e46f12e59a72131910c5a44669.jpg,detr_object_crop,"{""method"": ""detr_object_crop"", ""label"": ""cup"", ""score"": 0.999523401260376, ""box"": [603, 1174, 2362, 3896]}"
74e2efc7d25ff5af21bab6fe1f5c318a9e0ca7bc,ipa,bing,,/Users/ivantyshchenko/Projects/Python/Neural-Beer/data/raw/bing/ipa/neipa_hazy_juicy_ipa_tulip_glass_-bottle_-can_-logo_-illustration/000057.jpg,000057.jpg,1140,761,2025-10-04T20:05:45Z,e7fd291dd5d29001,data/smart_cropped/74e2efc7d25ff5af21bab6fe1f5c318a9e0ca7bc.jpg,detr_object_crop,"{""method"": ""detr_object_crop"", ""label"": ""wine glass"", ""score"": 0.922683835029602, ""box"": [152, 152, 1050, 551]}"
c5ad588a9ba673558744c12519cb6c50cb6dfc28,ipa,bing,,/Users/ivantyshchenko/Projects/Python/Neural-Beer/data/raw/bing/ipa/neipa_hazy_juicy_ipa_tulip_glass_-bottle_-can_-logo_-illustration/000058.jpg,000058.jpg,794,567,2025-10-04T20:05:45Z,94516fd146b78279,data/smart_cropped/c5ad588a9ba673558744c12519cb6c50cb6dfc28.jpg,detr_object_crop,"{""method"": ""detr_object_crop"", ""label"": ""cup"", ""score"": 0.9898424744606018, ""box"": [560, 110, 794, 535]}"
f35b15e995bdeeb3dfae90d60a27b449bc4560ed,ipa,bing,,/Users/ivantyshchenko/Projects/Python/Neural-Beer/data/raw/bing/ipa/neipa_hazy_juicy_ipa_tulip_glass_-bottle_-can_-logo_-illustration/000059.jpg,000059.jpg,1920,784,2025-10-04T20:05:45Z,a3b30d9cf0898f1e,data/smart_cropped/f35b15e995bdeeb3dfae90d60a27b449bc4560ed.jpg,center_square_fallback,"{""method"": ""center_square_fallback"", ""label"": null, ""score"": null, ""box"": [568, 0, 1352, 784]}"
a5c10ce3901f7ce506455de4f3cda291fdddec51,ipa,bing,,/Users/ivantyshchenko/Projects/Python/Neural-Beer/data/raw/bing/ipa/double_ipa_dipa_in_snifter_glass_bar_-bottle_-can_-logo/000036.jpg,000036.jpg,736,736,2025-10-04T20:07:03Z,f4416b517ad4d2d4,data/smart_cropped/a5c10ce3901f7ce506455de4f3cda291fdddec51.jpg,detr_object_crop,"{""method"": ""detr_object_crop"", ""label"": ""cup"", ""score"": 0.9965962767601013, ""box"": [426, 69, 736, 736]}"
fa0d3a2dfb8cb29d90efbead39561c393b182f43,ipa,bing,,/Users/ivantyshchenko/Projects/Python/Neural-Beer/data/raw/bing/ipa/double_ipa_dipa_in_snifter_glass_bar_-bottle_-can_-logo/000039.jpg,000039.jpg,1024,576,2025-10-04T20:07:03Z,b9e3c687c60c963c,data/smart_cropped/fa0d3a2dfb8cb29d90efbead39561c393b182f43.jpg,detr_object_crop,"{""method"": ""detr_object_crop"", ""label"": ""cup"", ""score"": 0.9993205070495605, ""box"": [104, 0, 486, 576]}"
3406603f125843788b1b66645d715391e767dfbd,ipa,bing,,/Users/ivantyshchenko/Projects/Python/Neural-Beer/data/raw/bing/ipa/session_ipa_light_crisp_shaker_pint_-bottle_-can_-logo/000031.jpg,000031.jpg,1000,1000,2025-10-04T20:08:00Z,ed9b92b492309e65,data/smart_cropped/3406603f125843788b1b66645d715391e767dfbd.jpg,center_square_fallback,"{""method"": ""center_square_fallback"", ""label"": null, ""score"": null, ""box"": [0, 0, 1000, 1000]}"
7adee668ae31372c982a83dff58bb34afe65c0b0,ipa,bing,,/Users/ivantyshchenko/Projects/Python/Neural-Beer/data/raw/bing/ipa/session_ipa_light_crisp_shaker_pint_-bottle_-can_-logo/000032.jpg,000032.jpg,2000,2000,2025-10-04T20:08:00Z,e49b998cc6369365,data/smart_cropped/7adee668ae31372c982a83dff58bb34afe65c0b0.jpg,detr_object_crop,"{""method"": ""detr_object_crop"", ""label"": ""cup"", ""score"": 0.9967418313026428, ""box"": [385, 38, 1622, 1964]}"
bef0e926aef413f2075edad7578209e9b513ed43,ipa,bing,,/Users/ivantyshchenko/Projects/Python/Neural-Beer/data/raw/bing/ipa/session_ipa_light_crisp_shaker_pint_-bottle_-can_-logo/000038.jpg,000038.jpg,1200,1200,2025-10-04T20:08:00Z,8fc3835b654a62b5,data/smart_cropped/bef0e926aef413f2075edad7578209e9b513ed43.jpg,detr_object_crop,"{""method"": ""detr_object_crop"", ""label"": ""cup"", ""score"": 0.9979571104049683, ""box"": [515, 109, 1177, 1125]}"
48b448f7eaccf34967f359474fa689cb6c842c7c,ipa,bing,,/Users/ivantyshchenko/Projects/Python/Neural-Beer/data/raw/bing/ipa/session_ipa_light_crisp_shaker_pint_-bottle_-can_-logo/000041.jpg,000041.jpg,1024,683,2025-10-04T20:08:00Z,9f9122e61b396647,data/smart_cropped/48b448f7eaccf34967f359474fa689cb6c842c7c.jpg,detr_object_crop,"{""method"": ""detr_object_crop"", ""label"": ""cup"", ""score"": 0.999134361743927, ""box"": [423, 234, 717, 681]}"
dd078c7fbe7c369f9ed10e46dc22598b33c8b6b9,ipa,bing,,/Users/ivantyshchenko/Projects/Python/Neural-Beer/data/raw/bing/ipa/session_ipa_light_crisp_shaker_pint_-bottle_-can_-logo/000042.jpg,000042.jpg,768,513,2025-10-04T20:08:00Z,bc37c1ccc3d161c3,data/smart_cropped/dd078c7fbe7c369f9ed10e46dc22598b33c8b6b9.jpg,center_square_fallback,"{""method"": ""center_square_fallback"", ""label"": null, ""score"": null, ""box"": [127, 0, 640, 513]}"
91dda3983ec512120c9d7f4db717026cb380a7e2,ipa,bing,,/Users/ivantyshchenko/Projects/Python/Neural-Beer/data/raw/bing/ipa/session_ipa_light_crisp_shaker_pint_-bottle_-can_-logo/000043.jpg,000043.jpg,800,1200,2025-10-04T20:08:00Z,c87637f039ccc4d2,data/smart_cropped/91dda3983ec512120c9d7f4db717026cb380a7e2.jpg,detr_object_crop,"{""method"": ""detr_object_crop"", ""label"": ""vase"", ""score"": 0.7311511039733887, ""box"": [0, 165, 583, 1074]}"
b29ab693ddd405cc29e8797d49b4f435b910e537,ipa,bing,,/Users/ivantyshchenko/Projects/Python/Neural-Beer/data/raw/bing/ipa/session_ipa_light_crisp_shaker_pint_-bottle_-can_-logo/000046.jpg,000046.jpg,640,853,2025-10-04T20:08:00Z,b41883e34fac1d5b,data/smart_cropped/b29ab693ddd405cc29e8797d49b4f435b910e537.jpg,detr_object_crop,"{""method"": ""detr_object_crop"", ""label"": ""dining table"", ""score"": 0.9454447627067566, ""box"": [0, 371, 640, 853]}"
fb3a925c11dd93444e57a020077adbc4ee78749d,ipa,bing,,/Users/ivantyshchenko/Projects/Python/Neural-Beer/data/raw/bing/ipa/session_ipa_light_crisp_shaker_pint_-bottle_-can_-logo/000048.jpg,000048.jpg,600,600,2025-10-04T20:08:00Z,b398cc739933cc4c,data/smart_cropped/fb3a925c11dd93444e57a020077adbc4ee78749d.jpg,detr_object_crop,"{""method"": ""detr_object_crop"", ""label"": ""bottle"", ""score"": 0.9016460180282593, ""box"": [152, 0, 449, 600]}"
313504225ddbcc0358275badc656f3fae76f6242,stout,bing,,/Users/ivantyshchenko/Projects/Python/Neural-Beer/data/raw/bing/stout/stout_beer_in_nonic_pint_creamy_head_-bottle_-can_-logo_-mockup/000007.jpg,000007.jpg,1300,1065,2025-10-04T20:08:34Z,bf81c06e45af146b,data/smart_cropped/313504225ddbcc0358275badc656f3fae76f6242.jpg,center_square_fallback,"{""method"": ""center_square_fallback"", ""label"": null, ""score"": null, ""box"": [117, 0, 1182, 1065]}"
412b1877b40e0668d6c37de85c2a11bdb9a3ef89,stout,bing,,/Users/ivantyshchenko/Projects/Python/Neural-Beer/data/raw/bing/stout/stout_beer_in_nonic_pint_creamy_head_-bottle_-can_-logo_-mockup/000009.jpg,000009.jpg,1500,1090,2025-10-04T20:08:34Z,d39c6c2567276233,data/smart_cropped/412b1877b40e0668d6c37de85c2a11bdb9a3ef89.jpg,detr_object_crop,"{""method"": ""detr_object_crop"", ""label"": ""cup"", ""score"": 0.9982340335845947, ""box"": [476, 68, 1013, 916]}"
dac1a757dc4bf45e1bfe1a25f7a7dddd328e73cc,stout,bing,,/Users/ivantyshchenko/Projects/Python/Neural-Beer/data/raw/bing/stout/stout_beer_in_nonic_pint_creamy_head_-bottle_-can_-logo_-mockup/000021.jpg,000021.jpg,1067,1690,2025-10-04T20:08:34Z,b4de9f0763716122,data/smart_cropped/dac1a757dc4bf45e1bfe1a25f7a7dddd328e73cc.jpg,center_square_fallback,"{""method"": ""center_square_fallback"", ""label"": null, ""score"": null, ""box"": [0, 311, 1067, 1378]}"
fed288257d8564c9d086f4976fc8bd56ba514164,stout,bing,,/Users/ivantyshchenko/Projects/Python/Neural-Beer/data/raw/bing/stout/stout_beer_in_nonic_pint_creamy_head_-bottle_-can_-logo_-mockup/000076.jpg,000076.jpg,587,1789,2025-10-04T20:08:34Z,efb4b49a4b6b9420,data/smart_cropped/fed288257d8564c9d086f4976fc8bd56ba514164.jpg,detr_object_crop,"{""method"": ""detr_object_crop"", ""label"": ""bottle"", ""score"": 0.9736772179603577, ""box"": [24, 0, 558, 1768]}"
74fcdc5a12b29bbe30df4203cca677b881f35ef7,stout,bing,,/Users/ivantyshchenko/Projects/Python/Neural-Beer/data/raw/bing/stout/stout_beer_in_nonic_pint_creamy_head_-bottle_-can_-logo_-mockup/000081.jpg,000081.jpg,1080,1080,2025-10-04T20:08:34Z,d360aea5e3246667,data/smart_cropped/74fcdc5a12b29bbe30df4203cca677b881f35ef7.jpg,detr_object_crop,"{""method"": ""detr_object_crop"", ""label"": ""wine glass"", ""score"": 0.9955019354820251, ""box"": [677, 0, 1080, 1020]}"
b04ac8e79513c135d013d4e3838e5b5bd5aadea5,stout,bing,,/Users/ivantyshchenko/Projects/Python/Neural-Beer/data/raw/bing/stout/stout_beer_in_nonic_pint_creamy_head_-bottle_-can_-logo_-mockup/000086.jpg,000086.jpg,890,900,2025-10-04T20:08:34Z,9cc036b31bc9cd3c,data/smart_cropped/b04ac8e79513c135d013d4e3838e5b5bd5aadea5.jpg,detr_object_crop,"{""method"": ""detr_object_crop"", ""label"": ""bottle"", ""score"": 0.8495975136756897, ""box"": [0, 137, 156, 397]}"
0a2bb90ab4d44d56b7a463fef60446361663daaa,stout,bing,,/Users/ivantyshchenko/Projects/Python/Neural-Beer/data/raw/bing/stout/stout_beer_in_nonic_pint_creamy_head_-bottle_-can_-logo_-mockup/000089.jpg,000089.jpg,1067,1690,2025-10-04T20:08:34Z,ebfa5264e13a0dc1,data/smart_cropped/0a2bb90ab4d44d56b7a463fef60446361663daaa.jpg,detr_object_crop,"{""method"": ""detr_object_crop"", ""label"": ""clock"", ""score"": 0.9640786051750183, ""box"": [38, 298, 849, 1076]}"
2a394013d90fa3ac92a3bf0b4c91ba8e1f89febb,stout,bing,,/Users/ivantyshchenko/Projects/Python/Neural-Beer/data/raw/bing/stout/imperial_stout_dark_in_snifter_pub_-bottle_-can_-logo/000008.jpg,000008.jpg,1124,1498,2025-10-04T20:09:08Z,b39bd92c4c66cc64,data/smart_cropped/2a394013d90fa3ac92a3bf0b4c91ba8e1f89febb.jpg,detr_object_crop,"{""method"": ""detr_object_crop"", ""label"": ""bottle"", ""score"": 0.9964892864227295, ""box"": [316, 30, 807, 1470]}"
bcf536ec08c28f19a0062fb53083a2afbbd8ecac,stout,bing,,/Users/ivantyshchenko/Projects/Python/Neural-Beer/data/raw/bing/stout/imperial_stout_dark_in_snifter_pub_-bottle_-can_-logo/000016.jpg,000016.jpg,3024,4032,2025-10-04T20:09:08Z,e99486646c3b3b96,data/smart_cropped/bcf536ec08c28f19a0062fb53083a2afbbd8ecac.jpg,detr_object_crop,"{""method"": ""detr_object_crop"", ""label"": ""wine glass"", ""score"": 0.9960468411445618, ""box"": [101, 116, 1710, 3708]}"
5018ef5088d9ce924d73207bd0d94d7b729136a4,stout,bing,,/Users/ivantyshchenko/Projects/Python/Neural-Beer/data/raw/bing/stout/imperial_stout_dark_in_snifter_pub_-bottle_-can_-logo/000037.jpg,000037.jpg,1600,1600,2025-10-04T20:09:08Z,edd6923192cd326c,data/smart_cropped/5018ef5088d9ce924d73207bd0d94d7b729136a4.jpg,detr_object_crop,"{""method"": ""detr_object_crop"", ""label"": ""wine glass"", ""score"": 0.9990600943565369, ""box"": [239, 436, 974, 1571]}"
d2d363917097ac4695665735d5ed5fbc9a1d4f34,stout,bing,,/Users/ivantyshchenko/Projects/Python/Neural-Beer/data/raw/bing/stout/imperial_stout_dark_in_snifter_pub_-bottle_-can_-logo/000054.jpg,000054.jpg,748,800,2025-10-04T20:09:08Z,e99096e716c9c167,data/smart_cropped/d2d363917097ac4695665735d5ed5fbc9a1d4f34.jpg,detr_object_crop,"{""method"": ""detr_object_crop"", ""label"": ""bottle"", ""score"": 0.9989438652992249, ""box"": [39, 0, 403, 800]}"
f0b30329a88c2635a0e5075e382edaa1a430c839,stout,bing,,/Users/ivantyshchenko/Projects/Python/Neural-Beer/data/raw/bing/stout/imperial_stout_dark_in_snifter_pub_-bottle_-can_-logo/000057.jpg,000057.jpg,1023,811,2025-10-04T20:09:08Z,96bec6416166387d,data/smart_cropped/f0b30329a88c2635a0e5075e382edaa1a430c839.jpg,detr_object_crop,"{""method"": ""detr_object_crop"", ""label"": ""person"", ""score"": 0.9949222207069397, ""box"": [861, 549, 1020, 752]}"
e8972f41b5348125d94e05fc527e64ff8d3eed76,stout,bing,,/Users/ivantyshchenko/Projects/Python/Neural-Beer/data/raw/bing/stout/imperial_stout_dark_in_snifter_pub_-bottle_-can_-logo/000060.jpg,000060.jpg,881,1024,2025-10-04T20:09:08Z,cf4eb032e7ed9006,data/smart_cropped/e8972f41b5348125d94e05fc527e64ff8d3eed76.jpg,center_square_fallback,"{""method"": ""center_square_fallback"", ""label"": null, ""score"": null, ""box"": [0, 71, 881, 952]}"
fec705f2b0bf7b48002f55c2223c1c07fb2c93c1,stout,bing,,/Users/ivantyshchenko/Projects/Python/Neural-Beer/data/raw/bing/stout/imperial_stout_dark_in_snifter_pub_-bottle_-can_-logo/000066.jpg,000066.jpg,1024,618,2025-10-04T20:09:08Z,d0d7c7e333037862,data/smart_cropped/fec705f2b0bf7b48002f55c2223c1c07fb2c93c1.jpg,detr_object_crop,"{""method"": ""detr_object_crop"", ""label"": ""person"", ""score"": 0.9971531629562378, ""box"": [607, 218, 814, 416]}"
238432ff70d26f62ed76b021fce11a35c9e84324,stout,bing,,/Users/ivantyshchenko/Projects/Python/Neural-Beer/data/raw/bing/stout/milk_stout_nitro_cascading_pour_glass_-bottle_-can_-logo/000012.jpg,000012.jpg,539,960,2025-10-04T20:09:46Z,8e31b108919def67,data/smart_cropped/238432ff70d26f62ed76b021fce11a35c9e84324.jpg,detr_object_crop,"{""method"": ""detr_object_crop"", ""label"": ""bottle"", ""score"": 0.9985887408256531, ""box"": [0, 4, 241, 881]}"
7f075df4351deac7fcfffe5be6b39b31c017f34c,stout,bing,,/Users/ivantyshchenko/Projects/Python/Neural-Beer/data/raw/bing/stout/milk_stout_nitro_cascading_pour_glass_-bottle_-can_-logo/000017.jpg,000017.jpg,601,1600,2025-10-04T20:09:46Z,b993c64e9b38c32c,data/smart_cropped/7f075df4351deac7fcfffe5be6b39b31c017f34c.jpg,detr_object_crop,"{""method"": ""detr_object_crop"", ""label"": ""bottle"", ""score"": 0.926601231098175, ""box"": [71, 18, 522, 1521]}"
0d4725c5ff64ed272eb8a9c9d44de78a70f72fa7,stout,bing,,/Users/ivantyshchenko/Projects/Python/Neural-Beer/data/raw/bing/stout/milk_stout_nitro_cascading_pour_glass_-bottle_-can_-logo/000019.jpg,000019.jpg,900,1600,2025-10-04T20:09:46Z,eac1853827c4d93f,data/smart_cropped/0d4725c5ff64ed272eb8a9c9d44de78a70f72fa7.jpg,detr_object_crop,"{""method"": ""detr_object_crop"", ""label"": ""bottle"", ""score"": 0.9935505390167236, ""box"": [301, 0, 900, 1600]}"
a727acc13ec26d9500f7cdfdbfb01e9d3d1c5512,stout,bing,,/Users/ivantyshchenko/Projects/Python/Neural-Beer/data/raw/bing/stout/milk_stout_nitro_cascading_pour_glass_-bottle_-can_-logo/000024.jpg,000024.jpg,2048,3072,2025-10-04T20:09:46Z,c3061c36e9638f7c,data/smart_cropped/a727acc13ec26d9500f7cdfdbfb01e9d3d1c5512.jpg,detr_object_crop,"{""method"": ""detr_object_crop"", ""label"": ""bottle"", ""score"": 0.9972758889198303, ""box"": [1000, 39, 2002, 3042]}"
2668f4906eb8d3f874470fa6fa4ecb2ce2a3d03d,stout,bing,,/Users/ivantyshchenko/Projects/Python/Neural-Beer/data/raw/bing/stout/milk_stout_nitro_cascading_pour_glass_-bottle_-can_-logo/000028.jpg,000028.jpg,960,539,2025-10-04T20:09:46Z,b01fdf1829c1d395,data/smart_cropped/2668f4906eb8d3f874470fa6fa4ecb2ce2a3d03d.jpg,detr_object_crop,"{""method"": ""detr_object_crop"", ""label"": ""bottle"", ""score"": 0.9950141310691833, ""box"": [523, 0, 689, 256]}"
5d5601dc9e3bf66c4ecf077ff2eccebc5b063882,stout,bing,,/Users/ivantyshchenko/Projects/Python/Neural-Beer/data/raw/bing/stout/milk_stout_nitro_cascading_pour_glass_-bottle_-can_-logo/000029.jpg,000029.jpg,2700,1800,2025-10-04T20:09:46Z,e9e6869999114767,data/smart_cropped/5d5601dc9e3bf66c4ecf077ff2eccebc5b063882.jpg,detr_object_crop,"{""method"": ""detr_object_crop"", ""label"": ""dining table"", ""score"": 0.9404541254043579, ""box"": [0, 169, 2700, 1800]}"
8f15de07d32aa66b1224378e3bdedbcc8f5a4f66,stout,bing,,/Users/ivantyshchenko/Projects/Python/Neural-Beer/data/raw/bing/stout/milk_stout_nitro_cascading_pour_glass_-bottle_-can_-logo/000033.jpg,000033.jpg,2700,1796,2025-10-04T20:09:46Z,ca80c4fdb43cb58d,data/smart_cropped/8f15de07d32aa66b1224378e3bdedbcc8f5a4f66.jpg,detr_object_crop,"{""method"": ""detr_object_crop"", ""label"": ""bottle"", ""score"": 0.7304787635803223, ""box"": [1676, 0, 2651, 1796]}"
607e19c66f4dd9cd9b853c9dae97293878c8e4c7,stout,bing,,/Users/ivantyshchenko/Projects/Python/Neural-Beer/data/raw/bing/stout/milk_stout_nitro_cascading_pour_glass_-bottle_-can_-logo/000036.jpg,000036.jpg,678,1024,2025-10-04T20:09:46Z,874969969039e7c7,data/smart_cropped/607e19c66f4dd9cd9b853c9dae97293878c8e4c7.jpg,detr_object_crop,"{""method"": ""detr_object_crop"", ""label"": ""cup"", ""score"": 0.9986826777458191, ""box"": [247, 362, 610, 928]}"
16fcd1ab275424bf6b3b848bb99649ecac4a8484,stout,bing,,/Users/ivantyshchenko/Projects/Python/Neural-Beer/data/raw/bing/stout/milk_stout_nitro_cascading_pour_glass_-bottle_-can_-logo/000038.jpg,000038.jpg,1024,1365,2025-10-04T20:09:46Z,f894956c4665873b,data/smart_cropped/16fcd1ab275424bf6b3b848bb99649ecac4a8484.jpg,detr_object_crop,"{""method"": ""detr_object_crop"", ""label"": ""bottle"", ""score"": 0.9987167119979858, ""box"": [152, 15, 606, 1365]}"
c383d63916f4db58f3ef58c7b3bf8c31615523be,stout,bing,,/Users/ivantyshchenko/Projects/Python/Neural-Beer/data/raw/bing/stout/milk_stout_nitro_cascading_pour_glass_-bottle_-can_-logo/000039.jpg,000039.jpg,768,1024,2025-10-04T20:09:46Z,b8a26239b98c9c5f,data/smart_cropped/c383d63916f4db58f3ef58c7b3bf8c31615523be.jpg,detr_object_crop,"{""method"": ""detr_object_crop"", ""label"": ""cup"", ""score"": 0.9971758127212524, ""box"": [103, 0, 508, 363]}"
571b02bd33429c3e5211009f2e8f19b1ac099ccc,stout,bing,,/Users/ivantyshchenko/Projects/Python/Neural-Beer/data/raw/bing/stout/milk_stout_nitro_cascading_pour_glass_-bottle_-can_-logo/000040.jpg,000040.jpg,800,1174,2025-10-04T20:09:46Z,fa06343fcb608739,data/smart_cropped/571b02bd33429c3e5211009f2e8f19b1ac099ccc.jpg,detr_object_crop,"{""method"": ""detr_object_crop"", ""label"": ""cup"", ""score"": 0.9980528354644775, ""box"": [0, 341, 517, 1174]}"
746d2756cf0f1fd30266c2fd6b68a2c5ca614dff,stout,bing,,/Users/ivantyshchenko/Projects/Python/Neural-Beer/data/raw/bing/stout/milk_stout_nitro_cascading_pour_glass_-bottle_-can_-logo/000042.jpg,000042.jpg,600,600,2025-10-04T20:09:46Z,ed71923cc6c73898,data/smart_cropped/746d2756cf0f1fd30266c2fd6b68a2c5ca614dff.jpg,center_square_fallback,"{""method"": ""center_square_fallback"", ""label"": null, ""score"": null, ""box"": [0, 0, 600, 600]}"
013b744469c606001c943a89060e1d921ebebfae,stout,bing,,/Users/ivantyshchenko/Projects/Python/Neural-Beer/data/raw/bing/stout/milk_stout_nitro_cascading_pour_glass_-bottle_-can_-logo/000043.jpg,000043.jpg,1600,900,2025-10-04T20:09:46Z,848c33315e7673b3,data/smart_cropped/013b744469c606001c943a89060e1d921ebebfae.jpg,detr_object_crop,"{""method"": ""detr_object_crop"", ""label"": ""wine glass"", ""score"": 0.9024924635887146, ""box"": [404, 0, 1172, 900]}"
789b5ebd4fdf914d89749772805e5bae2367b2cb,stout,bing,,/Users/ivantyshchenko/Projects/Python/Neural-Beer/data/raw/bing/stout/milk_stout_nitro_cascading_pour_glass_-bottle_-can_-logo/000044.jpg,000044.jpg,798,1200,2025-10-04T20:09:46Z,be484037e3b7c236,data/smart_cropped/789b5ebd4fdf914d89749772805e5bae2367b2cb.jpg,detr_object_crop,"{""method"": ""detr_object_crop"", ""label"": ""bottle"", ""score"": 0.9990180730819702, ""box"": [252, 20, 627, 1129]}"
6b633559cfd569e139f50c214cf5be42f4298bfd,stout,bing,,/Users/ivantyshchenko/Projects/Python/Neural-Beer/data/raw/bing/stout/milk_stout_nitro_cascading_pour_glass_-bottle_-can_-logo/000045.jpg,000045.jpg,918,1632,2025-10-04T20:09:46Z,979d2921159e6ee4,data/smart_cropped/6b633559cfd569e139f50c214cf5be42f4298bfd.jpg,detr_object_crop,"{""method"": ""detr_object_crop"", ""label"": ""cup"", ""score"": 0.7379068732261658, ""box"": [0, 47, 918, 1490]}"
a1c3956fc0661aa3b23894d41483705e61ac881f,stout,bing,,/Users/ivantyshchenko/Projects/Python/Neural-Beer/data/raw/bing/stout/dry_stout_guinness_style_pint_with_foam_-bottle_-can_-logo/000034.jpg,000034.jpg,634,781,2025-10-04T20:10:10Z,d6d4746d6de86068,data/smart_cropped/a1c3956fc0661aa3b23894d41483705e61ac881f.jpg,detr_object_crop,"{""method"": ""detr_object_crop"", ""label"": ""cup"", ""score"": 0.9987994432449341, ""box"": [41, 17, 579, 781]}"
14c31c63218ea7831fdae8501872ca8dcfacde0a,stout,bing,,/Users/ivantyshchenko/Projects/Python/Neural-Beer/data/raw/bing/stout/dry_stout_guinness_style_pint_with_foam_-bottle_-can_-logo/000046.jpg,000046.jpg,800,800,2025-10-04T20:10:10Z,e999966cc9a76832,data/smart_cropped/14c31c63218ea7831fdae8501872ca8dcfacde0a.jpg,center_square_fallback,"{""method"": ""center_square_fallback"", ""label"": null, ""score"": null, ""box"": [0, 0, 800, 800]}"
2274feed791975331f3379214927dc215e633c9a,stout,bing,,/Users/ivantyshchenko/Projects/Python/Neural-Beer/data/raw/bing/stout/dry_stout_guinness_style_pint_with_foam_-bottle_-can_-logo/000052.jpg,000052.jpg,1024,1024,2025-10-04T20:10:10Z,f8c1878ec727943c,data/smart_cropped/2274feed791975331f3379214927dc215e633c9a.jpg,detr_object_crop,"{""method"": ""detr_object_crop"", ""label"": ""book"", ""score"": 0.9844339489936829, ""box"": [77, 0, 954, 1024]}"
d62cefa3f523c83898dd3a6b3f17718fb2ce2aa3,stout,bing,,/Users/ivantyshchenko/Projects/Python/Neural-Beer/data/raw/bing/stout/dry_stout_guinness_style_pint_with_foam_-bottle_-can_-logo/000053.jpg,000053.jpg,1200,1690,2025-10-04T20:10:10Z,87daa2616972d89e,data/smart_cropped/d62cefa3f523c83898dd3a6b3f17718fb2ce2aa3.jpg,detr_object_crop,"{""method"": ""detr_object_crop"", ""label"": ""clock"", ""score"": 0.8737402558326721, ""box"": [273, 281, 1095, 1654]}"
0014a0cdd968a47cd7dfc777abd0bc7b17b3a12c,stout,bing,,/Users/ivantyshchenko/Projects/Python/Neural-Beer/data/raw/bing/stout/dry_stout_guinness_style_pint_with_foam_-bottle_-can_-logo/000056.jpg,000056.jpg,540,590,2025-10-04T20:10:10Z,e0d0ed52fd0f0a2d,data/smart_cropped/0014a0cdd968a47cd7dfc777abd0bc7b17b3a12c.jpg,detr_object_crop,"{""method"": ""detr_object_crop"", ""label"": ""cup"", ""score"": 0.9416701793670654, ""box"": [0, 0, 529, 590]}"
ee5850b6769842cf409dfc82361bd9cc5f4c5329,stout,bing,,/Users/ivantyshchenko/Projects/Python/Neural-Beer/data/raw/bing/stout/dry_stout_guinness_style_pint_with_foam_-bottle_-can_-logo/000060.jpg,000060.jpg,1600,1157,2025-10-04T20:10:10Z,89d9c940f10fbbb8,data/smart_cropped/ee5850b6769842cf409dfc82361bd9cc5f4c5329.jpg,detr_object_crop,"{""method"": ""detr_object_crop"", ""label"": ""person"", ""score"": 0.9240446090698242, ""box"": [0, 31, 573, 1134]}"
a3d18bd68e20b2dd5060a69d8d807710d6486f13,stout,bing,,/Users/ivantyshchenko/Projects/Python/Neural-Beer/data/raw/bing/stout/oatmeal_stout_smooth_dark_pint_glass_-bottle_-can_-logo/000006.jpg,000006.jpg,1000,1000,2025-10-04T20:10:44Z,b4cccbc3cb719930,data/smart_cropped/a3d18bd68e20b2dd5060a69d8d807710d6486f13.jpg,detr_object_crop,"{""method"": ""detr_object_crop"", ""label"": ""cup"", ""score"": 0.9990148544311523, ""box"": [176, 0, 804, 1000]}"
8aeebd833e858b566f25d4f226e20caa5c3e3847,stout,bing,,/Users/ivantyshchenko/Projects/Python/Neural-Beer/data/raw/bing/stout/oatmeal_stout_smooth_dark_pint_glass_-bottle_-can_-logo/000026.jpg,000026.jpg,1936,2592,2025-10-04T20:10:44Z,fd45c439936e84c3,data/smart_cropped/8aeebd833e858b566f25d4f226e20caa5c3e3847.jpg,detr_object_crop,"{""method"": ""detr_object_crop"", ""label"": ""bottle"", ""score"": 0.9987714886665344, ""box"": [805, 0, 1766, 2430]}"
238ef006e2baead582d38e00fa83f1d63b6600e4,stout,bing,,/Users/ivantyshchenko/Projects/Python/Neural-Beer/data/raw/bing/stout/oatmeal_stout_smooth_dark_pint_glass_-bottle_-can_-logo/000036.jpg,000036.jpg,866,1390,2025-10-04T20:10:44Z,e79318e633d824d3,data/smart_cropped/238ef006e2baead582d38e00fa83f1d63b6600e4.jpg,detr_object_crop,"{""method"": ""detr_object_crop"", ""label"": ""mouse"", ""score"": 0.9458487629890442, ""box"": [307, 679, 866, 1374]}"
264471714e5e06240413ef782decb41ac36b1d39,stout,bing,,/Users/ivantyshchenko/Projects/Python/Neural-Beer/data/raw/bing/stout/oatmeal_stout_smooth_dark_pint_glass_-bottle_-can_-logo/000049.jpg,000049.jpg,811,541,2025-10-04T20:10:44Z,b5959e184a4de965,data/smart_cropped/264471714e5e06240413ef782decb41ac36b1d39.jpg,detr_object_crop,"{""method"": ""detr_object_crop"", ""label"": ""cup"", ""score"": 0.9786502122879028, ""box"": [161, 106, 435, 456]}"
eff599fe1861e3d1fb4a6e133a1c4eecdc9c52a7,stout,bing,,/Users/ivantyshchenko/Projects/Python/Neural-Beer/data/raw/bing/stout/oatmeal_stout_smooth_dark_pint_glass_-bottle_-can_-logo/000053.jpg,000053.jpg,664,1000,2025-10-04T20:10:44Z,c4e2439c380f1f5f,data/smart_cropped/eff599fe1861e3d1fb4a6e133a1c4eecdc9c52a7.jpg,detr_object_crop,"{""method"": ""detr_object_crop"", ""label"": ""bottle"", ""score"": 0.9972973465919495, ""box"": [170, 48, 495, 997]}"
e5dc3f661267fb5d1947f26e6129b24e5c321315,stout,bing,,/Users/ivantyshchenko/Projects/Python/Neural-Beer/data/raw/bing/stout/oatmeal_stout_smooth_dark_pint_glass_-bottle_-can_-logo/000058.jpg,000058.jpg,1487,908,2025-10-04T20:10:44Z,cc99cccc723333cc,data/smart_cropped/e5dc3f661267fb5d1947f26e6129b24e5c321315.jpg,detr_object_crop,"{""method"": ""detr_object_crop"", ""label"": ""bottle"", ""score"": 0.9941222071647644, ""box"": [550, 0, 919, 908]}"
395d17c1acbcb570790ed685e2ebd6c64c751cc4,stout,bing,,/Users/ivantyshchenko/Projects/Python/Neural-Beer/data/raw/bing/stout/oatmeal_stout_smooth_dark_pint_glass_-bottle_-can_-logo/000060.jpg,000060.jpg,736,552,2025-10-04T20:10:44Z,f41ede031cc13c75,data/smart_cropped/395d17c1acbcb570790ed685e2ebd6c64c751cc4.jpg,detr_object_crop,"{""method"": ""detr_object_crop"", ""label"": ""vase"", ""score"": 0.9997398257255554, ""box"": [159, 46, 554, 485]}"
75e6695549a928b1226e1fb77b4a287bd3981abb,stout,bing,,/Users/ivantyshchenko/Projects/Python/Neural-Beer/data/raw/bing/stout/oatmeal_stout_smooth_dark_pint_glass_-bottle_-can_-logo/000064.jpg,000064.jpg,1024,768,2025-10-04T20:10:44Z,aac585b09ec94bd6,data/smart_cropped/75e6695549a928b1226e1fb77b4a287bd3981abb.jpg,center_square_fallback,"{""method"": ""center_square_fallback"", ""label"": null, ""score"": null, ""box"": [128, 0, 896, 768]}"
a4b1a4f5a903ccccc63eddfc93bed23946f9bb41,stout,bing,,/Users/ivantyshchenko/Projects/Python/Neural-Beer/data/raw/bing/stout/oatmeal_stout_smooth_dark_pint_glass_-bottle_-can_-logo/000067.jpg,000067.jpg,975,1390,2025-10-04T20:10:44Z,c9ad30b23ea6358b,data/smart_cropped/a4b1a4f5a903ccccc63eddfc93bed23946f9bb41.jpg,detr_object_crop,"{""method"": ""detr_object_crop"", ""label"": ""cup"", ""score"": 0.9982642531394958, ""box"": [438, 810, 752, 1167]}"
764b492b6adf90c86a9eaf1315cb33ff66484a43,porter,bing,,/Users/ivantyshchenko/Projects/Python/Neural-Beer/data/raw/bing/porter/porter_beer_nonic_pint_ruby_highlights_-bottle_-can_-logo_-mockup/000017.jpg,000017.jpg,1600,994,2025-10-04T20:11:22Z,f1c34ecc2cf033c3,data/smart_cropped/764b492b6adf90c86a9eaf1315cb33ff66484a43.jpg,detr_object_crop,"{""method"": ""detr_object_crop"", ""label"": ""cup"", ""score"": 0.8672381043434143, ""box"": [347, 80, 884, 910]}"
5769412b34e92006ba1a3a194a37313967139ba2,porter,bing,,/Users/ivantyshchenko/Projects/Python/Neural-Beer/data/raw/bing/porter/porter_beer_nonic_pint_ruby_highlights_-bottle_-can_-logo_-mockup/000041.jpg,000041.jpg,1280,720,2025-10-04T20:11:22Z,ecec521364ec335a,data/smart_cropped/5769412b34e92006ba1a3a194a37313967139ba2.jpg,detr_object_crop,"{""method"": ""detr_object_crop"", ""label"": ""bottle"", ""score"": 0.9991092085838318, ""box"": [654, 0, 966, 720]}"
d96f355eae5fe25072cb521b21d0226e6bd8dcfb,porter,bing,,/Users/ivantyshchenko/Projects/Python/Neural-Beer/data/raw/bing/porter/porter_beer_nonic_pint_ruby_highlights_-bottle_-can_-logo_-mockup/000048.jpg,000048.jpg,1600,1067,2025-10-04T20:11:22Z,f38ccc3323cc9867,data/smart_cropped/d96f355eae5fe25072cb521b21d0226e6bd8dcfb.jpg,detr_object_crop,"{""method"": ""detr_object_crop"", ""label"": ""cup"", ""score"": 0.9987336993217468, ""box"": [507, 46, 1084, 997]}"
c33467d1b42674b6e2aae3e7d8aaa221f9e43085,porter,bing,,/Users/ivantyshchenko/Projects/Python/Neural-Beer/data/raw/bing/porter/robust_porter_in_glass_bar_lighting_-bottle_-can_-logo/000009.jpg,000009.jpg,736,920,2025-10-04T20:12:01Z,d38e9e9e94a3c322,data/smart_cropped/c33467d1b42674b6e2aae3e7d8aaa221f9e43085.jpg,detr_object_crop,"{""method"": ""detr_object_crop"", ""label"": ""cup"", ""score"": 0.9599267840385437, ""box"": [645, 528, 736, 673]}"
2212ad6bff49f0bfb5661c95e785d49f059f10a5,porter,bing,,/Users/ivantyshchenko/Projects/Python/Neural-Beer/data/raw/bing/porter/robust_porter_in_glass_bar_lighting_-bottle_-can_-logo/000013.jpg,000013.jpg,600,600,2025-10-04T20:12:01Z,e488dac39b259cc7,data/smart_cropped/2212ad6bff49f0bfb5661c95e785d49f059f10a5.jpg,detr_object_crop,"{""method"": ""detr_object_crop"", ""label"": ""vase"", ""score"": 0.9990768432617188, ""box"": [126, 7, 482, 600]}"
a1202db35370f06f41054cfc998dc1079c8a4499,porter,bing,,/Users/ivantyshchenko/Projects/Python/Neural-Beer/data/raw/bing/porter/robust_porter_in_glass_bar_lighting_-bottle_-can_-logo/000016.jpg,000016.jpg,2500,1666,2025-10-04T20:12:01Z,9131e44c6a4e7f6c,data/smart_cropped/a1202db35370f06f41054cfc998dc1079c8a4499.jpg,detr_object_crop,"{""method"": ""detr_object_crop"", ""label"": ""wine glass"", ""score"": 0.9980891346931458, ""box"": [73, 37, 1190, 1666]}"
1260c5de7e6e9326b0ea001f7789957894450906,porter,bing,,/Users/ivantyshchenko/Projects/Python/Neural-Beer/data/raw/bing/porter/robust_porter_in_glass_bar_lighting_-bottle_-can_-logo/000035.jpg,000035.jpg,800,533,2025-10-04T20:12:01Z,817785993cb58de2,data/smart_cropped/1260c5de7e6e9326b0ea001f7789957894450906.jpg,detr_object_crop,"{""method"": ""detr_object_crop"", ""label"": ""wine glass"", ""score"": 0.9982890486717224, ""box"": [102, 8, 362, 458]}"
5a0c0b64f78cac7e610af0e71ed26670bb45a855,porter,bing,,/Users/ivantyshchenko/Projects/Python/Neural-Beer/data/raw/bing/porter/robust_porter_in_glass_bar_lighting_-bottle_-can_-logo/000041.jpg,000041.jpg,1080,1080,2025-10-04T20:12:01Z,e5f3e2e762ca8502,data/smart_cropped/5a0c0b64f78cac7e610af0e71ed26670bb45a855.jpg,detr_object_crop,"{""method"": ""detr_object_crop"", ""label"": ""bottle"", ""score"": 0.9981129169464111, ""box"": [678, 2, 1066, 1059]}"
2e9d010f589020b7f7e1b5c25a5ffaf0c4f2552c,porter,bing,,/Users/ivantyshchenko/Projects/Python/Neural-Beer/data/raw/bing/porter/robust_porter_in_glass_bar_lighting_-bottle_-can_-logo/000042.jpg,000042.jpg,736,736,2025-10-04T20:12:01Z,ddbbb7a5404861d8,data/smart_cropped/2e9d010f589020b7f7e1b5c25a5ffaf0c4f2552c.jpg,detr_object_crop,"{""method"": ""detr_object_crop"", ""label"": ""potted plant"", ""score"": 0.9921929240226746, ""box"": [357, 45, 518, 216]}"
f37cab7647ef6c09933762fe3c5b21272f4ed1e3,porter,bing,,/Users/ivantyshchenko/Projects/Python/Neural-Beer/data/raw/bing/porter/robust_porter_in_glass_bar_lighting_-bottle_-can_-logo/000043.jpg,000043.jpg,1000,667,2025-10-04T20:12:01Z,cecb0946f182c7f8,data/smart_cropped/f37cab7647ef6c09933762fe3c5b21272f4ed1e3.jpg,detr_object_crop,"{""method"": ""detr_object_crop"", ""label"": ""chair"", ""score"": 0.9957900643348694, ""box"": [306, 289, 459, 455]}"
243426cdc86622777c36d99be34ed668bac2d859,porter,bing,,/Users/ivantyshchenko/Projects/Python/Neural-Beer/data/raw/bing/porter/robust_porter_in_glass_bar_lighting_-bottle_-can_-logo/000048.jpg,000048.jpg,800,619,2025-10-04T20:12:01Z,fa9585a3817e4c56,data/smart_cropped/243426cdc86622777c36d99be34ed668bac2d859.jpg,detr_object_crop,"{""method"": ""detr_object_crop"", ""label"": ""vase"", ""score"": 0.9984428286552429, ""box"": [252, 0, 545, 591]}"
d5aa6d08029d003981bac68aa53a890189704e68,porter,bing,,/Users/ivantyshchenko/Projects/Python/Neural-Beer/data/raw/bing/porter/robust_porter_in_glass_bar_lighting_-bottle_-can_-logo/000049.jpg,000049.jpg,838,1200,2025-10-04T20:12:01Z,fa6f6c39859491c1,data/smart_cropped/d5aa6d08029d003981bac68aa53a890189704e68.jpg,detr_object_crop,"{""method"": ""detr_object_crop"", ""label"": ""cup"", ""score"": 0.9951184988021851, ""box"": [29, 0, 819, 1200]}"
97d8dc54d4454f62fe9ebab1ce77f81d5950af57,porter,bing,,/Users/ivantyshchenko/Projects/Python/Neural-Beer/data/raw/bing/porter/robust_porter_in_glass_bar_lighting_-bottle_-can_-logo/000050.jpg,000050.jpg,800,640,2025-10-04T20:12:01Z,d6a1a15a295e5fa1,data/smart_cropped/97d8dc54d4454f62fe9ebab1ce77f81d5950af57.jpg,center_square_fallback,"{""method"": ""center_square_fallback"", ""label"": null, ""score"": null, ""box"": [80, 0, 720, 640]}"
1f6d18262871377cd86b71c406a2cc2cc859fadf,porter,bing,,/Users/ivantyshchenko/Projects/Python/Neural-Beer/data/raw/bing/porter/robust_porter_in_glass_bar_lighting_-bottle_-can_-logo/000056.jpg,000056.jpg,736,920,2025-10-04T20:12:01Z,d3e8a4175af8850f,data/smart_cropped/1f6d18262871377cd86b71c406a2cc2cc859fadf.jpg,detr_object_crop,"{""method"": ""detr_object_crop"", ""label"": ""person"", ""score"": 0.9546105861663818, ""box"": [0, 283, 736, 764]}"
eb4a9195733ba029288e574e4c4bb7726d0e9829,porter,bing,,/Users/ivantyshchenko/Projects/Python/Neural-Beer/data/raw/bing/porter/robust_porter_in_glass_bar_lighting_-bottle_-can_-logo/000058.jpg,000058.jpg,650,650,2025-10-04T20:12:01Z,acf7835a78c81663,data/smart_cropped/eb4a9195733ba029288e574e4c4bb7726d0e9829.jpg,detr_object_crop,"{""method"": ""detr_object_crop"", ""label"": ""bottle"", ""score"": 0.9989075660705566, ""box"": [294, 163, 438, 421]}"
907b4b2378e9128ac40d5424c0fdf0753205454e,porter,bing,,/Users/ivantyshchenko/Projects/Python/Neural-Beer/data/raw/bing/porter/robust_porter_in_glass_bar_lighting_-bottle_-can_-logo/000060.jpg,000060.jpg,676,676,2025-10-04T20:12:01Z,8f0ff0f0f80f8784,data/smart_cropped/907b4b2378e9128ac40d5424c0fdf0753205454e.jpg,detr_object_crop,"{""method"": ""detr_object_crop"", ""label"": ""wine glass"", ""score"": 0.9969491362571716, ""box"": [65, 14, 378, 642]}"
81215c07253b2bf296ace753a013c09305b917eb,porter,bing,,/Users/ivantyshchenko/Projects/Python/Neural-Beer/data/raw/bing/porter/robust_porter_in_glass_bar_lighting_-bottle_-can_-logo/000062.jpg,000062.jpg,600,600,2025-10-04T20:12:01Z,ec6493931a6ce5e2,data/smart_cropped/81215c07253b2bf296ace753a013c09305b917eb.jpg,detr_object_crop,"{""method"": ""detr_object_crop"", ""label"": ""wine glass"", ""score"": 0.9959542751312256, ""box"": [244, 9, 489, 577]}"
74338fb2c7c3a9193a542e9edfa67d458119efa1,porter,bing,,/Users/ivantyshchenko/Projects/Python/Neural-Beer/data/raw/bing/porter/brown_porter_in_pint_smooth_head_-bottle_-can_-logo/000048.jpg,000048.jpg,1280,720,2025-10-04T20:12:43Z,a6e1d13b5e86e0f0,data/smart_cropped/74338fb2c7c3a9193a542e9edfa67d458119efa1.jpg,detr_object_crop,"{""method"": ""detr_object_crop"", ""label"": ""person"", ""score"": 0.9070237278938293, ""box"": [362, 90, 1163, 720]}"
d137bd1a2c63644e8e627f964d47f81ce81d0652,porter,bing,,/Users/ivantyshchenko/Projects/Python/Neural-Beer/data/raw/bing/porter/brown_porter_in_pint_smooth_head_-bottle_-can_-logo/000053.jpg,000053.jpg,1652,1652,2025-10-04T20:12:43Z,e69c1a3119ce1977,data/smart_cropped/d137bd1a2c63644e8e627f964d47f81ce81d0652.jpg,detr_object_crop,"{""method"": ""detr_object_crop"", ""label"": ""snowboard"", ""score"": 0.9862414598464966, ""box"": [485, 1, 1207, 1652]}"
b1cbd0bfcc486c8418c8a14307f13a79d5084cfb,porter,bing,,/Users/ivantyshchenko/Projects/Python/Neural-Beer/data/raw/bing/porter/brown_porter_in_pint_smooth_head_-bottle_-can_-logo/000054.jpg,000054.jpg,1000,635,2025-10-04T20:12:43Z,c434c9da5b1b0e3d,data/smart_cropped/b1cbd0bfcc486c8418c8a14307f13a79d5084cfb.jpg,detr_object_crop,"{""method"": ""detr_object_crop"", ""label"": ""cup"", ""score"": 0.9986931681632996, ""box"": [663, 37, 1000, 601]}"
c7374ae91d2b51c12bdb43889628d2059c6c84ae,porter,bing,,/Users/ivantyshchenko/Projects/Python/Neural-Beer/data/raw/bing/porter/brown_porter_in_pint_smooth_head_-bottle_-can_-logo/000057.jpg,000057.jpg,1000,1000,2025-10-04T20:12:43Z,afd0d02d0f723d85,data/smart_cropped/c7374ae91d2b51c12bdb43889628d2059c6c84ae.jpg,center_square_fallback,"{""method"": ""center_square_fallback"", ""label"": null, ""score"": null, ""box"": [0, 0, 1000, 1000]}"
d019e2f272f84215115d03d2f3fcfa1382dbf7fa,porter,bing,,/Users/ivantyshchenko/Projects/Python/Neural-Beer/data/raw/bing/porter/brown_porter_in_pint_smooth_head_-bottle_-can_-logo/000059.jpg,000059.jpg,2612,3584,2025-10-04T20:12:43Z,b393cdcc8c32cb23,data/smart_cropped/d019e2f272f84215115d03d2f3fcfa1382dbf7fa.jpg,detr_object_crop,"{""method"": ""detr_object_crop"", ""label"": ""bottle"", ""score"": 0.9991874098777771, ""box"": [681, 0, 1897, 3431]}"
47b619c077533ea407f83019ead7cbd936b34e77,porter,bing,,/Users/ivantyshchenko/Projects/Python/Neural-Beer/data/raw/bing/porter/brown_porter_in_pint_smooth_head_-bottle_-can_-logo/000062.jpg,000062.jpg,1024,768,2025-10-04T20:12:43Z,b69e1e2c56737049,data/smart_cropped/47b619c077533ea407f83019ead7cbd936b34e77.jpg,detr_object_crop,"{""method"": ""detr_object_crop"", ""label"": ""bowl"", ""score"": 0.9964893460273743, ""box"": [484, 159, 856, 441]}"
5e5ff339a72fa338bdfb12460aba545cc17f73fe,porter,bing,,/Users/ivantyshchenko/Projects/Python/Neural-Beer/data/raw/bing/porter/baltic_porter_strong_dark_snifter_glass_-bottle_-can_-logo/000043.jpg,000043.jpg,873,873,2025-10-04T20:13:20Z,fb94e4d0914f86d1,data/smart_cropped/5e5ff339a72fa338bdfb12460aba545cc17f73fe.jpg,center_square_fallback,"{""method"": ""center_square_fallback"", ""label"": null, ""score"": null, ""box"": [0, 0, 873, 873]}"
f7a503f2a3ba5372c0988fb102c71f11425c0083,porter,bing,,/Users/ivantyshchenko/Projects/Python/Neural-Beer/data/raw/bing/porter/baltic_porter_strong_dark_snifter_glass_-bottle_-can_-logo/000048.jpg,000048.jpg,1300,956,2025-10-04T20:13:20Z,ec931bcc669359a4,data/smart_cropped/f7a503f2a3ba5372c0988fb102c71f11425c0083.jpg,detr_object_crop,"{""method"": ""detr_object_crop"", ""label"": ""wine glass"", ""score"": 0.9983695149421692, ""box"": [578, 219, 1012, 884]}"
ad7040be9602bc5770b229e4f7df715ccd96716e,porter,bing,,/Users/ivantyshchenko/Projects/Python/Neural-Beer/data/raw/bing/porter/baltic_porter_strong_dark_snifter_glass_-bottle_-can_-logo/000053.jpg,000053.jpg,1600,1290,2025-10-04T20:13:20Z,e6c38f3cb931c146,data/smart_cropped/ad7040be9602bc5770b229e4f7df715ccd96716e.jpg,center_square_fallback,"{""method"": ""center_square_fallback"", ""label"": null, ""score"": null, ""box"": [155, 0, 1445, 1290]}"
ba214be8d9a53662a6df2d249cf2277cc29a5b50,porter,bing,,/Users/ivantyshchenko/Projects/Python/Neural-Beer/data/raw/bing/porter/baltic_porter_strong_dark_snifter_glass_-bottle_-can_-logo/000058.jpg,000058.jpg,1600,1690,2025-10-04T20:13:20Z,ccce33313362c667,data/smart_cropped/ba214be8d9a53662a6df2d249cf2277cc29a5b50.jpg,detr_object_crop,"{""method"": ""detr_object_crop"", ""label"": ""vase"", ""score"": 0.9387912750244141, ""box"": [372, 20, 1273, 1397]}"
1094ce98d504de4c2592f4d934cf8b6fc93444bd,porter,bing,,/Users/ivantyshchenko/Projects/Python/Neural-Beer/data/raw/bing/porter/porter_beer_amber_brown_pub_draft_-bottle_-can_-logo/000008.jpg,000008.jpg,1024,683,2025-10-04T20:14:04Z,e692b945a5779816,data/smart_cropped/1094ce98d504de4c2592f4d934cf8b6fc93444bd.jpg,detr_object_crop,"{""method"": ""detr_object_crop"", ""label"": ""bottle"", ""score"": 0.9989689588546753, ""box"": [387, 0, 630, 664]}"
25bb542b1532a844de6d92f6788e85c84eab34b0,porter,bing,,/Users/ivantyshchenko/Projects/Python/Neural-Beer/data/raw/bing/porter/porter_beer_amber_brown_pub_draft_-bottle_-can_-logo/000009.jpg,000009.jpg,1578,2357,2025-10-04T20:14:04Z,bec1d936c248c56b,data/smart_cropped/25bb542b1532a844de6d92f6788e85c84eab34b0.jpg,detr_object_crop,"{""method"": ""detr_object_crop"", ""label"": ""bottle"", ""score"": 0.9993451237678528, ""box"": [768, 0, 1545, 2321]}"
76003b8430b08f3ebca569e34a59452a0e27dcb4,porter,bing,,/Users/ivantyshchenko/Projects/Python/Neural-Beer/data/raw/bing/porter/porter_beer_amber_brown_pub_draft_-bottle_-can_-logo/000044.jpg,000044.jpg,736,1104,2025-10-04T20:14:04Z,e89d97e26b19c491,data/smart_cropped/76003b8430b08f3ebca569e34a59452a0e27dcb4.jpg,detr_object_crop,"{""method"": ""detr_object_crop"", ""label"": ""bottle"", ""score"": 0.9976535439491272, ""box"": [4, 107, 395, 1041]}"
0fa5904a0f6ee3a5bd743803e04a1eaf892ea966,porter,bing,,/Users/ivantyshchenko/Projects/Python/Neural-Beer/data/raw/bing/porter/porter_beer_amber_brown_pub_draft_-bottle_-can_-logo/000055.jpg,000055.jpg,792,650,2025-10-04T20:14:04Z,ed9412edc10bcd1e,data/smart_cropped/0fa5904a0f6ee3a5bd743803e04a1eaf892ea966.jpg,detr_object_crop,"{""method"": ""detr_object_crop"", ""label"": ""bottle"", ""score"": 0.997938334941864, ""box"": [263, 0, 436, 235]}"
9efafb67ca9f51e1f66bd4d503ac1e62fe705d41,porter,bing,,/Users/ivantyshchenko/Projects/Python/Neural-Beer/data/raw/bing/porter/porter_beer_amber_brown_pub_draft_-bottle_-can_-logo/000059.jpg,000059.jpg,846,1024,2025-10-04T20:14:04Z,e7dc133a71393498,data/smart_cropped/9efafb67ca9f51e1f66bd4d503ac1e62fe705d41.jpg,detr_object_crop,"{""method"": ""detr_object_crop"", ""label"": ""wine glass"", ""score"": 0.9151415824890137, ""box"": [82, 314, 324, 635]}"
2a4de7766f4e704664c4d1fd5745f68c9086b674,porter,bing,,/Users/ivantyshchenko/Projects/Python/Neural-Beer/data/raw/bing/porter/porter_beer_amber_brown_pub_draft_-bottle_-can_-logo/000072.jpg,000072.jpg,1300,1390,2025-10-04T20:14:04Z,f78a52a85ca34fa8,data/smart_cropped/2a4de7766f4e704664c4d1fd5745f68c9086b674.jpg,center_square_fallback,"{""method"": ""center_square_fallback"", ""label"": null, ""score"": null, ""box"": [0, 45, 1300, 1345]}"
1131631f484adcd612dea38ae6491099182f8a86,porter,bing,,/Users/ivantyshchenko/Projects/Python/Neural-Beer/data/raw/bing/porter/porter_beer_amber_brown_pub_draft_-bottle_-can_-logo/000073.jpg,000073.jpg,860,600,2025-10-04T20:14:04Z,f6958af2ada49291,data/smart_cropped/1131631f484adcd612dea38ae6491099182f8a86.jpg,detr_object_crop,"{""method"": ""detr_object_crop"", ""label"": ""bottle"", ""score"": 0.9777581095695496, ""box"": [291, 200, 404, 340]}"
cc0a4ee21a60441f145ad851295af91fa98cf4e0,sour,bing,,/Users/ivantyshchenko/Projects/Python/Neural-Beer/data/raw/bing/sour/sour_beer_bright_color_in_tulip_glass_-bottle_-can_-logo_-mockup/000018.jpg,000018.jpg,626,626,2025-10-04T20:14:28Z,dc6c3333d3e20959,data/smart_cropped/cc0a4ee21a60441f145ad851295af91fa98cf4e0.jpg,detr_object_crop,"{""method"": ""detr_object_crop"", ""label"": ""wine glass"", ""score"": 0.9986794590950012, ""box"": [166, 53, 457, 615]}"
fc42c8cf4d06c924d50e7ed6dbeb9d84ddc32b4c,sour,bing,,/Users/ivantyshchenko/Projects/Python/Neural-Beer/data/raw/bing/sour/sour_beer_bright_color_in_tulip_glass_-bottle_-can_-logo_-mockup/000021.jpg,000021.jpg,626,626,2025-10-04T20:14:28Z,895b76579782089f,data/smart_cropped/fc42c8cf4d06c924d50e7ed6dbeb9d84ddc32b4c.jpg,detr_object_crop,"{""method"": ""detr_object_crop"", ""label"": ""wine glass"", ""score"": 0.9988864064216614, ""box"": [156, 80, 472, 626]}"
ffa1714a78ef8cb9895f758a6573baa416f0375d,sour,bing,,/Users/ivantyshchenko/Projects/Python/Neural-Beer/data/raw/bing/sour/sour_beer_bright_color_in_tulip_glass_-bottle_-can_-logo_-mockup/000028.jpg,000028.jpg,1068,1690,2025-10-04T20:14:28Z,c0f03f0bc278fa4e,data/smart_cropped/ffa1714a78ef8cb9895f758a6573baa416f0375d.jpg,center_square_fallback,"{""method"": ""center_square_fallback"", ""label"": null, ""score"": null, ""box"": [0, 311, 1068, 1379]}"
1b6330b4330a6063eefdf6c53918d60122f171ce,sour,bing,,/Users/ivantyshchenko/Projects/Python/Neural-Beer/data/raw/bing/sour/sour_beer_bright_color_in_tulip_glass_-bottle_-can_-logo_-mockup/000063.jpg,000063.jpg,586,900,2025-10-04T20:14:28Z,ee4fc0b11b93c03e,data/smart_cropped/1b6330b4330a6063eefdf6c53918d60122f171ce.jpg,detr_object_crop,"{""method"": ""detr_object_crop"", ""label"": ""wine glass"", ""score"": 0.9766156673431396, ""box"": [23, 13, 563, 900]}"
3e54d7fda5dc967f2f777f77b3d04ad55d99bea8,sour,bing,,/Users/ivantyshchenko/Projects/Python/Neural-Beer/data/raw/bing/sour/sour_beer_bright_color_in_tulip_glass_-bottle_-can_-logo_-mockup/000064.jpg,000064.jpg,963,1200,2025-10-04T20:14:28Z,b49cc3e13c9e7059,data/smart_cropped/3e54d7fda5dc967f2f777f77b3d04ad55d99bea8.jpg,detr_object_crop,"{""method"": ""detr_object_crop"", ""label"": ""wine glass"", ""score"": 0.9781391024589539, ""box"": [121, 0, 837, 1200]}"
9e029aba55cacbf2017636344845b2130d49d89d,sour,bing,,/Users/ivantyshchenko/Projects/Python/Neural-Beer/data/raw/bing/sour/sour_beer_bright_color_in_tulip_glass_-bottle_-can_-logo_-mockup/000065.jpg,000065.jpg,800,800,2025-10-04T20:14:28Z,e499963669ce3364,data/smart_cropped/9e029aba55cacbf2017636344845b2130d49d89d.jpg,detr_object_crop,"{""method"": ""detr_object_crop"", ""label"": ""vase"", ""score"": 0.9895526766777039, ""box"": [139, 0, 661, 800]}"
b158e993d1023941bcbc5410654d6034e3c27530,sour,bing,,/Users/ivantyshchenko/Projects/Python/Neural-Beer/data/raw/bing/sour/sour_beer_bright_color_in_tulip_glass_-bottle_-can_-logo_-mockup/000077.jpg,000077.jpg,600,600,2025-10-04T20:14:28Z,e54ccfd39b329230,data/smart_cropped/b158e993d1023941bcbc5410654d6034e3c27530.jpg,detr_object_crop,"{""method"": ""detr_object_crop"", ""label"": ""cup"", ""score"": 0.8737183809280396, ""box"": [98, 0, 491, 600]}"
fdb06ca021e99a60227f8ea7d7980b0aeb362647,sour,bing,,/Users/ivantyshchenko/Projects/Python/Neural-Beer/data/raw/bing/sour/sour_beer_bright_color_in_tulip_glass_-bottle_-can_-logo_-mockup/000080.jpg,000080.jpg,963,1200,2025-10-04T20:14:28Z,a499c2769dc3936c,data/smart_cropped/fdb06ca021e99a60227f8ea7d7980b0aeb362647.jpg,detr_object_crop,"{""method"": ""detr_object_crop"", ""label"": ""wine glass"", ""score"": 0.9870731830596924, ""box"": [138, 18, 818, 1156]}"
52948ef16931ebc2051f4985c2a08f405c8ae81e,sour,bing,,/Users/ivantyshchenko/Projects/Python/Neural-Beer/data/raw/bing/sour/sour_beer_bright_color_in_tulip_glass_-bottle_-can_-logo_-mockup/000083.jpg,000083.jpg,800,600,2025-10-04T20:14:28Z,9e9e63c078e38f21,data/smart_cropped/52948ef16931ebc2051f4985c2a08f405c8ae81e.jpg,detr_object_crop,"{""method"": ""detr_object_crop"", ""label"": ""wine glass"", ""score"": 0.9971628785133362, ""box"": [43, 17, 360, 596]}"
41aaecea93d5bb9061002304078b3575f8112c09,sour,bing,,/Users/ivantyshchenko/Projects/Python/Neural-Beer/data/raw/bing/sour/fruited_sour_raspberry_cherry_teku_glass_-bottle_-can_-logo/000016.jpg,000016.jpg,1200,1200,2025-10-04T20:15:08Z,a4a2c11c49de5f4f,data/smart_cropped/41aaecea93d5bb9061002304078b3575f8112c09.jpg,detr_object_crop,"{""method"": ""detr_object_crop"", ""label"": ""wine glass"", ""score"": 0.9895157814025879, ""box"": [584, 0, 1200, 1200]}"
d6205b637c74686a324c8ff1480f88ea958e5d96,sour,bing,,/Users/ivantyshchenko/Projects/Python/Neural-Beer/data/raw/bing/sour/fruited_sour_raspberry_cherry_teku_glass_-bottle_-can_-logo/000024.jpg,000024.jpg,1300,956,2025-10-04T20:15:08Z,f89026aa558773ce,data/smart_cropped/d6205b637c74686a324c8ff1480f88ea958e5d96.jpg,center_square_fallback,"{""method"": ""center_square_fallback"", ""label"": null, ""score"": null, ""box"": [172, 0, 1128, 956]}"
90dbe8d980ad9df9ca011de33830d09ee1e9db82,sour,bing,,/Users/ivantyshchenko/Projects/Python/Neural-Beer/data/raw/bing/sour/fruited_sour_raspberry_cherry_teku_glass_-bottle_-can_-logo/000039.jpg,000039.jpg,1300,953,2025-10-04T20:15:08Z,b4bc4bd265cd1aa8,data/smart_cropped/90dbe8d980ad9df9ca011de33830d09ee1e9db82.jpg,detr_object_crop,"{""method"": ""detr_object_crop"", ""label"": ""bowl"", ""score"": 0.9669610857963562, ""box"": [47, 0, 1049, 943]}"
5c52700582211500e0d8e4e1c2b327e754ed77db,sour,bing,,/Users/ivantyshchenko/Projects/Python/Neural-Beer/data/raw/bing/sour/fruited_sour_raspberry_cherry_teku_glass_-bottle_-can_-logo/000051.jpg,000051.jpg,1200,1690,2025-10-04T20:15:08Z,c6d5b0a56766f888,data/smart_cropped/5c52700582211500e0d8e4e1c2b327e754ed77db.jpg,detr_object_crop,"{""method"": ""detr_object_crop"", ""label"": ""train"", ""score"": 0.8442349433898926, ""box"": [0, 0, 1200, 1690]}"
0e62764f6cb12d61af0362c8f036c8386aa314ef,sour,bing,,/Users/ivantyshchenko/Projects/Python/Neural-Beer/data/raw/bing/sour/fruited_sour_raspberry_cherry_teku_glass_-bottle_-can_-logo/000053.jpg,000053.jpg,596,900,2025-10-04T20:15:08Z,f3b637748132aa0e,data/smart_cropped/0e62764f6cb12d61af0362c8f036c8386aa314ef.jpg,detr_object_crop,"{""method"": ""detr_object_crop"", ""label"": ""cup"", ""score"": 0.9948961138725281, ""box"": [171, 260, 553, 796]}"
35bf9297359cc7a19868b0b1097b235f9a1dd6aa,sour,bing,,/Users/ivantyshchenko/Projects/Python/Neural-Beer/data/raw/bing/sour/fruited_sour_raspberry_cherry_teku_glass_-bottle_-can_-logo/000065.jpg,000065.jpg,800,534,2025-10-04T20:15:09Z,b53cc2d28c0fcf2c,data/smart_cropped/35bf9297359cc7a19868b0b1097b235f9a1dd6aa.jpg,detr_object_crop,"{""method"": ""detr_object_crop"", ""label"": ""bowl"", ""score"": 0.9397364258766174, ""box"": [43, 7, 685, 526]}"
fd08538f624c844e75a153fcb65c103d829bd99d,sour,bing,,/Users/ivantyshchenko/Projects/Python/Neural-Beer/data/raw/bing/sour/fruited_sour_raspberry_cherry_teku_glass_-bottle_-can_-logo/000066.jpg,000066.jpg,675,900,2025-10-04T20:15:09Z,c6d5b0856766d88e,data/smart_cropped/fd08538f624c844e75a153fcb65c103d829bd99d.jpg,detr_object_crop,"{""method"": ""detr_object_crop"", ""label"": ""hot dog"", ""score"": 0.8458769917488098, ""box"": [0, 0, 675, 900]}"
511fc0266e037149b38a2d40ab0e28d4f6295653,sour,bing,,/Users/ivantyshchenko/Projects/Python/Neural-Beer/data/raw/bing/sour/fruited_sour_raspberry_cherry_teku_glass_-bottle_-can_-logo/000080.jpg,000080.jpg,1536,1536,2025-10-04T20:15:09Z,9c8721df251e353a,data/smart_cropped/511fc0266e037149b38a2d40ab0e28d4f6295653.jpg,detr_object_crop,"{""method"": ""detr_object_crop"", ""label"": ""cake"", ""score"": 0.9934003353118896, ""box"": [0, 0, 1536, 1536]}"
2d3e1b684059e16a7c8bf2508daa018b12190dde,sour,bing,,/Users/ivantyshchenko/Projects/Python/Neural-Beer/data/raw/bing/sour/fruited_sour_raspberry_cherry_teku_glass_-bottle_-can_-logo/000081.jpg,000081.jpg,736,828,2025-10-04T20:15:09Z,eaec3cc887d3d061,data/smart_cropped/2d3e1b684059e16a7c8bf2508daa018b12190dde.jpg,center_square_fallback,"{""method"": ""center_square_fallback"", ""label"": null, ""score"": null, ""box"": [0, 46, 736, 782]}"
7a15e7efde6550233042c5acfb0988d2d256372e,sour,bing,,/Users/ivantyshchenko/Projects/Python/Neural-Beer/data/raw/bing/sour/fruited_sour_raspberry_cherry_teku_glass_-bottle_-can_-logo/000082.jpg,000082.jpg,640,640,2025-10-04T20:15:09Z,a916457aeb8493d6,data/smart_cropped/7a15e7efde6550233042c5acfb0988d2d256372e.jpg,detr_object_crop,"{""method"": ""detr_object_crop"", ""label"": ""dining table"", ""score"": 0.9730579257011414, ""box"": [0, 106, 640, 640]}"
f63cc5b822d00a52e30246e002f0cadae68a8484,sour,bing,,/Users/ivantyshchenko/Projects/Python/Neural-Beer/data/raw/bing/sour/fruited_sour_raspberry_cherry_teku_glass_-bottle_-can_-logo/000087.jpg,000087.jpg,564,651,2025-10-04T20:15:09Z,9349acaad218d577,data/smart_cropped/f63cc5b822d00a52e30246e002f0cadae68a8484.jpg,detr_object_crop,"{""method"": ""detr_object_crop"", ""label"": ""cup"", ""score"": 0.9883009791374207, ""box"": [37, 46, 538, 646]}"
11838997bd1c26ca5c192ac2fd0c43d6dc9e630f,sour,bing,,/Users/ivantyshchenko/Projects/Python/Neural-Beer/data/raw/bing/sour/fruited_sour_raspberry_cherry_teku_glass_-bottle_-can_-logo/000088.jpg,000088.jpg,2560,1707,2025-10-04T20:15:09Z,e28c9933668e9b6c,data/smart_cropped/11838997bd1c26ca5c192ac2fd0c43d6dc9e630f.jpg,detr_object_crop,"{""method"": ""detr_object_crop"", ""label"": ""cake"", ""score"": 0.9993444085121155, ""box"": [775, 443, 1811, 1345]}"
705f6783e8236c275cd29823a5ca87d8bb0a9c6b,sour,bing,,/Users/ivantyshchenko/Projects/Python/Neural-Beer/data/raw/bing/sour/fruited_sour_raspberry_cherry_teku_glass_-bottle_-can_-logo/000090.jpg,000090.jpg,736,736,2025-10-04T20:15:09Z,e09e99798665329e,data/smart_cropped/705f6783e8236c275cd29823a5ca87d8bb0a9c6b.jpg,center_square_fallback,"{""method"": ""center_square_fallback"", ""label"": null, ""score"": null, ""box"": [0, 0, 736, 736]}"
f5c1001f053c5c36c71a69a475a827dcaa6d7132,sour,bing,,/Users/ivantyshchenko/Projects/Python/Neural-Beer/data/raw/bing/sour/fruited_sour_raspberry_cherry_teku_glass_-bottle_-can_-logo/000091.jpg,000091.jpg,736,555,2025-10-04T20:15:09Z,ed92b9529269c369,data/smart_cropped/f5c1001f053c5c36c71a69a475a827dcaa6d7132.jpg,detr_object_crop,"{""method"": ""detr_object_crop"", ""label"": ""cup"", ""score"": 0.9973849654197693, ""box"": [315, 294, 636, 555]}"
2debd06e89ed8819e193a17631f3dcf04f8e092c,sour,bing,,/Users/ivantyshchenko/Projects/Python/Neural-Beer/data/raw/bing/sour/kettle_sour_golden_in_goblet_foam_-bottle_-can_-logo/000014.jpg,000014.jpg,3024,4032,2025-10-04T20:15:41Z,875c7c48a313fc47,data/smart_cropped/2debd06e89ed8819e193a17631f3dcf04f8e092c.jpg,center_square_fallback,"{""method"": ""center_square_fallback"", ""label"": null, ""score"": null, ""box"": [0, 504, 3024, 3528]}"
2c9f6c7bbbc58e0351c675d4cff3b564c08635a7,sour,bing,,/Users/ivantyshchenko/Projects/Python/Neural-Beer/data/raw/bing/sour/kettle_sour_golden_in_goblet_foam_-bottle_-can_-logo/000036.jpg,000036.jpg,1500,843,2025-10-04T20:15:41Z,e7a32cd3d6842789,data/smart_cropped/2c9f6c7bbbc58e0351c675d4cff3b564c08635a7.jpg,detr_object_crop,"{""method"": ""detr_object_crop"", ""label"": ""vase"", ""score"": 0.7079642415046692, ""box"": [586, 52, 918, 616]}"
d91084b6813f9448a0055e880d78bc6c7fb56f87,sour,bing,,/Users/ivantyshchenko/Projects/Python/Neural-Beer/data/raw/bing/sour/kettle_sour_golden_in_goblet_foam_-bottle_-can_-logo/000049.jpg,000049.jpg,2000,2000,2025-10-04T20:15:41Z,b69ccdc3633098ce,data/smart_cropped/d91084b6813f9448a0055e880d78bc6c7fb56f87.jpg,center_square_fallback,"{""method"": ""center_square_fallback"", ""label"": null, ""score"": null, ""box"": [0, 0, 2000, 2000]}"
b1daaa68f9897d93818e3ef8f1a7aa51c1c84984,sour,bing,,/Users/ivantyshchenko/Projects/Python/Neural-Beer/data/raw/bing/sour/kettle_sour_golden_in_goblet_foam_-bottle_-can_-logo/000054.jpg,000054.jpg,798,795,2025-10-04T20:15:41Z,a10e4ad94f7327f0,data/smart_cropped/b1daaa68f9897d93818e3ef8f1a7aa51c1c84984.jpg,detr_object_crop,"{""method"": ""detr_object_crop"", ""label"": ""donut"", ""score"": 0.983346700668335, ""box"": [301, 488, 493, 676]}"
ea8a1bbce6984b328be8de4cde39692edb39252c,sour,bing,,/Users/ivantyshchenko/Projects/Python/Neural-Beer/data/raw/bing/sour/kettle_sour_golden_in_goblet_foam_-bottle_-can_-logo/000056.jpg,000056.jpg,1300,956,2025-10-04T20:15:41Z,9b9b78e447a61c98,data/smart_cropped/ea8a1bbce6984b328be8de4cde39692edb39252c.jpg,detr_object_crop,"{""method"": ""detr_object_crop"", ""label"": ""sink"", ""score"": 0.7935113310813904, ""box"": [207, 120, 1087, 704]}"
82c2fcca5f9246ee979bb590635262cd5e587716,sour,bing,,/Users/ivantyshchenko/Projects/Python/Neural-Beer/data/raw/bing/sour/kettle_sour_golden_in_goblet_foam_-bottle_-can_-logo/000063.jpg,000063.jpg,1470,980,2025-10-04T20:15:41Z,cecc3c329239cbcc,data/smart_cropped/82c2fcca5f9246ee979bb590635262cd5e587716.jpg,detr_object_crop,"{""method"": ""detr_object_crop"", ""label"": ""sink"", ""score"": 0.9676583409309387, ""box"": [200, 136, 1259, 791]}"
c0efbbaad6255b59c32a75b05ddec69d7fffd255,sour,bing,,/Users/ivantyshchenko/Projects/Python/Neural-Beer/data/raw/bing/sour/kettle_sour_golden_in_goblet_foam_-bottle_-can_-logo/000065.jpg,000065.jpg,1200,1200,2025-10-04T20:15:41Z,b4cf83cace318978,data/smart_cropped/c0efbbaad6255b59c32a75b05ddec69d7fffd255.jpg,center_square_fallback,"{""method"": ""center_square_fallback"", ""label"": null, ""score"": null, ""box"": [0, 0, 1200, 1200]}"
67d27948e3b5b03a88233028c0f313fa27d8fbb1,sour,bing,,/Users/ivantyshchenko/Projects/Python/Neural-Beer/data/raw/bing/sour/kettle_sour_golden_in_goblet_foam_-bottle_-can_-logo/000067.jpg,000067.jpg,1300,1390,2025-10-04T20:15:41Z,f8b695d21e91688b,data/smart_cropped/67d27948e3b5b03a88233028c0f313fa27d8fbb1.jpg,center_square_fallback,"{""method"": ""center_square_fallback"", ""label"": null, ""score"": null, ""box"": [0, 45, 1300, 1345]}"
0064788139bdeaf80a92425b6e09d7f81def3490,sour,bing,,/Users/ivantyshchenko/Projects/Python/Neural-Beer/data/raw/bing/sour/kettle_sour_golden_in_goblet_foam_-bottle_-can_-logo/000068.jpg,000068.jpg,1920,1280,2025-10-04T20:15:41Z,90d36f2c90d37b4c,data/smart_cropped/0064788139bdeaf80a92425b6e09d7f81def3490.jpg,detr_object_crop,"{""method"": ""detr_object_crop"", ""label"": ""sink"", ""score"": 0.755672812461853, ""box"": [83, 303, 1802, 956]}"
246be52f77a9b9a5e8cfa3abc82343b73891d4fa,sour,bing,,/Users/ivantyshchenko/Projects/Python/Neural-Beer/data/raw/bing/sour/kettle_sour_golden_in_goblet_foam_-bottle_-can_-logo/000070.jpg,000070.jpg,1470,980,2025-10-04T20:15:41Z,b7489ba47473435a,data/smart_cropped/246be52f77a9b9a5e8cfa3abc82343b73891d4fa.jpg,center_square_fallback,"{""method"": ""center_square_fallback"", ""label"": null, ""score"": null, ""box"": [245, 0, 1225, 980]}"
e00a2b2cb97495f061ad65be1b20fe1a906831e8,sour,bing,,/Users/ivantyshchenko/Projects/Python/Neural-Beer/data/raw/bing/sour/kettle_sour_golden_in_goblet_foam_-bottle_-can_-logo/000072.jpg,000072.jpg,1920,1280,2025-10-04T20:15:41Z,f02f8ed1601cd769,data/smart_cropped/e00a2b2cb97495f061ad65be1b20fe1a906831e8.jpg,detr_object_crop,"{""method"": ""detr_object_crop"", ""label"": ""sink"", ""score"": 0.9778367280960083, ""box"": [0, 491, 1920, 1280]}"
cf8f3328802dcb187be8004720a50a501a216d7e,sour,bing,,/Users/ivantyshchenko/Projects/Python/Neural-Beer/data/raw/bing/sour/kettle_sour_golden_in_goblet_foam_-bottle_-can_-logo/000073.jpg,000073.jpg,1470,980,2025-10-04T20:15:41Z,d4782ba7d0782e87,data/smart_cropped/cf8f3328802dcb187be8004720a50a501a216d7e.jpg,center_square_fallback,"{""method"": ""center_square_fallback"", ""label"": null, ""score"": null, ""box"": [245, 0, 1225, 980]}"
71ff83edb08c75ee436cfb6a6262278bcfd4cdaa,sour,bing,,/Users/ivantyshchenko/Projects/Python/Neural-Beer/data/raw/bing/sour/kettle_sour_golden_in_goblet_foam_-bottle_-can_-logo/000074.jpg,000074.jpg,1470,980,2025-10-04T20:15:41Z,adce1797114b0b0f,data/smart_cropped/71ff83edb08c75ee436cfb6a6262278bcfd4cdaa.jpg,center_square_fallback,"{""method"": ""center_square_fallback"", ""label"": null, ""score"": null, ""box"": [245, 0, 1225, 980]}"
3b1c69ab55e54988bcea8828d434937c9eefc1b7,sour,bing,,/Users/ivantyshchenko/Projects/Python/Neural-Beer/data/raw/bing/sour/kettle_sour_golden_in_goblet_foam_-bottle_-can_-logo/000078.jpg,000078.jpg,710,756,2025-10-04T20:15:41Z,b32cccd3333433cc,data/smart_cropped/3b1c69ab55e54988bcea8828d434937c9eefc1b7.jpg,detr_object_crop,"{""method"": ""detr_object_crop"", ""label"": ""cup"", ""score"": 0.9828121066093445, ""box"": [144, 136, 551, 615]}"
718adca4af2ad611ce9f2439beceda1f3150e2a8,sour,bing,,/Users/ivantyshchenko/Projects/Python/Neural-Beer/data/raw/bing/sour/kettle_sour_golden_in_goblet_foam_-bottle_-can_-logo/000079.jpg,000079.jpg,1500,1099,2025-10-04T20:15:41Z,9a9b70a546a65c9b,data/smart_cropped/718adca4af2ad611ce9f2439beceda1f3150e2a8.jpg,detr_object_crop,"{""method"": ""detr_object_crop"", ""label"": ""sink"", ""score"": 0.902388334274292, ""box"": [241, 141, 1249, 821]}"
398d910bcbfbc9e16d28371de5373d7c4d563a00,sour,bing,,/Users/ivantyshchenko/Projects/Python/Neural-Beer/data/raw/bing/sour/kettle_sour_golden_in_goblet_foam_-bottle_-can_-logo/000082.jpg,000082.jpg,1920,1920,2025-10-04T20:15:41Z,f896955a97699829,data/smart_cropped/398d910bcbfbc9e16d28371de5373d7c4d563a00.jpg,center_square_fallback,"{""method"": ""center_square_fallback"", ""label"": null, ""score"": null, ""box"": [0, 0, 1920, 1920]}"
839fab5288ac3e10764344e780e6736bc98b789e,sour,bing,,/Users/ivantyshchenko/Projects/Python/Neural-Beer/data/raw/bing/sour/kettle_sour_golden_in_goblet_foam_-bottle_-can_-logo/000084.jpg,000084.jpg,1920,1280,2025-10-04T20:15:41Z,93d86c27c678191f,data/smart_cropped/839fab5288ac3e10764344e780e6736bc98b789e.jpg,detr_object_crop,"{""method"": ""detr_object_crop"", ""label"": ""sink"", ""score"": 0.9501763582229614, ""box"": [242, 289, 1600, 950]}"
5fff2db02fc4d642e89511753853ac75e617f767,sour,bing,,/Users/ivantyshchenko/Projects/Python/Neural-Beer/data/raw/bing/sour/kettle_sour_golden_in_goblet_foam_-bottle_-can_-logo/000085.jpg,000085.jpg,1470,980,2025-10-04T20:15:41Z,90d36f2c90d37b4c,data/smart_cropped/5fff2db02fc4d642e89511753853ac75e617f767.jpg,detr_object_crop,"{""method"": ""detr_object_crop"", ""label"": ""sink"", ""score"": 0.915270984172821, ""box"": [74, 232, 1331, 729]}"
3801edc7529de1070b78b5679916668647b39cde,sour,bing,,/Users/ivantyshchenko/Projects/Python/Neural-Beer/data/raw/bing/sour/berliner_weisse_style_sour_colorful_glass_-bottle_-can_-logo/000014.jpg,000014.jpg,1280,720,2025-10-04T20:16:25Z,869167997a66587a,data/smart_cropped/3801edc7529de1070b78b5679916668647b39cde.jpg,center_square_fallback,"{""method"": ""center_square_fallback"", ""label"": null, ""score"": null, ""box"": [280, 0, 1000, 720]}"
f21ab3bb5e36ef0737a6a2f09a73760c624a031a,sour,bing,,/Users/ivantyshchenko/Projects/Python/Neural-Beer/data/raw/bing/sour/berliner_weisse_style_sour_colorful_glass_-bottle_-can_-logo/000016.jpg,000016.jpg,1300,1064,2025-10-04T20:16:25Z,d0d0299f9ea723c3,data/smart_cropped/f21ab3bb5e36ef0737a6a2f09a73760c624a031a.jpg,detr_object_crop,"{""method"": ""detr_object_crop"", ""label"": ""cup"", ""score"": 0.998902440071106, ""box"": [420, 182, 1159, 1011]}"
d6079396323386d8968b2def77c4c4df3dd6d13f,sour,bing,,/Users/ivantyshchenko/Projects/Python/Neural-Beer/data/raw/bing/sour/berliner_weisse_style_sour_colorful_glass_-bottle_-can_-logo/000017.jpg,000017.jpg,800,933,2025-10-04T20:16:25Z,bfbab19c3d326408,data/smart_cropped/d6079396323386d8968b2def77c4c4df3dd6d13f.jpg,detr_object_crop,"{""method"": ""detr_object_crop"", ""label"": ""wine glass"", ""score"": 0.993807852268219, ""box"": [329, 20, 786, 835]}"
0617ad2a35463c48d48f33a8e2768eede616b33f,sour,bing,,/Users/ivantyshchenko/Projects/Python/Neural-Beer/data/raw/bing/sour/berliner_weisse_style_sour_colorful_glass_-bottle_-can_-logo/000020.jpg,000020.jpg,600,594,2025-10-04T20:16:25Z,c84032ffc984c3fd,data/smart_cropped/0617ad2a35463c48d48f33a8e2768eede616b33f.jpg,detr_object_crop,"{""method"": ""detr_object_crop"", ""label"": ""cup"", ""score"": 0.998950719833374, ""box"": [15, 13, 431, 594]}"
bb8cb34bb176e2e66030dc3a074aded10c71af27,sour,bing,,/Users/ivantyshchenko/Projects/Python/Neural-Beer/data/raw/bing/sour/berliner_weisse_style_sour_colorful_glass_-bottle_-can_-logo/000024.jpg,000024.jpg,716,943,2025-10-04T20:16:25Z,b0db0f6413b0cd5b,data/smart_cropped/bb8cb34bb176e2e66030dc3a074aded10c71af27.jpg,detr_object_crop,"{""method"": ""detr_object_crop"", ""label"": ""bottle"", ""score"": 0.9690194129943848, ""box"": [175, 297, 544, 876]}"
2b592ac216c9fc69a3e615ddc822b176bc06de0e,sour,bing,,/Users/ivantyshchenko/Projects/Python/Neural-Beer/data/raw/bing/sour/berliner_weisse_style_sour_colorful_glass_-bottle_-can_-logo/000038.jpg,000038.jpg,1795,1795,2025-10-04T20:16:25Z,93b97e806ec63e24,data/smart_cropped/2b592ac216c9fc69a3e615ddc822b176bc06de0e.jpg,detr_object_crop,"{""method"": ""detr_object_crop"", ""label"": ""bottle"", ""score"": 0.9985668063163757, ""box"": [0, 0, 1001, 1795]}"
952bed02aebec645d73586b18e41dd36952a210b,sour,bing,,/Users/ivantyshchenko/Projects/Python/Neural-Beer/data/raw/bing/sour/berliner_weisse_style_sour_colorful_glass_-bottle_-can_-logo/000039.jpg,000039.jpg,2400,1200,2025-10-04T20:16:25Z,b0cc92926d927d6d,data/smart_cropped/952bed02aebec645d73586b18e41dd36952a210b.jpg,detr_object_crop,"{""method"": ""detr_object_crop"", ""label"": ""wine glass"", ""score"": 0.9984299540519714, ""box"": [1296, 6, 2158, 1200]}"
c128aa4f92c5089ce005e4a7fcf3791351968838,sour,bing,,/Users/ivantyshchenko/Projects/Python/Neural-Beer/data/raw/bing/sour/berliner_weisse_style_sour_colorful_glass_-bottle_-can_-logo/000040.jpg,000040.jpg,863,1390,2025-10-04T20:16:25Z,978d55c268781e8f,data/smart_cropped/c128aa4f92c5089ce005e4a7fcf3791351968838.jpg,detr_object_crop,"{""method"": ""detr_object_crop"", ""label"": ""dining table"", ""score"": 0.8810703158378601, ""box"": [0, 0, 863, 1372]}"
2a5734afd7252714057f5610069e7ad5a8117025,sour,bing,,/Users/ivantyshchenko/Projects/Python/Neural-Beer/data/raw/bing/sour/berliner_weisse_style_sour_colorful_glass_-bottle_-can_-logo/000041.jpg,000041.jpg,1944,1296,2025-10-04T20:16:25Z,cfdd3034e431313b,data/smart_cropped/2a5734afd7252714057f5610069e7ad5a8117025.jpg,detr_object_crop,"{""method"": ""detr_object_crop"", ""label"": ""cup"", ""score"": 0.9919034838676453, ""box"": [302, 52, 1479, 1296]}"
279bcf1aee95e10b677d504d9fd948921e1f7ce9,sour,bing,,/Users/ivantyshchenko/Projects/Python/Neural-Beer/data/raw/bing/sour/berliner_weisse_style_sour_colorful_glass_-bottle_-can_-logo/000043.jpg,000043.jpg,720,540,2025-10-04T20:16:25Z,eeb549b0e35a94c2,data/smart_cropped/279bcf1aee95e10b677d504d9fd948921e1f7ce9.jpg,detr_object_crop,"{""method"": ""detr_object_crop"", ""label"": ""wine glass"", ""score"": 0.9976166486740112, ""box"": [0, 282, 179, 536]}"
1c91e76d93c777522af1ba2daa4dccac1c0acd21,sour,bing,,/Users/ivantyshchenko/Projects/Python/Neural-Beer/data/raw/bing/sour/berliner_weisse_style_sour_colorful_glass_-bottle_-can_-logo/000045.jpg,000045.jpg,1300,1005,2025-10-04T20:16:25Z,fec2009d7a3b92b1,data/smart_cropped/1c91e76d93c777522af1ba2daa4dccac1c0acd21.jpg,detr_object_crop,"{""method"": ""detr_object_crop"", ""label"": ""bottle"", ""score"": 0.9985982775688171, ""box"": [697, 0, 1092, 960]}"
30174283a0c5ac4b6a7fdc4ddfeb4e5825f6ef9c,sour,bing,,/Users/ivantyshchenko/Projects/Python/Neural-Beer/data/raw/bing/sour/berliner_weisse_style_sour_colorful_glass_-bottle_-can_-logo/000048.jpg,000048.jpg,600,528,2025-10-04T20:16:25Z,a520bf425b59575a,data/smart_cropped/30174283a0c5ac4b6a7fdc4ddfeb4e5825f6ef9c.jpg,detr_object_crop,"{""method"": ""detr_object_crop"", ""label"": ""wine glass"", ""score"": 0.9342867732048035, ""box"": [380, 0, 600, 528]}"
2e4e0c4f3d5ede6d45d02496c93c35ba511ddadd,sour,bing,,/Users/ivantyshchenko/Projects/Python/Neural-Beer/data/raw/bing/sour/berliner_weisse_style_sour_colorful_glass_-bottle_-can_-logo/000049.jpg,000049.jpg,600,800,2025-10-04T20:16:25Z,ea01d5972774c917,data/smart_cropped/2e4e0c4f3d5ede6d45d02496c93c35ba511ddadd.jpg,detr_object_crop,"{""method"": ""detr_object_crop"", ""label"": ""bottle"", ""score"": 0.999350368976593, ""box"": [275, 0, 591, 800]}"
a04f699e92a0e5297c4d4291ab1c23f50ee281c3,sour,bing,,/Users/ivantyshchenko/Projects/Python/Neural-Beer/data/raw/bing/sour/berliner_weisse_style_sour_colorful_glass_-bottle_-can_-logo/000050.jpg,000050.jpg,1367,2160,2025-10-04T20:16:25Z,bf38d0c3613cd433,data/smart_cropped/a04f699e92a0e5297c4d4291ab1c23f50ee281c3.jpg,detr_object_crop,"{""method"": ""detr_object_crop"", ""label"": ""bottle"", ""score"": 0.8944035172462463, ""box"": [59, 0, 1278, 2160]}"
7ed6478256bede9c2f4cc39a64543a42c018a463,sour,bing,,/Users/ivantyshchenko/Projects/Python/Neural-Beer/data/raw/bing/sour/berliner_weisse_style_sour_colorful_glass_-bottle_-can_-logo/000057.jpg,000057.jpg,2263,2160,2025-10-04T20:16:25Z,af2e9c2b199cd898,data/smart_cropped/7ed6478256bede9c2f4cc39a64543a42c018a463.jpg,center_square_fallback,"{""method"": ""center_square_fallback"", ""label"": null, ""score"": null, ""box"": [51, 0, 2211, 2160]}"
479e3a4fa2c80bdfb4df2398b62f7438e2011fa6,sour,bing,,/Users/ivantyshchenko/Projects/Python/Neural-Beer/data/raw/bing/sour/wild_ale_sour_rustic_tulip_teku_-bottle_-can_-logo/000032.jpg,000032.jpg,750,600,2025-10-04T20:17:06Z,8b2aecb0e29ab9d8,data/smart_cropped/479e3a4fa2c80bdfb4df2398b62f7438e2011fa6.jpg,detr_object_crop,"{""method"": ""detr_object_crop"", ""label"": ""apple"", ""score"": 0.8508910536766052, ""box"": [92, 485, 360, 600]}"
82611d41777643b7844058359bf5d0fa9c0f6e8d,sour,bing,,/Users/ivantyshchenko/Projects/Python/Neural-Beer/data/raw/bing/sour/wild_ale_sour_rustic_tulip_teku_-bottle_-can_-logo/000037.jpg,000037.jpg,2158,2544,2025-10-04T20:17:06Z,ea013f11fde690b2,data/smart_cropped/82611d41777643b7844058359bf5d0fa9c0f6e8d.jpg,detr_object_crop,"{""method"": ""detr_object_crop"", ""label"": ""bottle"", ""score"": 0.9982383251190186, ""box"": [832, 0, 2158, 2544]}"
17887ac983ff7a053e0ca7931519a6e291121e99,sour,bing,,/Users/ivantyshchenko/Projects/Python/Neural-Beer/data/raw/bing/sour/wild_ale_sour_rustic_tulip_teku_-bottle_-can_-logo/000049.jpg,000049.jpg,800,800,2025-10-04T20:17:06Z,c1dc6bfb482a5a54,data/smart_cropped/17887ac983ff7a053e0ca7931519a6e291121e99.jpg,detr_object_crop,"{""method"": ""detr_object_crop"", ""label"": ""potted plant"", ""score"": 0.8021326065063477, ""box"": [0, 27, 800, 800]}"
e2c393ec1f4de3e6c3503059facd637762d3713e,sour,bing,,/Users/ivantyshchenko/Projects/Python/Neural-Beer/data/raw/bing/sour/wild_ale_sour_rustic_tulip_teku_-bottle_-can_-logo/000051.jpg,000051.jpg,1300,959,2025-10-04T20:17:06Z,a2a95b1ee5c33709,data/smart_cropped/e2c393ec1f4de3e6c3503059facd637762d3713e.jpg,center_square_fallback,"{""method"": ""center_square_fallback"", ""label"": null, ""score"": null, ""box"": [170, 0, 1129, 959]}"
350fff0818e6fec44598be22b25c113b14b592b5,sour,bing,,/Users/ivantyshchenko/Projects/Python/Neural-Beer/data/raw/bing/sour/wild_ale_sour_rustic_tulip_teku_-bottle_-can_-logo/000052.jpg,000052.jpg,1300,959,2025-10-04T20:17:06Z,a45b538d55c759d0,data/smart_cropped/350fff0818e6fec44598be22b25c113b14b592b5.jpg,detr_object_crop,"{""method"": ""detr_object_crop"", ""label"": ""umbrella"", ""score"": 0.7973561882972717, ""box"": [0, 0, 1300, 953]}"
2dc25f01bd9d4878101c05a3ada9c187f4b73d81,sour,bing,,/Users/ivantyshchenko/Projects/Python/Neural-Beer/data/raw/bing/sour/wild_ale_sour_rustic_tulip_teku_-bottle_-can_-logo/000055.jpg,000055.jpg,827,960,2025-10-04T20:17:06Z,b59d484c2cb3739c,data/smart_cropped/2dc25f01bd9d4878101c05a3ada9c187f4b73d81.jpg,center_square_fallback,"{""method"": ""center_square_fallback"", ""label"": null, ""score"": null, ""box"": [0, 66, 827, 893]}"
55a1b2aa4fb2f50163da25a1fa53f4fed2d9c5c1,sour,bing,,/Users/ivantyshchenko/Projects/Python/Neural-Beer/data/raw/bing/sour/wild_ale_sour_rustic_tulip_teku_-bottle_-can_-logo/000059.jpg,000059.jpg,1000,612,2025-10-04T20:17:06Z,b26acc3079ce16d3,data/smart_cropped/55a1b2aa4fb2f50163da25a1fa53f4fed2d9c5c1.jpg,center_square_fallback,"{""method"": ""center_square_fallback"", ""label"": null, ""score"": null, ""box"": [194, 0, 806, 612]}"
cca361628786ff71a8b875e671ad4fef48af6d9c,lager,bing,,/Users/ivantyshchenko/Projects/Python/Neural-Beer/data/raw/bing/lager/lager_beer_in_glass_at_bar_-bottle_-can_-logo_-mockup_-illustration/000116.jpg,000116.jpg,942,1390,2025-10-05T08:54:01Z,eb9214e358e37893,data/smart_cropped/cca361628786ff71a8b875e671ad4fef48af6d9c.jpg,center_square_fallback,"{""method"": ""center_square_fallback"", ""label"": null, ""score"": null, ""box"": [0, 224, 942, 1166]}"
062ba561215fb0ea285002145c6e91b346244366,lager,bing,,/Users/ivantyshchenko/Projects/Python/Neural-Beer/data/raw/bing/lager/lager_beer_in_glass_at_bar_-bottle_-can_-logo_-mockup_-illustration/000120.jpg,000120.jpg,853,569,2025-10-05T08:54:01Z,d566e7b0664c5919,data/smart_cropped/062ba561215fb0ea285002145c6e91b346244366.jpg,detr_object_crop,"{""method"": ""detr_object_crop"", ""label"": ""wine glass"", ""score"": 0.9988683462142944, ""box"": [272, 264, 467, 534]}"
ecbd3cfa7ace07e31e1b7750d2a233c9160d69f8,lager,bing,,/Users/ivantyshchenko/Projects/Python/Neural-Beer/data/raw/bing/lager/lager_beer_in_glass_at_bar_-bottle_-can_-logo_-mockup_-illustration/000123.jpg,000123.jpg,1000,1278,2025-10-05T08:54:01Z,b2cf9930cc32cd33,data/smart_cropped/ecbd3cfa7ace07e31e1b7750d2a233c9160d69f8.jpg,center_square_fallback,"{""method"": ""center_square_fallback"", ""label"": null, ""score"": null, ""box"": [0, 139, 1000, 1139]}"
0316de74ff82715e9f7da61a66e98ded6fd92067,lager,bing,,/Users/ivantyshchenko/Projects/Python/Neural-Beer/data/raw/bing/lager/helles_lager_in_seidel_mug_pub_draft_-bottle_-can_-logo/000044.jpg,000044.jpg,600,600,2025-10-05T08:55:39Z,e63499c699cb998c,data/smart_cropped/0316de74ff82715e9f7da61a66e98ded6fd92067.jpg,center_square_fallback,"{""method"": ""center_square_fallback"", ""label"": null, ""score"": null, ""box"": [0, 0, 600, 600]}"
f0941fe0ae75447a1e1ed1c62a9aac7c174db59e,lager,bing,,/Users/ivantyshchenko/Projects/Python/Neural-Beer/data/raw/bing/lager/golden_lager_on_tap_pint_glass_foam_head_-bottle_-can_-logo/000073.jpg,000073.jpg,626,626,2025-10-05T08:56:44Z,d147e03133f00fcf,data/smart_cropped/f0941fe0ae75447a1e1ed1c62a9aac7c174db59e.jpg,detr_object_crop,"{""method"": ""detr_object_crop"", ""label"": ""cup"", ""score"": 0.9991436004638672, ""box"": [137, 66, 452, 588]}"
66773aaaaff11acb1a546a44a573f5effdc9096d,lager,bing,,/Users/ivantyshchenko/Projects/Python/Neural-Beer/data/raw/bing/lager/lager_beer_in_glass_at_bar_-bottle_-can_-logo_-mockup_-illustration/000127.jpg,000127.jpg,600,600,2025-10-05T08:57:08Z,c1b2ed06c396c93e,data/smart_cropped/66773aaaaff11acb1a546a44a573f5effdc9096d.jpg,detr_object_crop,"{""method"": ""detr_object_crop"", ""label"": ""bottle"", ""score"": 0.9946008920669556, ""box"": [0, 37, 164, 287]}"
7206dd1145590873b2572dd31e8a8f99ef683dd8,wheat,bing,,/Users/ivantyshchenko/Projects/Python/Neural-Beer/data/raw/bing/wheat/witbier_belgian_white_beer_tulip_glass_-bottle_-can_-logo/000017.jpg,000017.jpg,1000,1000,2025-10-05T09:00:18Z,9b1edbe9a5212331,data/smart_cropped/7206dd1145590873b2572dd31e8a8f99ef683dd8.jpg,detr_object_crop,"{""method"": ""detr_object_crop"", ""label"": ""wine glass"", ""score"": 0.9955418705940247, ""box"": [168, 0, 840, 1000]}"
3e9408a5163fd8f2dbd347cae27dad4f3216d1ec,wheat,bing,,/Users/ivantyshchenko/Projects/Python/Neural-Beer/data/raw/bing/wheat/witbier_belgian_white_beer_tulip_glass_-bottle_-can_-logo/000050.jpg,000050.jpg,665,665,2025-10-05T09:00:18Z,bc9b6599226d9334,data/smart_cropped/3e9408a5163fd8f2dbd347cae27dad4f3216d1ec.jpg,detr_object_crop,"{""method"": ""detr_object_crop"", ""label"": ""wine glass"", ""score"": 0.7147918939590454, ""box"": [126, 0, 540, 665]}"
df0674004699196a00372a5121eba0e047a40458,wheat,bing,,/Users/ivantyshchenko/Projects/Python/Neural-Beer/data/raw/bing/wheat/witbier_belgian_white_beer_tulip_glass_-bottle_-can_-logo/000051.jpg,000051.jpg,622,900,2025-10-05T09:00:18Z,e46dcc939a939b30,data/smart_cropped/df0674004699196a00372a5121eba0e047a40458.jpg,detr_object_crop,"{""method"": ""detr_object_crop"", ""label"": ""cup"", ""score"": 0.980058491230011, ""box"": [125, 0, 493, 900]}"
cc8fa777a091fd315f507fbb3cce9fcd1ccbbd9b,wheat,bing,,/Users/ivantyshchenko/Projects/Python/Neural-Beer/data/raw/bing/wheat/witbier_belgian_white_beer_tulip_glass_-bottle_-can_-logo/000063.jpg,000063.jpg,1262,1600,2025-10-05T09:00:18Z,bb31448e79f1309e,data/smart_cropped/cc8fa777a091fd315f507fbb3cce9fcd1ccbbd9b.jpg,detr_object_crop,"{""method"": ""detr_object_crop"", ""label"": ""wine glass"", ""score"": 0.9992350339889526, ""box"": [206, 130, 805, 996]}"
870ca1d646ad2bb3bafb864a0ccc6f6c570a79f9,wheat,bing,,/Users/ivantyshchenko/Projects/Python/Neural-Beer/data/raw/bing/wheat/dunkelweizen_dark_wheat_beer_tall_glass_-bottle_-can_-logo/000063.jpg,000063.jpg,600,900,2025-10-05T09:00:38Z,e99a960d67649a99,data/smart_cropped/870ca1d646ad2bb3bafb864a0ccc6f6c570a79f9.jpg,detr_object_crop,"{""method"": ""detr_object_crop"", ""label"": ""cup"", ""score"": 0.9591137170791626, ""box"": [217, 71, 570, 900]}"
8f54624e3a5840bb60e663b261af7d190ce10f9c,wheat,bing,,/Users/ivantyshchenko/Projects/Python/Neural-Beer/data/raw/bing/wheat/wheat_ale_hazy_golden_in_weizen_vase_-bottle_-can_-logo/000045.jpg,000045.jpg,600,600,2025-10-05T09:00:57Z,e730d81e82f5e760,data/smart_cropped/8f54624e3a5840bb60e663b261af7d190ce10f9c.jpg,detr_object_crop,"{""method"": ""detr_object_crop"", ""label"": ""scissors"", ""score"": 0.9298665523529053, ""box"": [164, 0, 497, 600]}"
66d2088668b85c12f839ab1afdf0da0faa5f0c0f,wheat,bing,,/Users/ivantyshchenko/Projects/Python/Neural-Beer/data/raw/bing/wheat/wheat_ale_hazy_golden_in_weizen_vase_-bottle_-can_-logo/000083.jpg,000083.jpg,626,626,2025-10-05T09:00:57Z,acbab26c8e330c9b,data/smart_cropped/66d2088668b85c12f839ab1afdf0da0faa5f0c0f.jpg,center_square_fallback,"{""method"": ""center_square_fallback"", ""label"": null, ""score"": null, ""box"": [0, 0, 626, 626]}"
59cbe5fc361924cf036804408b030e5e4d8d1650,ipa,bing,,/Users/ivantyshchenko/Projects/Python/Neural-Beer/data/raw/bing/ipa/ipa_beer_tulip_teku_glass_amber_hops_-bottle_-can_-logo_-mockup/000032.jpg,000032.jpg,1500,1000,2025-10-05T09:02:49Z,f8b887c505fcce05,data/smart_cropped/59cbe5fc361924cf036804408b030e5e4d8d1650.jpg,detr_object_crop,"{""method"": ""detr_object_crop"", ""label"": ""wine glass"", ""score"": 0.9963558912277222, ""box"": [0, 0, 361, 1000]}"
ca7b24499667a04b87fc51a27fe31d39d95f7dd9,ipa,bing,,/Users/ivantyshchenko/Projects/Python/Neural-Beer/data/raw/bing/ipa/ipa_beer_tulip_teku_glass_amber_hops_-bottle_-can_-logo_-mockup/000040.jpg,000040.jpg,1000,600,2025-10-05T09:02:49Z,9b1bd636e43c642c,data/smart_cropped/ca7b24499667a04b87fc51a27fe31d39d95f7dd9.jpg,detr_object_crop,"{""method"": ""detr_object_crop"", ""label"": ""wine glass"", ""score"": 0.9786499738693237, ""box"": [446, 0, 791, 600]}"
377e685fc9ccb87535c032508213786e3790e901,ipa,bing,,/Users/ivantyshchenko/Projects/Python/Neural-Beer/data/raw/bing/ipa/ipa_beer_tulip_teku_glass_amber_hops_-bottle_-can_-logo_-mockup/000068.jpg,000068.jpg,736,736,2025-10-05T09:02:49Z,9ac7cd33342dc6c8,data/smart_cropped/377e685fc9ccb87535c032508213786e3790e901.jpg,detr_object_crop,"{""method"": ""detr_object_crop"", ""label"": ""cup"", ""score"": 0.9981608986854553, ""box"": [40, 0, 488, 602]}"
9fcecd1ea0ca1e04e660c324e065381a1f3be4c6,ipa,bing,,/Users/ivantyshchenko/Projects/Python/Neural-Beer/data/raw/bing/ipa/west_coast_ipa_clear_golden_nonic_pint_-bottle_-can_-logo/000039.jpg,000039.jpg,1300,1300,2025-10-05T09:03:11Z,f99684c1963cd36c,data/smart_cropped/9fcecd1ea0ca1e04e660c324e065381a1f3be4c6.jpg,detr_object_crop,"{""method"": ""detr_object_crop"", ""label"": ""vase"", ""score"": 0.9819038510322571, ""box"": [69, 139, 740, 1166]}"
677e0406e6d13335aab8e1b3e6999efbaa1dd098,ipa,bing,,/Users/ivantyshchenko/Projects/Python/Neural-Beer/data/raw/bing/ipa/west_coast_ipa_clear_golden_nonic_pint_-bottle_-can_-logo/000060.jpg,000060.jpg,768,512,2025-10-05T09:03:11Z,c6cc69354ab61769,data/smart_cropped/677e0406e6d13335aab8e1b3e6999efbaa1dd098.jpg,detr_object_crop,"{""method"": ""detr_object_crop"", ""label"": ""cup"", ""score"": 0.9627647995948792, ""box"": [79, 0, 466, 512]}"
4d2f0dc61c607c091bec13795b36cd60950ec511,ipa,bing,,/Users/ivantyshchenko/Projects/Python/Neural-Beer/data/raw/bing/ipa/neipa_hazy_juicy_ipa_tulip_glass_-bottle_-can_-logo_-illustration/000062.jpg,000062.jpg,1140,761,2025-10-05T09:03:33Z,e7fd291dd5d29001,data/smart_cropped/4d2f0dc61c607c091bec13795b36cd60950ec511.jpg,detr_object_crop,"{""method"": ""detr_object_crop"", ""label"": ""wine glass"", ""score"": 0.9111353158950806, ""box"": [152, 152, 1044, 550]}"
4c3fdf16b86966abe80b0d2c166126e3035e5d9e,ipa,bing,,/Users/ivantyshchenko/Projects/Python/Neural-Beer/data/raw/bing/ipa/double_ipa_dipa_in_snifter_glass_bar_-bottle_-can_-logo/000042.jpg,000042.jpg,1280,720,2025-10-05T09:04:03Z,83964639936e6a6e,data/smart_cropped/4c3fdf16b86966abe80b0d2c166126e3035e5d9e.jpg,center_square_fallback,"{""method"": ""center_square_fallback"", ""label"": null, ""score"": null, ""box"": [280, 0, 1000, 720]}"
4d1104c8cc7cb5322f3e8a9dee6565378d7deaab,ipa,bing,,/Users/ivantyshchenko/Projects/Python/Neural-Beer/data/raw/bing/ipa/double_ipa_dipa_in_snifter_glass_bar_-bottle_-can_-logo/000044.jpg,000044.jpg,3120,3900,2025-10-05T09:04:03Z,ee97c9e8f482e448,data/smart_cropped/4d1104c8cc7cb5322f3e8a9dee6565378d7deaab.jpg,detr_object_crop,"{""method"": ""detr_object_crop"", ""label"": ""wine glass"", ""score"": 0.782667338848114, ""box"": [0, 0, 1868, 3900]}"
a2c866676ac9249e081a077be3ff1cb0b5b41a4c,ipa,bing,,/Users/ivantyshchenko/Projects/Python/Neural-Beer/data/raw/bing/ipa/double_ipa_dipa_in_snifter_glass_bar_-bottle_-can_-logo/000046.jpg,000046.jpg,655,683,2025-10-05T09:04:03Z,8b8282fcdf28d5b4,data/smart_cropped/a2c866676ac9249e081a077be3ff1cb0b5b41a4c.jpg,detr_object_crop,"{""method"": ""detr_object_crop"", ""label"": ""bottle"", ""score"": 0.9980810880661011, ""box"": [397, 0, 655, 683]}"
91946d93eaa63d5bce50f07617b03bd98ba1e07c,ipa,bing,,/Users/ivantyshchenko/Projects/Python/Neural-Beer/data/raw/bing/ipa/double_ipa_dipa_in_snifter_glass_bar_-bottle_-can_-logo/000049.jpg,000049.jpg,855,570,2025-10-05T09:04:03Z,b3999926cc66cc8e,data/smart_cropped/91946d93eaa63d5bce50f07617b03bd98ba1e07c.jpg,detr_object_crop,"{""method"": ""detr_object_crop"", ""label"": ""vase"", ""score"": 0.9837004542350769, ""box"": [280, 6, 577, 558]}"
6e267e19c22e9898fcaa49da8ffb31baac07b4e0,ipa,bing,,/Users/ivantyshchenko/Projects/Python/Neural-Beer/data/raw/bing/ipa/double_ipa_dipa_in_snifter_glass_bar_-bottle_-can_-logo/000050.jpg,000050.jpg,1280,720,2025-10-05T09:04:03Z,9ff8e0473407e499,data/smart_cropped/6e267e19c22e9898fcaa49da8ffb31baac07b4e0.jpg,detr_object_crop,"{""method"": ""detr_object_crop"", ""label"": ""wine glass"", ""score"": 0.9983853101730347, ""box"": [197, 0, 586, 720]}"
ce971d4656242b3eb072fe04565a5e775f5eba74,ipa,bing,,/Users/ivantyshchenko/Projects/Python/Neural-Beer/data/raw/bing/ipa/double_ipa_dipa_in_snifter_glass_bar_-bottle_-can_-logo/000055.jpg,000055.jpg,1242,2208,2025-10-05T09:04:03Z,f9cbccff0b8a40c0,data/smart_cropped/ce971d4656242b3eb072fe04565a5e775f5eba74.jpg,detr_object_crop,"{""method"": ""detr_object_crop"", ""label"": ""cup"", ""score"": 0.9988020658493042, ""box"": [439, 621, 1242, 1948]}"
b9389355542d6bc6a139cf7659c55b699c190005,ipa,bing,,/Users/ivantyshchenko/Projects/Python/Neural-Beer/data/raw/bing/ipa/double_ipa_dipa_in_snifter_glass_bar_-bottle_-can_-logo/000057.jpg,000057.jpg,2304,3456,2025-10-05T09:04:03Z,e956070f69b1cf18,data/smart_cropped/b9389355542d6bc6a139cf7659c55b699c190005.jpg,detr_object_crop,"{""method"": ""detr_object_crop"", ""label"": ""cup"", ""score"": 0.9990708827972412, ""box"": [480, 2009, 1322, 3456]}"
96d5f0fee4f122ab809ff2276360a2005aacc22a,ipa,bing,,/Users/ivantyshchenko/Projects/Python/Neural-Beer/data/raw/bing/ipa/session_ipa_light_crisp_shaker_pint_-bottle_-can_-logo/000036.jpg,000036.jpg,2000,2000,2025-10-05T09:04:30Z,b097e95c69a54ed0,data/smart_cropped/96d5f0fee4f122ab809ff2276360a2005aacc22a.jpg,detr_object_crop,"{""method"": ""detr_object_crop"", ""label"": ""cup"", ""score"": 0.9816256761550903, ""box"": [790, 170, 1692, 1573]}"
a81bb10144b62e718c35b27a570929abb0cd7c2a,ipa,bing,,/Users/ivantyshchenko/Projects/Python/Neural-Beer/data/raw/bing/ipa/session_ipa_light_crisp_shaker_pint_-bottle_-can_-logo/000051.jpg,000051.jpg,800,800,2025-10-05T09:04:30Z,e60fb918cd328c73,data/smart_cropped/a81bb10144b62e718c35b27a570929abb0cd7c2a.jpg,center_square_fallback,"{""method"": ""center_square_fallback"", ""label"": null, ""score"": null, ""box"": [0, 0, 800, 800]}"
9bb509270929f6e05f82aba848fdab18c31a20f0,ipa,bing,,/Users/ivantyshchenko/Projects/Python/Neural-Beer/data/raw/bing/ipa/session_ipa_light_crisp_shaker_pint_-bottle_-can_-logo/000056.jpg,000056.jpg,800,1024,2025-10-05T09:04:30Z,e4929b6d99668b92,data/smart_cropped/9bb509270929f6e05f82aba848fdab18c31a20f0.jpg,detr_object_crop,"{""method"": ""detr_object_crop"", ""label"": ""vase"", ""score"": 0.9874289631843567, ""box"": [175, 296, 637, 925]}"
73672cc778d2cab1535bcd7a98c3a5a6cb078653,ipa,bing,,/Users/ivantyshchenko/Projects/Python/Neural-Beer/data/raw/bing/ipa/double_ipa_dipa_in_snifter_glass_bar_-bottle_-can_-logo/000060.jpg,000060.jpg,750,688,2025-10-05T09:05:37Z,ebb5c03394c0374f,data/smart_cropped/73672cc778d2cab1535bcd7a98c3a5a6cb078653.jpg,center_square_fallback,"{""method"": ""center_square_fallback"", ""label"": null, ""score"": null, ""box"": [31, 0, 719, 688]}"
3a375632a26cf18a6bcedd036d8dfaf16f626364,ipa,bing,,/Users/ivantyshchenko/Projects/Python/Neural-Beer/data/raw/bing/ipa/session_ipa_light_crisp_shaker_pint_-bottle_-can_-logo/000059.jpg,000059.jpg,1000,1000,2025-10-05T09:05:57Z,e693996ccc3189e6,data/smart_cropped/3a375632a26cf18a6bcedd036d8dfaf16f626364.jpg,detr_object_crop,"{""method"": ""detr_object_crop"", ""label"": ""umbrella"", ""score"": 0.91460782289505, ""box"": [226, 24, 770, 978]}"
0d0b9c089fb3ed81a706fb41b4ba939f5421234c,stout,bing,,/Users/ivantyshchenko/Projects/Python/Neural-Beer/data/raw/bing/stout/imperial_stout_dark_in_snifter_pub_-bottle_-can_-logo/000006.jpg,000006.jpg,900,600,2025-10-05T09:07:11Z,cee8c89933a7330e,data/smart_cropped/0d0b9c089fb3ed81a706fb41b4ba939f5421234c.jpg,detr_object_crop,"{""method"": ""detr_object_crop"", ""label"": ""wine glass"", ""score"": 0.9983916878700256, ""box"": [288, 36, 580, 550]}"
ed9b09157c1c47c28a80ebaf3142e0a0f33488bc,stout,bing,,/Users/ivantyshchenko/Projects/Python/Neural-Beer/data/raw/bing/stout/imperial_stout_dark_in_snifter_pub_-bottle_-can_-logo/000056.jpg,000056.jpg,720,720,2025-10-05T09:07:11Z,b75b29843a696596,data/smart_cropped/ed9b09157c1c47c28a80ebaf3142e0a0f33488bc.jpg,detr_object_crop,"{""method"": ""detr_object_crop"", ""label"": ""bottle"", ""score"": 0.7622786164283752, ""box"": [18, 0, 327, 717]}"
f38e03776dc01376673e2f53d973f151d7893d83,stout,bing,,/Users/ivantyshchenko/Projects/Python/Neural-Beer/data/raw/bing/stout/dry_stout_guinness_style_pint_with_foam_-bottle_-can_-logo/000051.jpg,000051.jpg,600,840,2025-10-05T09:08:10Z,ec91c7729639c538,data/smart_cropped/f38e03776dc01376673e2f53d973f151d7893d83.jpg,detr_object_crop,"{""method"": ""detr_object_crop"", ""label"": ""bottle"", ""score"": 0.9990019202232361, ""box"": [249, 18, 532, 821]}"
fe404c977476b60ea8e0f92de744ed2eb5979cfa,stout,bing,,/Users/ivantyshchenko/Projects/Python/Neural-Beer/data/raw/bing/stout/dry_stout_guinness_style_pint_with_foam_-bottle_-can_-logo/000054.jpg,000054.jpg,1800,1800,2025-10-05T09:08:10Z,e7269a199ac99a66,data/smart_cropped/fe404c977476b60ea8e0f92de744ed2eb5979cfa.jpg,center_square_fallback,"{""method"": ""center_square_fallback"", ""label"": null, ""score"": null, ""box"": [0, 0, 1800, 1800]}"
230bd980033546425fb0ea00e1fa055eb06ec67a,stout,bing,,/Users/ivantyshchenko/Projects/Python/Neural-Beer/data/raw/bing/stout/imperial_stout_dark_in_snifter_pub_-bottle_-can_-logo/000031.jpg,000031.jpg,800,1000,2025-10-05T09:09:28Z,d92df62cd226d924,data/smart_cropped/230bd980033546425fb0ea00e1fa055eb06ec67a.jpg,detr_object_crop,"{""method"": ""detr_object_crop"", ""label"": ""bottle"", ""score"": 0.9994485974311829, ""box"": [228, 39, 570, 976]}"
39c4a94010eb199ce0e22be97a8525126fa5f6e9,stout,bing,,/Users/ivantyshchenko/Projects/Python/Neural-Beer/data/raw/bing/stout/milk_stout_nitro_cascading_pour_glass_-bottle_-can_-logo/000063.jpg,000063.jpg,600,800,2025-10-05T09:10:14Z,f986bfbdc6603300,data/smart_cropped/39c4a94010eb199ce0e22be97a8525126fa5f6e9.jpg,detr_object_crop,"{""method"": ""detr_object_crop"", ""label"": ""cup"", ""score"": 0.9984803795814514, ""box"": [20, 296, 358, 800]}"
50b36965fb2c7a3b8f7a444d7639810e0631f6fe,porter,bing,,/Users/ivantyshchenko/Projects/Python/Neural-Beer/data/raw/bing/porter/porter_beer_nonic_pint_ruby_highlights_-bottle_-can_-logo_-mockup/000037.jpg,000037.jpg,600,600,2025-10-05T09:11:16Z,e99e26219e659a66,data/smart_cropped/50b36965fb2c7a3b8f7a444d7639810e0631f6fe.jpg,detr_object_crop,"{""method"": ""detr_object_crop"", ""label"": ""cup"", ""score"": 0.9375839829444885, ""box"": [143, 26, 483, 570]}"
bcbb85846394a49de4fefb4057447bf91d064489,porter,bing,,/Users/ivantyshchenko/Projects/Python/Neural-Beer/data/raw/bing/porter/porter_beer_nonic_pint_ruby_highlights_-bottle_-can_-logo_-mockup/000056.jpg,000056.jpg,1000,1080,2025-10-05T09:11:16Z,fd8f708f308b208f,data/smart_cropped/bcbb85846394a49de4fefb4057447bf91d064489.jpg,center_square_fallback,"{""method"": ""center_square_fallback"", ""label"": null, ""score"": null, ""box"": [0, 40, 1000, 1040]}"
7b268d31f283e74dc389645a7b9a88c596c46473,porter,bing,,/Users/ivantyshchenko/Projects/Python/Neural-Beer/data/raw/bing/porter/brown_porter_in_pint_smooth_head_-bottle_-can_-logo/000038.jpg,000038.jpg,1280,720,2025-10-05T09:12:15Z,9ac9dfcc38b190cc,data/smart_cropped/7b268d31f283e74dc389645a7b9a88c596c46473.jpg,detr_object_crop,"{""method"": ""detr_object_crop"", ""label"": ""person"", ""score"": 0.9598973393440247, ""box"": [224, 0, 1025, 720]}"
03834f441ea81a0d2e79c93fb7b35dafe0ed5c66,porter,bing,,/Users/ivantyshchenko/Projects/Python/Neural-Beer/data/raw/bing/porter/brown_porter_in_pint_smooth_head_-bottle_-can_-logo/000061.jpg,000061.jpg,1000,562,2025-10-05T09:12:15Z,81fc03f01f790edc,data/smart_cropped/03834f441ea81a0d2e79c93fb7b35dafe0ed5c66.jpg,detr_object_crop,"{""method"": ""detr_object_crop"", ""label"": ""book"", ""score"": 0.9355214238166809, ""box"": [0, 0, 1000, 562]}"
f42add965445e9d22b02b85770548fb31318d772,porter,bing,,/Users/ivantyshchenko/Projects/Python/Neural-Beer/data/raw/bing/porter/brown_porter_in_pint_smooth_head_-bottle_-can_-logo/000024.jpg,000024.jpg,1920,1080,2025-10-05T09:14:14Z,ecd94996493594ae,data/smart_cropped/f42add965445e9d22b02b85770548fb31318d772.jpg,detr_object_crop,"{""method"": ""detr_object_crop"", ""label"": ""bottle"", ""score"": 0.9503628611564636, ""box"": [1095, 0, 1873, 1080]}"
86a000c49accbd6aa90a4aa4128e0c00189f9cd3,porter,bing,,/Users/ivantyshchenko/Projects/Python/Neural-Beer/data/raw/bing/porter/brown_porter_in_pint_smooth_head_-bottle_-can_-logo/000030.jpg,000030.jpg,1280,720,2025-10-05T09:14:14Z,aab2710f48f51f1a,data/smart_cropped/86a000c49accbd6aa90a4aa4128e0c00189f9cd3.jpg,detr_object_crop,"{""method"": ""detr_object_crop"", ""label"": ""cup"", ""score"": 0.9982082843780518, ""box"": [0, 68, 373, 658]}"
d9c10b61fa1b3f33951504c74f2e41d2b83ac5a0,porter,bing,,/Users/ivantyshchenko/Projects/Python/Neural-Beer/data/raw/bing/porter/brown_porter_in_pint_smooth_head_-bottle_-can_-logo/000032.jpg,000032.jpg,626,626,2025-10-05T09:14:14Z,c6cc1933333167ce,data/smart_cropped/d9c10b61fa1b3f33951504c74f2e41d2b83ac5a0.jpg,center_square_fallback,"{""method"": ""center_square_fallback"", ""label"": null, ""score"": null, ""box"": [0, 0, 626, 626]}"
66afb5380aa105bbbf0364be4cc306e86348dfb4,sour,bing,,/Users/ivantyshchenko/Projects/Python/Neural-Beer/data/raw/bing/sour/berliner_weisse_style_sour_colorful_glass_-bottle_-can_-logo/000007.jpg,000007.jpg,943,694,2025-10-05T09:17:13Z,c9b144d6bd693299,data/smart_cropped/66afb5380aa105bbbf0364be4cc306e86348dfb4.jpg,detr_object_crop,"{""method"": ""detr_object_crop"", ""label"": ""wine glass"", ""score"": 0.9986987113952637, ""box"": [48, 0, 548, 694]}"
9ca409555bd256af367ae57eb7af18174ea5ad2f,sour,bing,,/Users/ivantyshchenko/Projects/Python/Neural-Beer/data/raw/bing/sour/berliner_weisse_style_sour_colorful_glass_-bottle_-can_-logo/000028.jpg,000028.jpg,720,1080,2025-10-05T09:17:13Z,c2bcd926f41186fa,data/smart_cropped/9ca409555bd256af367ae57eb7af18174ea5ad2f.jpg,detr_object_crop,"{""method"": ""detr_object_crop"", ""label"": ""wine glass"", ""score"": 0.997099757194519, ""box"": [442, 31, 691, 333]}"
e7c225e7e0ac6706d234b4e77ec42ab9e0ddb53d,sour,bing,,/Users/ivantyshchenko/Projects/Python/Neural-Beer/data/raw/bing/sour/kettle_sour_golden_in_goblet_foam_-bottle_-can_-logo/000091.jpg,000091.jpg,1470,980,2025-10-05T09:18:42Z,90d36f2c90d37b4c,data/smart_cropped/e7c225e7e0ac6706d234b4e77ec42ab9e0ddb53d.jpg,detr_object_crop,"{""method"": ""detr_object_crop"", ""label"": ""sink"", ""score"": 0.915270984172821, ""box"": [74, 232, 1331, 729]}"
df9618ec171441abbed90ff06ba6fe3dbd5a7a06,sour,bing,,/Users/ivantyshchenko/Projects/Python/Neural-Beer/data/raw/bing/sour/berliner_weisse_style_sour_colorful_glass_-bottle_-can_-logo/000068.jpg,000068.jpg,2736,3648,2025-10-05T09:19:35Z,edc4933b1aac8693,data/smart_cropped/df9618ec171441abbed90ff06ba6fe3dbd5a7a06.jpg,detr_object_crop,"{""method"": ""detr_object_crop"", ""label"": ""bottle"", ""score"": 0.9987310767173767, ""box"": [1165, 0, 2357, 3295]}"
